ISO-10303-21;
HEADER;
/* Generated by software containing ST-Developer
 * from STEP Tools, Inc. (www.steptools.com) 
 */

FILE_DESCRIPTION(
/* description */ (''),
/* implementation_level */ '2;1');

FILE_NAME(
/* name */ 'Center_Leg.step',
/* time_stamp */ '2026-09-28T17:40:00+03:00',
/* author */ (''),
/* organization */ (''),
/* preprocessor_version */ 'ST-DEVELOPER v20.2',
/* originating_system */ 'Autodesk Translation Framework v15.15.0.0',
/* authorisation */ '');

FILE_SCHEMA (('AUTOMOTIVE_DESIGN { 1 0 10303 214 3 1 1 }'));
ENDSEC;

DATA;
#10=MECHANICAL_DESIGN_GEOMETRIC_PRESENTATION_REPRESENTATION('',(#62,#63,
#64,#65,#66,#67,#68,#69,#70),#9769);
#11=CONTEXT_DEPENDENT_OVER_RIDING_STYLED_ITEM('',(#9842),#9804,#70,(#33,
#32));
#12=CONTEXT_DEPENDENT_OVER_RIDING_STYLED_ITEM('',(#9842),#9799,#70,(#33,
#29));
#13=CONTEXT_DEPENDENT_OVER_RIDING_STYLED_ITEM('',(#9842),#9802,#70,(#33,
#30));
#14=CONTEXT_DEPENDENT_OVER_RIDING_STYLED_ITEM('',(#9842),#9803,#70,(#33,
#31));
#15=MAPPED_ITEM('',#16,#6111);
#16=REPRESENTATION_MAP(#6111,#9797);
#17=SPHERICAL_SURFACE('',#5904,15.3);
#18=SPHERICAL_SURFACE('',#5962,15.3);
#19=SPHERICAL_SURFACE('',#6104,15.);
#20=ITEM_DEFINED_TRANSFORMATION($,$,#5634,#5796);
#21=ITEM_DEFINED_TRANSFORMATION($,$,#5674,#5797);
#22=ITEM_DEFINED_TRANSFORMATION($,$,#5633,#6106);
#23=ITEM_DEFINED_TRANSFORMATION($,$,#5798,#6107);
#24=ITEM_DEFINED_TRANSFORMATION($,$,#5968,#6108);
#25=ITEM_DEFINED_TRANSFORMATION($,$,#6036,#6109);
#26=ITEM_DEFINED_TRANSFORMATION($,$,#5632,#6110);
#27=(
REPRESENTATION_RELATIONSHIP($,$,#9800,#9799)
REPRESENTATION_RELATIONSHIP_WITH_TRANSFORMATION(#20)
SHAPE_REPRESENTATION_RELATIONSHIP()
);
#28=(
REPRESENTATION_RELATIONSHIP($,$,#9801,#9799)
REPRESENTATION_RELATIONSHIP_WITH_TRANSFORMATION(#21)
SHAPE_REPRESENTATION_RELATIONSHIP()
);
#29=(
REPRESENTATION_RELATIONSHIP($,$,#9799,#9798)
REPRESENTATION_RELATIONSHIP_WITH_TRANSFORMATION(#22)
SHAPE_REPRESENTATION_RELATIONSHIP()
);
#30=(
REPRESENTATION_RELATIONSHIP($,$,#9802,#9798)
REPRESENTATION_RELATIONSHIP_WITH_TRANSFORMATION(#23)
SHAPE_REPRESENTATION_RELATIONSHIP()
);
#31=(
REPRESENTATION_RELATIONSHIP($,$,#9803,#9798)
REPRESENTATION_RELATIONSHIP_WITH_TRANSFORMATION(#24)
SHAPE_REPRESENTATION_RELATIONSHIP()
);
#32=(
REPRESENTATION_RELATIONSHIP($,$,#9804,#9798)
REPRESENTATION_RELATIONSHIP_WITH_TRANSFORMATION(#25)
SHAPE_REPRESENTATION_RELATIONSHIP()
);
#33=(
REPRESENTATION_RELATIONSHIP($,$,#9798,#9797)
REPRESENTATION_RELATIONSHIP_WITH_TRANSFORMATION(#26)
SHAPE_REPRESENTATION_RELATIONSHIP()
);
#34=CONTEXT_DEPENDENT_SHAPE_REPRESENTATION(#27,#9787);
#35=CONTEXT_DEPENDENT_SHAPE_REPRESENTATION(#28,#9788);
#36=CONTEXT_DEPENDENT_SHAPE_REPRESENTATION(#29,#9792);
#37=CONTEXT_DEPENDENT_SHAPE_REPRESENTATION(#30,#9793);
#38=CONTEXT_DEPENDENT_SHAPE_REPRESENTATION(#31,#9794);
#39=CONTEXT_DEPENDENT_SHAPE_REPRESENTATION(#32,#9795);
#40=CONTEXT_DEPENDENT_SHAPE_REPRESENTATION(#33,#9796);
#41=NEXT_ASSEMBLY_USAGE_OCCURRENCE('center ankle (side panel1):1',
'center ankle (side panel1):1','center ankle (side panel1):1',#9808,#9809,
'center ankle (side panel1):1');
#42=NEXT_ASSEMBLY_USAGE_OCCURRENCE('center ankle (side panel2):1',
'center ankle (side panel2):1','center ankle (side panel2):1',#9808,#9810,
'center ankle (side panel2):1');
#43=NEXT_ASSEMBLY_USAGE_OCCURRENCE('center ankle (new) component:1',
'center ankle (new) component:1','center ankle (new) component:1',#9807,
#9808,'center ankle (new) component:1');
#44=NEXT_ASSEMBLY_USAGE_OCCURRENCE('center foot component:1',
'center foot component:1','center foot component:1',#9807,#9811,
'center foot component:1');
#45=NEXT_ASSEMBLY_USAGE_OCCURRENCE('center foot panel 2:1',
'center foot panel 2:1','center foot panel 2:1',#9807,#9812,
'center foot panel 2:1');
#46=NEXT_ASSEMBLY_USAGE_OCCURRENCE(' center foot panel 1:1',
' center foot panel 1:1',' center foot panel 1:1',#9807,#9813,
' center foot panel 1:1');
#47=NEXT_ASSEMBLY_USAGE_OCCURRENCE('Stardance projekt:1',
'Stardance projekt:1','Stardance projekt:1',#9806,#9807,
'Stardance projekt:1');
#48=SHAPE_REPRESENTATION_RELATIONSHIP('SRR','None',#9800,#55);
#49=SHAPE_REPRESENTATION_RELATIONSHIP('SRR','None',#9801,#56);
#50=SHAPE_REPRESENTATION_RELATIONSHIP('SRR','None',#9799,#57);
#51=SHAPE_REPRESENTATION_RELATIONSHIP('SRR','None',#9802,#58);
#52=SHAPE_REPRESENTATION_RELATIONSHIP('SRR','None',#9803,#59);
#53=SHAPE_REPRESENTATION_RELATIONSHIP('SRR','None',#9804,#60);
#54=SHAPE_REPRESENTATION_RELATIONSHIP('SRR','None',#9798,#61);
#55=ADVANCED_BREP_SHAPE_REPRESENTATION('',(#71),#9764);
#56=ADVANCED_BREP_SHAPE_REPRESENTATION('',(#72),#9765);
#57=ADVANCED_BREP_SHAPE_REPRESENTATION('',(#73),#9763);
#58=ADVANCED_BREP_SHAPE_REPRESENTATION('',(#74,#75),#9766);
#59=ADVANCED_BREP_SHAPE_REPRESENTATION('',(#76),#9767);
#60=ADVANCED_BREP_SHAPE_REPRESENTATION('',(#77),#9768);
#61=ADVANCED_BREP_SHAPE_REPRESENTATION('',(#78),#9762);
#62=STYLED_ITEM('',(#9842),#71);
#63=STYLED_ITEM('',(#9842),#72);
#64=STYLED_ITEM('',(#9842),#73);
#65=STYLED_ITEM('',(#9842),#74);
#66=STYLED_ITEM('',(#9842),#75);
#67=STYLED_ITEM('',(#9842),#76);
#68=STYLED_ITEM('',(#9842),#77);
#69=STYLED_ITEM('',(#9841),#78);
#70=STYLED_ITEM('',(#9846),#15);
#71=MANIFOLD_SOLID_BREP('center ankle (side panel1)',#5567);
#72=MANIFOLD_SOLID_BREP('center ankle (side panel2)',#5568);
#73=MANIFOLD_SOLID_BREP('center ankle (main)',#5569);
#74=MANIFOLD_SOLID_BREP('center foot',#5570);
#75=MANIFOLD_SOLID_BREP('center foot (bottom panel)',#5571);
#76=MANIFOLD_SOLID_BREP('center foot panel 2',#5572);
#77=MANIFOLD_SOLID_BREP(' center foot panel 1',#5573);
#78=MANIFOLD_SOLID_BREP('Sphere',#5574);
#79=FACE_BOUND('',#1748,.T.);
#80=FACE_BOUND('',#1749,.T.);
#81=FACE_BOUND('',#1750,.T.);
#82=FACE_BOUND('',#1751,.T.);
#83=FACE_BOUND('',#1770,.T.);
#84=FACE_BOUND('',#1771,.T.);
#85=FACE_BOUND('',#1788,.T.);
#86=FACE_BOUND('',#1795,.T.);
#87=FACE_BOUND('',#1800,.T.);
#88=FACE_BOUND('',#1801,.T.);
#89=FACE_BOUND('',#1811,.T.);
#90=FACE_BOUND('',#1812,.T.);
#91=FACE_BOUND('',#1814,.T.);
#92=FACE_BOUND('',#1825,.T.);
#93=FACE_BOUND('',#1842,.T.);
#94=FACE_BOUND('',#1849,.T.);
#95=FACE_BOUND('',#1874,.T.);
#96=FACE_BOUND('',#1875,.T.);
#97=FACE_BOUND('',#1876,.T.);
#98=FACE_BOUND('',#1877,.T.);
#99=FACE_BOUND('',#1878,.T.);
#100=FACE_BOUND('',#1879,.T.);
#101=FACE_BOUND('',#1880,.T.);
#102=FACE_BOUND('',#1887,.T.);
#103=FACE_BOUND('',#1890,.T.);
#104=FACE_BOUND('',#1893,.T.);
#105=FACE_BOUND('',#1894,.T.);
#106=FACE_BOUND('',#1895,.T.);
#107=FACE_BOUND('',#1896,.T.);
#108=FACE_BOUND('',#1897,.T.);
#109=FACE_BOUND('',#1898,.T.);
#110=FACE_BOUND('',#1899,.T.);
#111=FACE_BOUND('',#1901,.T.);
#112=FACE_BOUND('',#1907,.T.);
#113=FACE_BOUND('',#1940,.T.);
#114=FACE_BOUND('',#1941,.T.);
#115=FACE_BOUND('',#1942,.T.);
#116=FACE_BOUND('',#1943,.T.);
#117=FACE_BOUND('',#1944,.T.);
#118=FACE_BOUND('',#1949,.T.);
#119=FACE_BOUND('',#1955,.T.);
#120=FACE_BOUND('',#1961,.T.);
#121=FACE_BOUND('',#1967,.T.);
#122=FACE_BOUND('',#1971,.T.);
#123=FACE_BOUND('',#1974,.T.);
#124=FACE_BOUND('',#1977,.T.);
#125=FACE_BOUND('',#1980,.T.);
#126=FACE_BOUND('',#1986,.T.);
#127=FACE_BOUND('',#1987,.T.);
#128=FACE_BOUND('',#1988,.T.);
#129=FACE_BOUND('',#1989,.T.);
#130=FACE_BOUND('',#1990,.T.);
#131=FACE_BOUND('',#1995,.T.);
#132=FACE_BOUND('',#1996,.T.);
#133=FACE_BOUND('',#1997,.T.);
#134=FACE_BOUND('',#1998,.T.);
#135=FACE_BOUND('',#1999,.T.);
#136=FACE_BOUND('',#2011,.T.);
#137=FACE_BOUND('',#2012,.T.);
#138=FACE_BOUND('',#2013,.T.);
#139=FACE_BOUND('',#2014,.T.);
#140=FACE_BOUND('',#2019,.T.);
#141=FACE_BOUND('',#2020,.T.);
#142=FACE_BOUND('',#2027,.T.);
#143=FACE_BOUND('',#2029,.T.);
#144=FACE_BOUND('',#2060,.T.);
#145=FACE_BOUND('',#2061,.T.);
#146=FACE_BOUND('',#2062,.T.);
#147=FACE_BOUND('',#2063,.T.);
#148=FACE_BOUND('',#2086,.T.);
#149=FACE_BOUND('',#2088,.T.);
#150=FACE_BOUND('',#2095,.T.);
#151=FACE_BOUND('',#2096,.T.);
#152=ELLIPSE('',#5648,7.50000895043145,7.5);
#153=ELLIPSE('',#5655,7.50000895043145,7.5);
#154=ELLIPSE('',#5656,7.50000895043145,7.5);
#155=ELLIPSE('',#5688,7.50000895043145,7.5);
#156=ELLIPSE('',#5689,7.50000895043145,7.5);
#157=ELLIPSE('',#5690,7.50000895043145,7.5);
#158=ELLIPSE('',#5824,6.25096682736458,5.74999999999999);
#159=ELLIPSE('',#5825,6.25096682736458,5.74999999999999);
#160=ELLIPSE('',#5826,6.25096682736458,5.74999999999999);
#161=ELLIPSE('',#5827,6.25096682736458,5.74999999999999);
#162=ELLIPSE('',#5828,6.25096682736458,5.74999999999999);
#163=ELLIPSE('',#5829,6.25096682736458,5.74999999999999);
#164=ELLIPSE('',#5846,6.25096682736459,5.74999999999999);
#165=ELLIPSE('',#5847,6.25096682736459,5.74999999999999);
#166=ELLIPSE('',#6031,33.0150250215697,32.6341492911208);
#167=ELLIPSE('',#6058,33.0150250215697,32.6341492911208);
#168=(
BOUNDED_SURFACE()
B_SPLINE_SURFACE(1,2,((#7720,#7721,#7722),(#7723,#7724,#7725)),
 .UNSPECIFIED.,.F.,.F.,.F.)
B_SPLINE_SURFACE_WITH_KNOTS((2,2),(3,3),(-1.75361737910498E-11,0.196899794780253),
(-1.57079632677343,-0.949171555095278),.UNSPECIFIED.)
GEOMETRIC_REPRESENTATION_ITEM()
RATIONAL_B_SPLINE_SURFACE(((1.,0.952085430340505,1.),(1.,0.952085430340505,
1.)))
REPRESENTATION_ITEM('')
SURFACE()
);
#169=(
BOUNDED_SURFACE()
B_SPLINE_SURFACE(1,2,((#7832,#7833,#7834),(#7835,#7836,#7837)),
 .UNSPECIFIED.,.F.,.F.,.F.)
B_SPLINE_SURFACE_WITH_KNOTS((2,2),(3,3),(-1.65793107154711E-14,0.190072682584091),
(0.949171555095277,1.57079632677343),.UNSPECIFIED.)
GEOMETRIC_REPRESENTATION_ITEM()
RATIONAL_B_SPLINE_SURFACE(((1.,0.952085430340505,1.),(1.,0.952085430340505,
1.)))
REPRESENTATION_ITEM('')
SURFACE()
);
#170=(
BOUNDED_SURFACE()
B_SPLINE_SURFACE(1,2,((#8084,#8085,#8086),(#8087,#8088,#8089)),
 .UNSPECIFIED.,.F.,.F.,.F.)
B_SPLINE_SURFACE_WITH_KNOTS((2,2),(3,3),(-1.89477836748242E-14,0.190072682584092),
(-1.57079632677343,-0.949171555095277),.UNSPECIFIED.)
GEOMETRIC_REPRESENTATION_ITEM()
RATIONAL_B_SPLINE_SURFACE(((1.,0.952085430340505,1.),(1.,0.952085430340505,
1.)))
REPRESENTATION_ITEM('')
SURFACE()
);
#171=(
BOUNDED_SURFACE()
B_SPLINE_SURFACE(1,2,((#8112,#8113,#8114),(#8115,#8116,#8117)),
 .UNSPECIFIED.,.F.,.F.,.F.)
B_SPLINE_SURFACE_WITH_KNOTS((2,2),(3,3),(0.,0.193002202938587),(0.949171555090308,
1.57079632677344),.UNSPECIFIED.)
GEOMETRIC_REPRESENTATION_ITEM()
RATIONAL_B_SPLINE_SURFACE(((1.,0.952085430339744,1.),(1.,0.952085430339744,
1.)))
REPRESENTATION_ITEM('')
SURFACE()
);
#172=(
BOUNDED_SURFACE()
B_SPLINE_SURFACE(5,1,((#8770,#8771),(#8772,#8773),(#8774,#8775),(#8776,
#8777),(#8778,#8779),(#8780,#8781),(#8782,#8783),(#8784,#8785),(#8786,#8787),
(#8788,#8789),(#8790,#8791),(#8792,#8793),(#8794,#8795),(#8796,#8797),(#8798,
#8799)),.UNSPECIFIED.,.F.,.F.,.F.)
B_SPLINE_SURFACE_WITH_KNOTS((6,1,1,1,1,1,1,1,1,1,6),(2,2),(-1.,-0.9,-0.8,
-0.7,-0.6,-0.5,-0.4,-0.3,-0.2,-0.1,0.),(0.,0.96),.UNSPECIFIED.)
GEOMETRIC_REPRESENTATION_ITEM()
RATIONAL_B_SPLINE_SURFACE(((1.,1.),(1.,1.),(1.,1.),(1.,1.),(1.,1.),(1.,
1.),(1.,1.),(1.,1.),(1.,1.),(1.,1.),(1.,1.),(1.,1.),(1.,1.),(1.,1.),(1.,
1.)))
REPRESENTATION_ITEM('')
SURFACE()
);
#173=(
BOUNDED_SURFACE()
B_SPLINE_SURFACE(5,1,((#8810,#8811),(#8812,#8813),(#8814,#8815),(#8816,
#8817),(#8818,#8819),(#8820,#8821),(#8822,#8823),(#8824,#8825),(#8826,#8827),
(#8828,#8829),(#8830,#8831),(#8832,#8833),(#8834,#8835),(#8836,#8837),(#8838,
#8839)),.UNSPECIFIED.,.F.,.F.,.F.)
B_SPLINE_SURFACE_WITH_KNOTS((6,1,1,1,1,1,1,1,1,1,6),(2,2),(-1.,-0.9,-0.8,
-0.7,-0.6,-0.5,-0.4,-0.3,-0.2,-0.1,0.),(0.,0.96),.UNSPECIFIED.)
GEOMETRIC_REPRESENTATION_ITEM()
RATIONAL_B_SPLINE_SURFACE(((1.,1.),(1.,1.),(1.,1.),(1.,1.),(1.,1.),(1.,
1.),(1.,1.),(1.,1.),(1.,1.),(1.,1.),(1.,1.),(1.,1.),(1.,1.),(1.,1.),(1.,
1.)))
REPRESENTATION_ITEM('')
SURFACE()
);
#174=(
BOUNDED_CURVE()
B_SPLINE_CURVE(2,(#7692,#7693,#7694),.UNSPECIFIED.,.F.,.F.)
B_SPLINE_CURVE_WITH_KNOTS((3,3),(0.,0.00672020438628071),.UNSPECIFIED.)
CURVE()
GEOMETRIC_REPRESENTATION_ITEM()
RATIONAL_B_SPLINE_CURVE((1.,0.999993855170329,0.999998434343359))
REPRESENTATION_ITEM('')
);
#175=(
BOUNDED_CURVE()
B_SPLINE_CURVE(5,(#8579,#8580,#8581,#8582,#8583,#8584,#8585,#8586,#8587,
#8588,#8589),.UNSPECIFIED.,.F.,.F.)
B_SPLINE_CURVE_WITH_KNOTS((6,1,1,1,1,1,6),(-0.500179924517781,-0.5,-0.4,
-0.3,-0.2,-0.1,0.),.UNSPECIFIED.)
CURVE()
GEOMETRIC_REPRESENTATION_ITEM()
RATIONAL_B_SPLINE_CURVE((1.,1.,1.,1.,1.,1.,1.,1.,1.,1.,1.))
REPRESENTATION_ITEM('')
);
#176=(
BOUNDED_CURVE()
B_SPLINE_CURVE(5,(#8591,#8592,#8593,#8594,#8595,#8596,#8597,#8598,#8599,
#8600,#8601),.UNSPECIFIED.,.F.,.F.)
B_SPLINE_CURVE_WITH_KNOTS((6,1,1,1,1,1,6),(-0.500179924517481,-0.5,-0.4,
-0.3,-0.2,-0.1,0.),.UNSPECIFIED.)
CURVE()
GEOMETRIC_REPRESENTATION_ITEM()
RATIONAL_B_SPLINE_CURVE((1.,1.,1.,1.,1.,1.,1.,1.,1.,1.,1.))
REPRESENTATION_ITEM('')
);
#177=(
BOUNDED_CURVE()
B_SPLINE_CURVE(5,(#8720,#8721,#8722,#8723,#8724,#8725,#8726,#8727,#8728,
#8729,#8730),.UNSPECIFIED.,.F.,.F.)
B_SPLINE_CURVE_WITH_KNOTS((6,1,1,1,1,1,6),(0.,0.1,0.2,0.3,0.4,0.5,0.500179924518081),
 .UNSPECIFIED.)
CURVE()
GEOMETRIC_REPRESENTATION_ITEM()
RATIONAL_B_SPLINE_CURVE((1.,1.,1.,1.,1.,1.,1.,1.,1.,1.,1.))
REPRESENTATION_ITEM('')
);
#178=(
BOUNDED_CURVE()
B_SPLINE_CURVE(5,(#8731,#8732,#8733,#8734,#8735,#8736,#8737,#8738,#8739,
#8740,#8741),.UNSPECIFIED.,.F.,.F.)
B_SPLINE_CURVE_WITH_KNOTS((6,1,1,1,1,1,6),(0.,0.1,0.2,0.3,0.4,0.5,0.500179924517781),
 .UNSPECIFIED.)
CURVE()
GEOMETRIC_REPRESENTATION_ITEM()
RATIONAL_B_SPLINE_CURVE((1.,1.,1.,1.,1.,1.,1.,1.,1.,1.,1.))
REPRESENTATION_ITEM('')
);
#179=B_SPLINE_CURVE_WITH_KNOTS('',3,(#7654,#7655,#7656,#7657,#7658,#7659,
#7660,#7661,#7662,#7663,#7664,#7665,#7666,#7667,#7668,#7669),
 .UNSPECIFIED.,.F.,.F.,(4,3,3,3,3,4),(0.,0.00189197641186892,0.00472637137409366,
0.0108757161838569,0.0258665237375142,0.0671738729756423),.UNSPECIFIED.);
#180=B_SPLINE_CURVE_WITH_KNOTS('',3,(#7673,#7674,#7675,#7676),
 .UNSPECIFIED.,.F.,.F.,(4,4),(5.61388332513261,5.6219277426224),
 .UNSPECIFIED.);
#181=B_SPLINE_CURVE_WITH_KNOTS('',3,(#7679,#7680,#7681,#7682),
 .UNSPECIFIED.,.F.,.F.,(4,4),(0.0341210458365603,0.0853486051547256),
 .UNSPECIFIED.);
#182=B_SPLINE_CURVE_WITH_KNOTS('',3,(#7688,#7689,#7690,#7691),
 .UNSPECIFIED.,.F.,.F.,(4,4),(1.92358702363805,1.92429642374343),
 .UNSPECIFIED.);
#183=B_SPLINE_CURVE_WITH_KNOTS('',3,(#7705,#7706,#7707,#7708),
 .UNSPECIFIED.,.F.,.F.,(4,4),(0.,2.83166728705559),.UNSPECIFIED.);
#184=B_SPLINE_CURVE_WITH_KNOTS('',3,(#7711,#7712,#7713,#7714,#7715,#7716),
 .UNSPECIFIED.,.F.,.F.,(4,2,4),(1.98015914434365,2.27505872100776,2.40347749722234),
 .UNSPECIFIED.);
#185=B_SPLINE_CURVE_WITH_KNOTS('',3,(#7768,#7769,#7770,#7771,#7772,#7773,
#7774,#7775,#7776,#7777,#7778,#7779,#7780,#7781),.UNSPECIFIED.,.F.,.F.,
(4,2,2,2,2,2,4),(-4.05877550836708,-3.41475613085953,-2.97888630788491,
-2.62031600053997,-2.25944958450632,-1.56300844108974,0.),.UNSPECIFIED.);
#186=B_SPLINE_CURVE_WITH_KNOTS('',3,(#7783,#7784,#7785,#7786,#7787,#7788,
#7789,#7790,#7791,#7792,#7793,#7794,#7795,#7796,#7797,#7798,#7799,#7800,
#7801),.UNSPECIFIED.,.F.,.F.,(4,3,3,3,3,3,4),(-0.999634511944631,-0.967456773084756,
-0.720365580098872,-0.542244402116088,-0.346255489392847,-0.184860188464261,
0.),.UNSPECIFIED.);
#187=B_SPLINE_CURVE_WITH_KNOTS('',1,(#7803,#7804),.UNSPECIFIED.,.F.,.F.,
(2,2),(-0.16,2.66987245661774),.UNSPECIFIED.);
#188=B_SPLINE_CURVE_WITH_KNOTS('',3,(#7840,#7841,#7842,#7843,#7844,#7845,
#7846,#7847),.UNSPECIFIED.,.F.,.F.,(4,2,2,4),(1.51730328860288,1.73719987689861,
1.88286927493212,1.98795596808466),.UNSPECIFIED.);
#189=B_SPLINE_CURVE_WITH_KNOTS('',3,(#7942,#7943,#7944,#7945,#7946,#7947,
#7948,#7949,#7950,#7951,#7952,#7953,#7954),.UNSPECIFIED.,.F.,.F.,(4,3,3,
3,4),(0.0190752086871397,0.0253461364179122,0.0808623212984681,0.0841228925479794,
0.0862514346219385),.UNSPECIFIED.);
#190=B_SPLINE_CURVE_WITH_KNOTS('',3,(#7956,#7957,#7958,#7959,#7960,#7961,
#7962,#7963,#7964,#7965,#7966,#7967),.UNSPECIFIED.,.F.,.F.,(4,2,2,2,2,4),
(0.00194405455528463,0.00244158752669705,0.00343591509327772,0.00495492716801158,
0.0115878029097564,0.0566282833442191),.UNSPECIFIED.);
#191=B_SPLINE_CURVE_WITH_KNOTS('',3,(#7971,#7972,#7973,#7974),
 .UNSPECIFIED.,.F.,.F.,(4,4),(5.61388332513261,5.6219277426224),
 .UNSPECIFIED.);
#192=B_SPLINE_CURVE_WITH_KNOTS('',3,(#7978,#7979,#7980,#7981),
 .UNSPECIFIED.,.F.,.F.,(4,4),(0.,2.83166728705559),.UNSPECIFIED.);
#193=B_SPLINE_CURVE_WITH_KNOTS('',3,(#8001,#8002,#8003,#8004,#8005,#8006,
#8007,#8008,#8009,#8010,#8011,#8012,#8013,#8014,#8015,#8016,#8017,#8018,
#8019),.UNSPECIFIED.,.F.,.F.,(4,3,3,3,3,3,4),(-0.999634511944631,-0.967456773084756,
-0.720365580098872,-0.542244402116088,-0.346255489392847,-0.184860188464261,
0.),.UNSPECIFIED.);
#194=B_SPLINE_CURVE_WITH_KNOTS('',3,(#8059,#8060,#8061,#8062,#8063,#8064,
#8065,#8066,#8067,#8068,#8069,#8070,#8071,#8072),.UNSPECIFIED.,.F.,.F.,
(4,2,2,2,2,2,4),(-4.05877550836708,-3.41475613085953,-2.97888630788491,
-2.62031600053997,-2.25944958450632,-1.56300844108974,0.),.UNSPECIFIED.);
#195=B_SPLINE_CURVE_WITH_KNOTS('',1,(#8075,#8076),.UNSPECIFIED.,.F.,.F.,
(2,2),(-0.16,2.66987245661774),.UNSPECIFIED.);
#196=B_SPLINE_CURVE_WITH_KNOTS('',3,(#8092,#8093,#8094,#8095,#8096,#8097,
#8098,#8099),.UNSPECIFIED.,.F.,.F.,(4,2,2,4),(4.82910713404479,4.93419382719734,
5.07986322523085,5.29975981352658),.UNSPECIFIED.);
#197=B_SPLINE_CURVE_WITH_KNOTS('',3,(#8118,#8119,#8120,#8121,#8122,#8123),
 .UNSPECIFIED.,.F.,.F.,(4,2,4),(4.17653085214582,4.30494962837456,4.59984920485287),
 .UNSPECIFIED.);
#198=B_SPLINE_CURVE_WITH_KNOTS('',3,(#8345,#8346,#8347,#8348,#8349,#8350,
#8351,#8352,#8353,#8354,#8355,#8356,#8357,#8358,#8359,#8360,#8361,#8362,
#8363),.UNSPECIFIED.,.F.,.F.,(4,2,2,2,3,2,2,2,4),(-0.421037558296459,-0.364852230758943,
-0.244008416537912,-0.122004208268956,0.,0.122004208268957,0.244008416537914,
0.364852230758944,0.421037558296472),.UNSPECIFIED.);
#199=B_SPLINE_CURVE_WITH_KNOTS('',3,(#8364,#8365,#8366,#8367,#8368,#8369,
#8370,#8371,#8372,#8373,#8374,#8375,#8376,#8377,#8378,#8379,#8380,#8381,
#8382),.UNSPECIFIED.,.F.,.F.,(4,2,2,2,3,2,2,2,4),(-0.421037558296461,-0.364852230758944,
-0.244008416537914,-0.122004208268957,0.,0.122004208268957,0.244008416537914,
0.364852230758944,0.421037558296473),.UNSPECIFIED.);
#200=B_SPLINE_CURVE_WITH_KNOTS('',3,(#8452,#8453,#8454,#8455,#8456,#8457,
#8458,#8459,#8460,#8461),.UNSPECIFIED.,.F.,.F.,(4,3,3,4),(0.167188874057883,
0.425103327575499,0.670673011108474,0.832291192330056),.UNSPECIFIED.);
#201=B_SPLINE_CURVE_WITH_KNOTS('',3,(#8473,#8474,#8475,#8476,#8477,#8478,
#8479,#8480,#8481,#8482,#8483,#8484,#8485,#8486,#8487),.UNSPECIFIED.,.F.,
 .F.,(4,2,2,2,3,2,4),(-0.428834339413898,-0.36502801931164,-0.244083253191322,
-0.122041626595661,0.,0.122041626595307,0.196148372984114),
 .UNSPECIFIED.);
#202=B_SPLINE_CURVE_WITH_KNOTS('',3,(#8491,#8492,#8493,#8494,#8495,#8496,
#8497,#8498),.UNSPECIFIED.,.F.,.F.,(4,2,2,4),(0.196148372984116,0.244083253190613,
0.365028019310948,0.428834339410556),.UNSPECIFIED.);
#203=B_SPLINE_CURVE_WITH_KNOTS('',3,(#8518,#8519,#8520,#8521,#8522,#8523,
#8524,#8525,#8526,#8527,#8528,#8529,#8530,#8531,#8532),.UNSPECIFIED.,.F.,
 .F.,(4,2,3,2,2,2,4),(-0.196055959084388,-0.12204162659566,0.,0.122041626595306,
0.244083253190611,0.365028019310947,0.428834339410557),.UNSPECIFIED.);
#204=B_SPLINE_CURVE_WITH_KNOTS('',3,(#8533,#8534,#8535,#8536,#8537,#8538,
#8539,#8540),.UNSPECIFIED.,.F.,.F.,(4,2,2,4),(1.53129471366299,1.59510103376525,
1.71604579988557,1.7640730939925),.UNSPECIFIED.);
#205=B_SPLINE_CURVE_WITH_KNOTS('',3,(#8606,#8607,#8608,#8609),
 .UNSPECIFIED.,.F.,.F.,(4,4),(-0.832291192330056,-0.743990278859573),
 .UNSPECIFIED.);
#206=B_SPLINE_CURVE_WITH_KNOTS('',3,(#8611,#8612,#8613,#8614),
 .UNSPECIFIED.,.F.,.F.,(4,4),(0.437130712560144,0.604614426233049),
 .UNSPECIFIED.);
#207=B_SPLINE_CURVE_WITH_KNOTS('',3,(#8616,#8617,#8618,#8619,#8620,#8621,
#8622,#8623,#8624,#8625),.UNSPECIFIED.,.F.,.F.,(4,3,3,4),(-0.709751279039004,
-0.670673011108474,-0.425103327575499,-0.290418070419028),.UNSPECIFIED.);
#208=B_SPLINE_CURVE_WITH_KNOTS('',3,(#8627,#8628,#8629,#8630),
 .UNSPECIFIED.,.F.,.F.,(4,4),(2.62112067262089,2.78703841687328),
 .UNSPECIFIED.);
#209=B_SPLINE_CURVE_WITH_KNOTS('',3,(#8631,#8632,#8633,#8634),
 .UNSPECIFIED.,.F.,.F.,(4,4),(-0.256157295307392,-0.167188874057883),
 .UNSPECIFIED.);
#210=B_SPLINE_CURVE_WITH_KNOTS('',3,(#8643,#8644,#8645,#8646,#8647,#8648,
#8649,#8650,#8651,#8652),.UNSPECIFIED.,.F.,.F.,(4,3,3,4),(-0.832291192330056,
-0.670673011108474,-0.425103327575499,-0.167188874057883),.UNSPECIFIED.);
#211=B_SPLINE_CURVE_WITH_KNOTS('',3,(#8688,#8689,#8690,#8691),
 .UNSPECIFIED.,.F.,.F.,(4,4),(0.167188874057883,0.256157295307388),
 .UNSPECIFIED.);
#212=B_SPLINE_CURVE_WITH_KNOTS('',3,(#8693,#8694,#8695,#8696),
 .UNSPECIFIED.,.F.,.F.,(4,4),(2.62112067261327,2.78703841687249),
 .UNSPECIFIED.);
#213=B_SPLINE_CURVE_WITH_KNOTS('',3,(#8698,#8699,#8700,#8701,#8702,#8703,
#8704,#8705,#8706,#8707),.UNSPECIFIED.,.F.,.F.,(4,3,3,4),(0.29041807041994,
0.425103327575499,0.670673011108474,0.709751279038268),.UNSPECIFIED.);
#214=B_SPLINE_CURVE_WITH_KNOTS('',3,(#8709,#8710,#8711,#8712),
 .UNSPECIFIED.,.F.,.F.,(4,4),(0.437130712560145,0.604614426239278),
 .UNSPECIFIED.);
#215=B_SPLINE_CURVE_WITH_KNOTS('',3,(#8714,#8715,#8716,#8717),
 .UNSPECIFIED.,.F.,.F.,(4,4),(0.743990278859573,0.832291192330056),
 .UNSPECIFIED.);
#216=B_SPLINE_CURVE_WITH_KNOTS('',3,(#8800,#8801,#8802,#8803,#8804,#8805),
 .UNSPECIFIED.,.F.,.F.,(4,2,4),(0.,0.48,0.96),.UNSPECIFIED.);
#217=B_SPLINE_SURFACE_WITH_KNOTS('',3,1,((#7644,#7645),(#7646,#7647),(#7648,
#7649),(#7650,#7651)),.UNSPECIFIED.,.F.,.F.,.F.,(4,4),(2,2),(0.998238662367867,
0.999634511944631),(0.,2.),.UNSPECIFIED.);
#218=B_SPLINE_SURFACE_WITH_KNOTS('',3,1,((#7729,#7730),(#7731,#7732),(#7733,
#7734),(#7735,#7736),(#7737,#7738),(#7739,#7740),(#7741,#7742),(#7743,#7744),
(#7745,#7746),(#7747,#7748),(#7749,#7750),(#7751,#7752),(#7753,#7754),(#7755,
#7756),(#7757,#7758),(#7759,#7760),(#7761,#7762),(#7763,#7764),(#7765,#7766)),
 .UNSPECIFIED.,.F.,.F.,.F.,(4,3,3,3,3,3,4),(2,2),(0.,0.18486018846426,0.346255489392846,
0.542244402116086,0.72036558009887,0.967456773084754,0.999634511961178),
(-0.161901611511809,2.67356889859092),.UNSPECIFIED.);
#219=B_SPLINE_SURFACE_WITH_KNOTS('',3,1,((#7932,#7933),(#7934,#7935),(#7936,
#7937),(#7938,#7939)),.UNSPECIFIED.,.F.,.F.,.F.,(4,4),(2,2),(-0.999634511944631,
-0.998233451212797),(0.,2.),.UNSPECIFIED.);
#220=B_SPLINE_SURFACE_WITH_KNOTS('',3,1,((#8021,#8022),(#8023,#8024),(#8025,
#8026),(#8027,#8028),(#8029,#8030),(#8031,#8032),(#8033,#8034),(#8035,#8036),
(#8037,#8038),(#8039,#8040),(#8041,#8042),(#8043,#8044),(#8045,#8046),(#8047,
#8048),(#8049,#8050),(#8051,#8052),(#8053,#8054),(#8055,#8056),(#8057,#8058)),
 .UNSPECIFIED.,.F.,.F.,.F.,(4,3,3,3,3,3,4),(2,2),(0.,0.18486018846426,0.346255489392846,
0.542244402116086,0.72036558009887,0.967456773084754,0.999634511961178),
(-0.161901611511809,2.67356889859092),.UNSPECIFIED.);
#221=B_SPLINE_SURFACE_WITH_KNOTS('',3,1,((#8654,#8655),(#8656,#8657),(#8658,
#8659),(#8660,#8661),(#8662,#8663),(#8664,#8665),(#8666,#8667),(#8668,#8669),
(#8670,#8671),(#8672,#8673)),.UNSPECIFIED.,.F.,.F.,.F.,(4,3,3,4),(2,2),
(-0.832291192330056,-0.670673011108474,-0.425103327575499,-0.167188874057883),
(-0.00156322847607893,0.851563228476082),.UNSPECIFIED.);
#222=B_SPLINE_SURFACE_WITH_KNOTS('',3,1,((#8748,#8749),(#8750,#8751),(#8752,
#8753),(#8754,#8755),(#8756,#8757),(#8758,#8759),(#8760,#8761),(#8762,#8763),
(#8764,#8765),(#8766,#8767)),.UNSPECIFIED.,.F.,.F.,.F.,(4,3,3,4),(2,2),
(-0.832291192330056,-0.670673011108474,-0.425103327575499,-0.167188874057883),
(-0.00156322847607893,0.851563228476082),.UNSPECIFIED.);
#223=LINE('',#7635,#775);
#224=LINE('',#7642,#776);
#225=LINE('',#7671,#777);
#226=LINE('',#7678,#778);
#227=LINE('',#7696,#779);
#228=LINE('',#7697,#780);
#229=LINE('',#7700,#781);
#230=LINE('',#7702,#782);
#231=LINE('',#7704,#783);
#232=LINE('',#7718,#784);
#233=LINE('',#7727,#785);
#234=LINE('',#7805,#786);
#235=LINE('',#7807,#787);
#236=LINE('',#7811,#788);
#237=LINE('',#7813,#789);
#238=LINE('',#7815,#790);
#239=LINE('',#7816,#791);
#240=LINE('',#7818,#792);
#241=LINE('',#7819,#793);
#242=LINE('',#7822,#794);
#243=LINE('',#7823,#795);
#244=LINE('',#7826,#796);
#245=LINE('',#7828,#797);
#246=LINE('',#7829,#798);
#247=LINE('',#7848,#799);
#248=LINE('',#7853,#800);
#249=LINE('',#7855,#801);
#250=LINE('',#7857,#802);
#251=LINE('',#7858,#803);
#252=LINE('',#7862,#804);
#253=LINE('',#7863,#805);
#254=LINE('',#7864,#806);
#255=LINE('',#7867,#807);
#256=LINE('',#7868,#808);
#257=LINE('',#7872,#809);
#258=LINE('',#7874,#810);
#259=LINE('',#7876,#811);
#260=LINE('',#7877,#812);
#261=LINE('',#7880,#813);
#262=LINE('',#7882,#814);
#263=LINE('',#7883,#815);
#264=LINE('',#7886,#816);
#265=LINE('',#7887,#817);
#266=LINE('',#7890,#818);
#267=LINE('',#7891,#819);
#268=LINE('',#7895,#820);
#269=LINE('',#7898,#821);
#270=LINE('',#7899,#822);
#271=LINE('',#7901,#823);
#272=LINE('',#7904,#824);
#273=LINE('',#7905,#825);
#274=LINE('',#7907,#826);
#275=LINE('',#7910,#827);
#276=LINE('',#7911,#828);
#277=LINE('',#7913,#829);
#278=LINE('',#7915,#830);
#279=LINE('',#7922,#831);
#280=LINE('',#7929,#832);
#281=LINE('',#7969,#833);
#282=LINE('',#7975,#834);
#283=LINE('',#7983,#835);
#284=LINE('',#7985,#836);
#285=LINE('',#7986,#837);
#286=LINE('',#7989,#838);
#287=LINE('',#7991,#839);
#288=LINE('',#7993,#840);
#289=LINE('',#7995,#841);
#290=LINE('',#7996,#842);
#291=LINE('',#7999,#843);
#292=LINE('',#8020,#844);
#293=LINE('',#8074,#845);
#294=LINE('',#8083,#846);
#295=LINE('',#8101,#847);
#296=LINE('',#8105,#848);
#297=LINE('',#8106,#849);
#298=LINE('',#8107,#850);
#299=LINE('',#8111,#851);
#300=LINE('',#8125,#852);
#301=LINE('',#8128,#853);
#302=LINE('',#8130,#854);
#303=LINE('',#8134,#855);
#304=LINE('',#8135,#856);
#305=LINE('',#8137,#857);
#306=LINE('',#8139,#858);
#307=LINE('',#8145,#859);
#308=LINE('',#8152,#860);
#309=LINE('',#8160,#861);
#310=LINE('',#8167,#862);
#311=LINE('',#8172,#863);
#312=LINE('',#8174,#864);
#313=LINE('',#8176,#865);
#314=LINE('',#8177,#866);
#315=LINE('',#8181,#867);
#316=LINE('',#8183,#868);
#317=LINE('',#8185,#869);
#318=LINE('',#8186,#870);
#319=LINE('',#8189,#871);
#320=LINE('',#8191,#872);
#321=LINE('',#8192,#873);
#322=LINE('',#8195,#874);
#323=LINE('',#8197,#875);
#324=LINE('',#8198,#876);
#325=LINE('',#8199,#877);
#326=LINE('',#8203,#878);
#327=LINE('',#8205,#879);
#328=LINE('',#8207,#880);
#329=LINE('',#8208,#881);
#330=LINE('',#8212,#882);
#331=LINE('',#8214,#883);
#332=LINE('',#8216,#884);
#333=LINE('',#8217,#885);
#334=LINE('',#8221,#886);
#335=LINE('',#8223,#887);
#336=LINE('',#8225,#888);
#337=LINE('',#8226,#889);
#338=LINE('',#8229,#890);
#339=LINE('',#8231,#891);
#340=LINE('',#8232,#892);
#341=LINE('',#8235,#893);
#342=LINE('',#8237,#894);
#343=LINE('',#8239,#895);
#344=LINE('',#8241,#896);
#345=LINE('',#8243,#897);
#346=LINE('',#8245,#898);
#347=LINE('',#8247,#899);
#348=LINE('',#8249,#900);
#349=LINE('',#8251,#901);
#350=LINE('',#8253,#902);
#351=LINE('',#8254,#903);
#352=LINE('',#8256,#904);
#353=LINE('',#8258,#905);
#354=LINE('',#8260,#906);
#355=LINE('',#8261,#907);
#356=LINE('',#8267,#908);
#357=LINE('',#8269,#909);
#358=LINE('',#8271,#910);
#359=LINE('',#8272,#911);
#360=LINE('',#8276,#912);
#361=LINE('',#8278,#913);
#362=LINE('',#8280,#914);
#363=LINE('',#8281,#915);
#364=LINE('',#8285,#916);
#365=LINE('',#8286,#917);
#366=LINE('',#8287,#918);
#367=LINE('',#8291,#919);
#368=LINE('',#8295,#920);
#369=LINE('',#8297,#921);
#370=LINE('',#8299,#922);
#371=LINE('',#8302,#923);
#372=LINE('',#8303,#924);
#373=LINE('',#8304,#925);
#374=LINE('',#8305,#926);
#375=LINE('',#8307,#927);
#376=LINE('',#8308,#928);
#377=LINE('',#8311,#929);
#378=LINE('',#8313,#930);
#379=LINE('',#8314,#931);
#380=LINE('',#8317,#932);
#381=LINE('',#8319,#933);
#382=LINE('',#8320,#934);
#383=LINE('',#8323,#935);
#384=LINE('',#8329,#936);
#385=LINE('',#8335,#937);
#386=LINE('',#8336,#938);
#387=LINE('',#8339,#939);
#388=LINE('',#8341,#940);
#389=LINE('',#8343,#941);
#390=LINE('',#8385,#942);
#391=LINE('',#8387,#943);
#392=LINE('',#8388,#944);
#393=LINE('',#8392,#945);
#394=LINE('',#8394,#946);
#395=LINE('',#8396,#947);
#396=LINE('',#8397,#948);
#397=LINE('',#8401,#949);
#398=LINE('',#8403,#950);
#399=LINE('',#8405,#951);
#400=LINE('',#8406,#952);
#401=LINE('',#8408,#953);
#402=LINE('',#8409,#954);
#403=LINE('',#8412,#955);
#404=LINE('',#8413,#956);
#405=LINE('',#8414,#957);
#406=LINE('',#8415,#958);
#407=LINE('',#8418,#959);
#408=LINE('',#8419,#960);
#409=LINE('',#8422,#961);
#410=LINE('',#8424,#962);
#411=LINE('',#8425,#963);
#412=LINE('',#8430,#964);
#413=LINE('',#8432,#965);
#414=LINE('',#8433,#966);
#415=LINE('',#8436,#967);
#416=LINE('',#8442,#968);
#417=LINE('',#8447,#969);
#418=LINE('',#8450,#970);
#419=LINE('',#8462,#971);
#420=LINE('',#8465,#972);
#421=LINE('',#8467,#973);
#422=LINE('',#8469,#974);
#423=LINE('',#8470,#975);
#424=LINE('',#8489,#976);
#425=LINE('',#8501,#977);
#426=LINE('',#8503,#978);
#427=LINE('',#8504,#979);
#428=LINE('',#8507,#980);
#429=LINE('',#8508,#981);
#430=LINE('',#8511,#982);
#431=LINE('',#8512,#983);
#432=LINE('',#8514,#984);
#433=LINE('',#8541,#985);
#434=LINE('',#8543,#986);
#435=LINE('',#8545,#987);
#436=LINE('',#8548,#988);
#437=LINE('',#8550,#989);
#438=LINE('',#8552,#990);
#439=LINE('',#8555,#991);
#440=LINE('',#8558,#992);
#441=LINE('',#8559,#993);
#442=LINE('',#8562,#994);
#443=LINE('',#8563,#995);
#444=LINE('',#8565,#996);
#445=LINE('',#8569,#997);
#446=LINE('',#8571,#998);
#447=LINE('',#8572,#999);
#448=LINE('',#8574,#1000);
#449=LINE('',#8577,#1001);
#450=LINE('',#8602,#1002);
#451=LINE('',#8604,#1003);
#452=LINE('',#8641,#1004);
#453=LINE('',#8653,#1005);
#454=LINE('',#8674,#1006);
#455=LINE('',#8678,#1007);
#456=LINE('',#8679,#1008);
#457=LINE('',#8682,#1009);
#458=LINE('',#8683,#1010);
#459=LINE('',#8686,#1011);
#460=LINE('',#8718,#1012);
#461=LINE('',#8747,#1013);
#462=LINE('',#8768,#1014);
#463=LINE('',#8807,#1015);
#464=LINE('',#8808,#1016);
#465=LINE('',#8846,#1017);
#466=LINE('',#8848,#1018);
#467=LINE('',#8850,#1019);
#468=LINE('',#8852,#1020);
#469=LINE('',#8853,#1021);
#470=LINE('',#8857,#1022);
#471=LINE('',#8859,#1023);
#472=LINE('',#8861,#1024);
#473=LINE('',#8863,#1025);
#474=LINE('',#8864,#1026);
#475=LINE('',#8866,#1027);
#476=LINE('',#8867,#1028);
#477=LINE('',#8871,#1029);
#478=LINE('',#8873,#1030);
#479=LINE('',#8875,#1031);
#480=LINE('',#8877,#1032);
#481=LINE('',#8878,#1033);
#482=LINE('',#8882,#1034);
#483=LINE('',#8884,#1035);
#484=LINE('',#8886,#1036);
#485=LINE('',#8888,#1037);
#486=LINE('',#8889,#1038);
#487=LINE('',#8891,#1039);
#488=LINE('',#8892,#1040);
#489=LINE('',#8896,#1041);
#490=LINE('',#8898,#1042);
#491=LINE('',#8900,#1043);
#492=LINE('',#8902,#1044);
#493=LINE('',#8903,#1045);
#494=LINE('',#8906,#1046);
#495=LINE('',#8908,#1047);
#496=LINE('',#8909,#1048);
#497=LINE('',#8912,#1049);
#498=LINE('',#8914,#1050);
#499=LINE('',#8916,#1051);
#500=LINE('',#8917,#1052);
#501=LINE('',#8921,#1053);
#502=LINE('',#8923,#1054);
#503=LINE('',#8925,#1055);
#504=LINE('',#8927,#1056);
#505=LINE('',#8928,#1057);
#506=LINE('',#8931,#1058);
#507=LINE('',#8933,#1059);
#508=LINE('',#8934,#1060);
#509=LINE('',#8937,#1061);
#510=LINE('',#8939,#1062);
#511=LINE('',#8941,#1063);
#512=LINE('',#8942,#1064);
#513=LINE('',#8947,#1065);
#514=LINE('',#8953,#1066);
#515=LINE('',#8959,#1067);
#516=LINE('',#8965,#1068);
#517=LINE('',#8970,#1069);
#518=LINE('',#8972,#1070);
#519=LINE('',#8974,#1071);
#520=LINE('',#8976,#1072);
#521=LINE('',#8978,#1073);
#522=LINE('',#8979,#1074);
#523=LINE('',#8980,#1075);
#524=LINE('',#8981,#1076);
#525=LINE('',#8984,#1077);
#526=LINE('',#8988,#1078);
#527=LINE('',#8992,#1079);
#528=LINE('',#8996,#1080);
#529=LINE('',#9000,#1081);
#530=LINE('',#9004,#1082);
#531=LINE('',#9016,#1083);
#532=LINE('',#9018,#1084);
#533=LINE('',#9020,#1085);
#534=LINE('',#9022,#1086);
#535=LINE('',#9024,#1087);
#536=LINE('',#9026,#1088);
#537=LINE('',#9027,#1089);
#538=LINE('',#9030,#1090);
#539=LINE('',#9031,#1091);
#540=LINE('',#9035,#1092);
#541=LINE('',#9037,#1093);
#542=LINE('',#9039,#1094);
#543=LINE('',#9040,#1095);
#544=LINE('',#9041,#1096);
#545=LINE('',#9044,#1097);
#546=LINE('',#9046,#1098);
#547=LINE('',#9047,#1099);
#548=LINE('',#9049,#1100);
#549=LINE('',#9051,#1101);
#550=LINE('',#9053,#1102);
#551=LINE('',#9054,#1103);
#552=LINE('',#9056,#1104);
#553=LINE('',#9060,#1105);
#554=LINE('',#9066,#1106);
#555=LINE('',#9068,#1107);
#556=LINE('',#9069,#1108);
#557=LINE('',#9071,#1109);
#558=LINE('',#9072,#1110);
#559=LINE('',#9073,#1111);
#560=LINE('',#9079,#1112);
#561=LINE('',#9095,#1113);
#562=LINE('',#9098,#1114);
#563=LINE('',#9101,#1115);
#564=LINE('',#9108,#1116);
#565=LINE('',#9112,#1117);
#566=LINE('',#9116,#1118);
#567=LINE('',#9120,#1119);
#568=LINE('',#9124,#1120);
#569=LINE('',#9127,#1121);
#570=LINE('',#9129,#1122);
#571=LINE('',#9130,#1123);
#572=LINE('',#9132,#1124);
#573=LINE('',#9134,#1125);
#574=LINE('',#9136,#1126);
#575=LINE('',#9138,#1127);
#576=LINE('',#9140,#1128);
#577=LINE('',#9142,#1129);
#578=LINE('',#9144,#1130);
#579=LINE('',#9146,#1131);
#580=LINE('',#9148,#1132);
#581=LINE('',#9150,#1133);
#582=LINE('',#9156,#1134);
#583=LINE('',#9161,#1135);
#584=LINE('',#9166,#1136);
#585=LINE('',#9171,#1137);
#586=LINE('',#9176,#1138);
#587=LINE('',#9181,#1139);
#588=LINE('',#9186,#1140);
#589=LINE('',#9191,#1141);
#590=LINE('',#9199,#1142);
#591=LINE('',#9200,#1143);
#592=LINE('',#9202,#1144);
#593=LINE('',#9206,#1145);
#594=LINE('',#9208,#1146);
#595=LINE('',#9209,#1147);
#596=LINE('',#9212,#1148);
#597=LINE('',#9214,#1149);
#598=LINE('',#9215,#1150);
#599=LINE('',#9217,#1151);
#600=LINE('',#9218,#1152);
#601=LINE('',#9223,#1153);
#602=LINE('',#9225,#1154);
#603=LINE('',#9226,#1155);
#604=LINE('',#9229,#1156);
#605=LINE('',#9231,#1157);
#606=LINE('',#9232,#1158);
#607=LINE('',#9234,#1159);
#608=LINE('',#9235,#1160);
#609=LINE('',#9240,#1161);
#610=LINE('',#9242,#1162);
#611=LINE('',#9243,#1163);
#612=LINE('',#9246,#1164);
#613=LINE('',#9248,#1165);
#614=LINE('',#9249,#1166);
#615=LINE('',#9251,#1167);
#616=LINE('',#9252,#1168);
#617=LINE('',#9257,#1169);
#618=LINE('',#9259,#1170);
#619=LINE('',#9260,#1171);
#620=LINE('',#9263,#1172);
#621=LINE('',#9265,#1173);
#622=LINE('',#9266,#1174);
#623=LINE('',#9268,#1175);
#624=LINE('',#9269,#1176);
#625=LINE('',#9276,#1177);
#626=LINE('',#9285,#1178);
#627=LINE('',#9294,#1179);
#628=LINE('',#9303,#1180);
#629=LINE('',#9310,#1181);
#630=LINE('',#9314,#1182);
#631=LINE('',#9318,#1183);
#632=LINE('',#9322,#1184);
#633=LINE('',#9327,#1185);
#634=LINE('',#9329,#1186);
#635=LINE('',#9331,#1187);
#636=LINE('',#9332,#1188);
#637=LINE('',#9337,#1189);
#638=LINE('',#9339,#1190);
#639=LINE('',#9340,#1191);
#640=LINE('',#9343,#1192);
#641=LINE('',#9344,#1193);
#642=LINE('',#9351,#1194);
#643=LINE('',#9352,#1195);
#644=LINE('',#9354,#1196);
#645=LINE('',#9361,#1197);
#646=LINE('',#9368,#1198);
#647=LINE('',#9375,#1199);
#648=LINE('',#9382,#1200);
#649=LINE('',#9388,#1201);
#650=LINE('',#9390,#1202);
#651=LINE('',#9392,#1203);
#652=LINE('',#9394,#1204);
#653=LINE('',#9396,#1205);
#654=LINE('',#9397,#1206);
#655=LINE('',#9400,#1207);
#656=LINE('',#9402,#1208);
#657=LINE('',#9403,#1209);
#658=LINE('',#9405,#1210);
#659=LINE('',#9408,#1211);
#660=LINE('',#9409,#1212);
#661=LINE('',#9415,#1213);
#662=LINE('',#9419,#1214);
#663=LINE('',#9423,#1215);
#664=LINE('',#9426,#1216);
#665=LINE('',#9429,#1217);
#666=LINE('',#9431,#1218);
#667=LINE('',#9433,#1219);
#668=LINE('',#9434,#1220);
#669=LINE('',#9438,#1221);
#670=LINE('',#9442,#1222);
#671=LINE('',#9444,#1223);
#672=LINE('',#9446,#1224);
#673=LINE('',#9447,#1225);
#674=LINE('',#9449,#1226);
#675=LINE('',#9450,#1227);
#676=LINE('',#9452,#1228);
#677=LINE('',#9454,#1229);
#678=LINE('',#9458,#1230);
#679=LINE('',#9459,#1231);
#680=LINE('',#9462,#1232);
#681=LINE('',#9466,#1233);
#682=LINE('',#9470,#1234);
#683=LINE('',#9474,#1235);
#684=LINE('',#9481,#1236);
#685=LINE('',#9485,#1237);
#686=LINE('',#9489,#1238);
#687=LINE('',#9492,#1239);
#688=LINE('',#9495,#1240);
#689=LINE('',#9499,#1241);
#690=LINE('',#9503,#1242);
#691=LINE('',#9507,#1243);
#692=LINE('',#9510,#1244);
#693=LINE('',#9511,#1245);
#694=LINE('',#9513,#1246);
#695=LINE('',#9515,#1247);
#696=LINE('',#9517,#1248);
#697=LINE('',#9519,#1249);
#698=LINE('',#9521,#1250);
#699=LINE('',#9523,#1251);
#700=LINE('',#9526,#1252);
#701=LINE('',#9527,#1253);
#702=LINE('',#9529,#1254);
#703=LINE('',#9531,#1255);
#704=LINE('',#9533,#1256);
#705=LINE('',#9535,#1257);
#706=LINE('',#9537,#1258);
#707=LINE('',#9539,#1259);
#708=LINE('',#9545,#1260);
#709=LINE('',#9547,#1261);
#710=LINE('',#9554,#1262);
#711=LINE('',#9561,#1263);
#712=LINE('',#9568,#1264);
#713=LINE('',#9575,#1265);
#714=LINE('',#9581,#1266);
#715=LINE('',#9583,#1267);
#716=LINE('',#9585,#1268);
#717=LINE('',#9587,#1269);
#718=LINE('',#9589,#1270);
#719=LINE('',#9590,#1271);
#720=LINE('',#9593,#1272);
#721=LINE('',#9595,#1273);
#722=LINE('',#9596,#1274);
#723=LINE('',#9599,#1275);
#724=LINE('',#9600,#1276);
#725=LINE('',#9602,#1277);
#726=LINE('',#9607,#1278);
#727=LINE('',#9615,#1279);
#728=LINE('',#9618,#1280);
#729=LINE('',#9621,#1281);
#730=LINE('',#9623,#1282);
#731=LINE('',#9624,#1283);
#732=LINE('',#9629,#1284);
#733=LINE('',#9633,#1285);
#734=LINE('',#9635,#1286);
#735=LINE('',#9636,#1287);
#736=LINE('',#9641,#1288);
#737=LINE('',#9645,#1289);
#738=LINE('',#9647,#1290);
#739=LINE('',#9648,#1291);
#740=LINE('',#9653,#1292);
#741=LINE('',#9656,#1293);
#742=LINE('',#9657,#1294);
#743=LINE('',#9661,#1295);
#744=LINE('',#9663,#1296);
#745=LINE('',#9665,#1297);
#746=LINE('',#9666,#1298);
#747=LINE('',#9671,#1299);
#748=LINE('',#9675,#1300);
#749=LINE('',#9677,#1301);
#750=LINE('',#9678,#1302);
#751=LINE('',#9683,#1303);
#752=LINE('',#9687,#1304);
#753=LINE('',#9689,#1305);
#754=LINE('',#9690,#1306);
#755=LINE('',#9695,#1307);
#756=LINE('',#9699,#1308);
#757=LINE('',#9701,#1309);
#758=LINE('',#9702,#1310);
#759=LINE('',#9709,#1311);
#760=LINE('',#9710,#1312);
#761=LINE('',#9714,#1313);
#762=LINE('',#9716,#1314);
#763=LINE('',#9718,#1315);
#764=LINE('',#9719,#1316);
#765=LINE('',#9722,#1317);
#766=LINE('',#9724,#1318);
#767=LINE('',#9725,#1319);
#768=LINE('',#9728,#1320);
#769=LINE('',#9730,#1321);
#770=LINE('',#9731,#1322);
#771=LINE('',#9733,#1323);
#772=LINE('',#9734,#1324);
#773=LINE('',#9738,#1325);
#774=LINE('',#9740,#1326);
#775=VECTOR('',#6126,2.6);
#776=VECTOR('',#6135,2.60000000000002);
#777=VECTOR('',#6138,10.);
#778=VECTOR('',#6139,10.);
#779=VECTOR('',#6144,10.);
#780=VECTOR('',#6145,10.);
#781=VECTOR('',#6148,7.5);
#782=VECTOR('',#6149,10.);
#783=VECTOR('',#6150,10.);
#784=VECTOR('',#6153,10.);
#785=VECTOR('',#6156,10.);
#786=VECTOR('',#6159,10.);
#787=VECTOR('',#6162,10.);
#788=VECTOR('',#6165,10.);
#789=VECTOR('',#6166,10.);
#790=VECTOR('',#6167,10.);
#791=VECTOR('',#6168,10.);
#792=VECTOR('',#6171,10.);
#793=VECTOR('',#6172,10.);
#794=VECTOR('',#6175,10.);
#795=VECTOR('',#6176,10.);
#796=VECTOR('',#6179,10.);
#797=VECTOR('',#6180,10.);
#798=VECTOR('',#6181,7.5);
#799=VECTOR('',#6186,10.);
#800=VECTOR('',#6191,10.);
#801=VECTOR('',#6192,10.);
#802=VECTOR('',#6193,10.);
#803=VECTOR('',#6194,10.);
#804=VECTOR('',#6197,10.);
#805=VECTOR('',#6198,10.);
#806=VECTOR('',#6199,10.);
#807=VECTOR('',#6202,10.);
#808=VECTOR('',#6203,10.);
#809=VECTOR('',#6206,10.);
#810=VECTOR('',#6207,10.);
#811=VECTOR('',#6208,10.);
#812=VECTOR('',#6209,10.);
#813=VECTOR('',#6212,10.);
#814=VECTOR('',#6213,10.);
#815=VECTOR('',#6214,10.);
#816=VECTOR('',#6217,10.);
#817=VECTOR('',#6218,10.);
#818=VECTOR('',#6221,10.);
#819=VECTOR('',#6222,10.);
#820=VECTOR('',#6227,7.5);
#821=VECTOR('',#6230,10.);
#822=VECTOR('',#6231,10.);
#823=VECTOR('',#6234,10.);
#824=VECTOR('',#6237,10.);
#825=VECTOR('',#6238,10.);
#826=VECTOR('',#6241,10.);
#827=VECTOR('',#6244,10.);
#828=VECTOR('',#6245,10.);
#829=VECTOR('',#6248,10.);
#830=VECTOR('',#6251,10.);
#831=VECTOR('',#6260,2.60000000000002);
#832=VECTOR('',#6269,2.6);
#833=VECTOR('',#6274,10.);
#834=VECTOR('',#6275,10.);
#835=VECTOR('',#6278,10.);
#836=VECTOR('',#6279,10.);
#837=VECTOR('',#6280,7.5);
#838=VECTOR('',#6283,10.);
#839=VECTOR('',#6284,7.5);
#840=VECTOR('',#6285,10.);
#841=VECTOR('',#6286,10.);
#842=VECTOR('',#6287,10.);
#843=VECTOR('',#6290,10.);
#844=VECTOR('',#6291,10.);
#845=VECTOR('',#6292,10.);
#846=VECTOR('',#6301,10.);
#847=VECTOR('',#6304,10.);
#848=VECTOR('',#6307,10.);
#849=VECTOR('',#6308,10.);
#850=VECTOR('',#6309,10.);
#851=VECTOR('',#6314,7.5);
#852=VECTOR('',#6317,10.);
#853=VECTOR('',#6320,10.);
#854=VECTOR('',#6321,10.);
#855=VECTOR('',#6326,10.);
#856=VECTOR('',#6327,10.);
#857=VECTOR('',#6330,10.);
#858=VECTOR('',#6333,10.);
#859=VECTOR('',#6340,2.6);
#860=VECTOR('',#6349,2.60000000000002);
#861=VECTOR('',#6360,2.60000000000002);
#862=VECTOR('',#6369,2.6);
#863=VECTOR('',#6374,10.);
#864=VECTOR('',#6375,10.);
#865=VECTOR('',#6376,10.);
#866=VECTOR('',#6377,10.);
#867=VECTOR('',#6380,10.);
#868=VECTOR('',#6381,10.);
#869=VECTOR('',#6382,10.);
#870=VECTOR('',#6383,10.);
#871=VECTOR('',#6386,10.);
#872=VECTOR('',#6387,10.);
#873=VECTOR('',#6388,10.);
#874=VECTOR('',#6391,10.);
#875=VECTOR('',#6392,10.);
#876=VECTOR('',#6393,10.);
#877=VECTOR('',#6394,10.);
#878=VECTOR('',#6399,10.);
#879=VECTOR('',#6400,10.);
#880=VECTOR('',#6401,10.);
#881=VECTOR('',#6402,10.);
#882=VECTOR('',#6405,10.);
#883=VECTOR('',#6406,10.);
#884=VECTOR('',#6407,10.);
#885=VECTOR('',#6408,10.);
#886=VECTOR('',#6411,10.);
#887=VECTOR('',#6412,10.);
#888=VECTOR('',#6413,10.);
#889=VECTOR('',#6414,10.);
#890=VECTOR('',#6417,10.);
#891=VECTOR('',#6418,10.);
#892=VECTOR('',#6419,10.);
#893=VECTOR('',#6422,10.);
#894=VECTOR('',#6423,10.);
#895=VECTOR('',#6424,10.);
#896=VECTOR('',#6425,10.);
#897=VECTOR('',#6426,10.);
#898=VECTOR('',#6427,10.);
#899=VECTOR('',#6428,10.);
#900=VECTOR('',#6429,10.);
#901=VECTOR('',#6430,10.);
#902=VECTOR('',#6431,10.);
#903=VECTOR('',#6432,10.);
#904=VECTOR('',#6435,10.);
#905=VECTOR('',#6436,10.);
#906=VECTOR('',#6437,10.);
#907=VECTOR('',#6438,10.);
#908=VECTOR('',#6443,10.);
#909=VECTOR('',#6444,10.);
#910=VECTOR('',#6445,10.);
#911=VECTOR('',#6446,10.);
#912=VECTOR('',#6449,10.);
#913=VECTOR('',#6450,10.);
#914=VECTOR('',#6451,10.);
#915=VECTOR('',#6452,10.);
#916=VECTOR('',#6455,10.);
#917=VECTOR('',#6456,10.);
#918=VECTOR('',#6457,10.);
#919=VECTOR('',#6460,10.);
#920=VECTOR('',#6463,10.);
#921=VECTOR('',#6464,10.);
#922=VECTOR('',#6465,10.);
#923=VECTOR('',#6468,10.);
#924=VECTOR('',#6469,10.);
#925=VECTOR('',#6470,10.);
#926=VECTOR('',#6471,10.);
#927=VECTOR('',#6472,10.);
#928=VECTOR('',#6473,10.);
#929=VECTOR('',#6476,10.);
#930=VECTOR('',#6477,10.);
#931=VECTOR('',#6478,10.);
#932=VECTOR('',#6481,10.);
#933=VECTOR('',#6482,10.);
#934=VECTOR('',#6483,10.);
#935=VECTOR('',#6486,7.5);
#936=VECTOR('',#6491,7.5);
#937=VECTOR('',#6496,7.5);
#938=VECTOR('',#6497,10.);
#939=VECTOR('',#6500,10.);
#940=VECTOR('',#6501,10.);
#941=VECTOR('',#6502,10.);
#942=VECTOR('',#6507,10.);
#943=VECTOR('',#6508,10.);
#944=VECTOR('',#6509,10.);
#945=VECTOR('',#6512,10.);
#946=VECTOR('',#6513,10.);
#947=VECTOR('',#6514,10.);
#948=VECTOR('',#6515,10.);
#949=VECTOR('',#6518,10.);
#950=VECTOR('',#6519,10.);
#951=VECTOR('',#6520,10.);
#952=VECTOR('',#6521,10.);
#953=VECTOR('',#6524,10.);
#954=VECTOR('',#6525,10.);
#955=VECTOR('',#6528,10.);
#956=VECTOR('',#6529,10.);
#957=VECTOR('',#6530,10.);
#958=VECTOR('',#6531,10.);
#959=VECTOR('',#6534,10.);
#960=VECTOR('',#6535,10.);
#961=VECTOR('',#6538,10.);
#962=VECTOR('',#6539,10.);
#963=VECTOR('',#6540,10.);
#964=VECTOR('',#6545,10.);
#965=VECTOR('',#6546,10.);
#966=VECTOR('',#6547,10.);
#967=VECTOR('',#6550,7.5);
#968=VECTOR('',#6555,7.5);
#969=VECTOR('',#6560,7.5);
#970=VECTOR('',#6563,10.);
#971=VECTOR('',#6564,10.);
#972=VECTOR('',#6567,10.);
#973=VECTOR('',#6568,10.);
#974=VECTOR('',#6569,10.);
#975=VECTOR('',#6570,10.);
#976=VECTOR('',#6573,3.2);
#977=VECTOR('',#6578,10.);
#978=VECTOR('',#6579,10.);
#979=VECTOR('',#6580,10.);
#980=VECTOR('',#6583,10.);
#981=VECTOR('',#6584,10.);
#982=VECTOR('',#6587,10.);
#983=VECTOR('',#6588,10.);
#984=VECTOR('',#6591,10.);
#985=VECTOR('',#6596,3.2);
#986=VECTOR('',#6599,10.);
#987=VECTOR('',#6602,10.);
#988=VECTOR('',#6607,3.2);
#989=VECTOR('',#6610,10.);
#990=VECTOR('',#6613,10.);
#991=VECTOR('',#6618,3.2);
#992=VECTOR('',#6621,10.);
#993=VECTOR('',#6622,10.);
#994=VECTOR('',#6625,10.);
#995=VECTOR('',#6626,10.);
#996=VECTOR('',#6629,10.);
#997=VECTOR('',#6634,10.);
#998=VECTOR('',#6635,10.);
#999=VECTOR('',#6636,10.);
#1000=VECTOR('',#6639,10.);
#1001=VECTOR('',#6642,10.);
#1002=VECTOR('',#6643,10.);
#1003=VECTOR('',#6644,10.);
#1004=VECTOR('',#6651,10.);
#1005=VECTOR('',#6652,10.);
#1006=VECTOR('',#6653,10.);
#1007=VECTOR('',#6658,10.);
#1008=VECTOR('',#6659,10.);
#1009=VECTOR('',#6662,10.);
#1010=VECTOR('',#6663,10.);
#1011=VECTOR('',#6666,10.);
#1012=VECTOR('',#6667,10.);
#1013=VECTOR('',#6674,10.);
#1014=VECTOR('',#6675,10.);
#1015=VECTOR('',#6680,10.);
#1016=VECTOR('',#6681,10.);
#1017=VECTOR('',#6692,10.);
#1018=VECTOR('',#6693,10.);
#1019=VECTOR('',#6694,10.);
#1020=VECTOR('',#6695,10.);
#1021=VECTOR('',#6696,10.);
#1022=VECTOR('',#6699,10.);
#1023=VECTOR('',#6700,10.);
#1024=VECTOR('',#6701,10.);
#1025=VECTOR('',#6702,10.);
#1026=VECTOR('',#6703,10.);
#1027=VECTOR('',#6706,10.);
#1028=VECTOR('',#6707,10.);
#1029=VECTOR('',#6710,10.);
#1030=VECTOR('',#6711,10.);
#1031=VECTOR('',#6712,10.);
#1032=VECTOR('',#6713,10.);
#1033=VECTOR('',#6714,10.);
#1034=VECTOR('',#6717,10.);
#1035=VECTOR('',#6718,10.);
#1036=VECTOR('',#6719,10.);
#1037=VECTOR('',#6720,10.);
#1038=VECTOR('',#6721,10.);
#1039=VECTOR('',#6724,10.);
#1040=VECTOR('',#6725,10.);
#1041=VECTOR('',#6728,10.);
#1042=VECTOR('',#6729,10.);
#1043=VECTOR('',#6730,10.);
#1044=VECTOR('',#6731,10.);
#1045=VECTOR('',#6732,10.);
#1046=VECTOR('',#6735,10.);
#1047=VECTOR('',#6736,10.);
#1048=VECTOR('',#6737,10.);
#1049=VECTOR('',#6740,10.);
#1050=VECTOR('',#6741,10.);
#1051=VECTOR('',#6742,10.);
#1052=VECTOR('',#6743,10.);
#1053=VECTOR('',#6746,10.);
#1054=VECTOR('',#6747,10.);
#1055=VECTOR('',#6748,10.);
#1056=VECTOR('',#6749,10.);
#1057=VECTOR('',#6750,10.);
#1058=VECTOR('',#6753,10.);
#1059=VECTOR('',#6754,10.);
#1060=VECTOR('',#6755,10.);
#1061=VECTOR('',#6758,10.);
#1062=VECTOR('',#6759,10.);
#1063=VECTOR('',#6760,10.);
#1064=VECTOR('',#6761,10.);
#1065=VECTOR('',#6766,2.3);
#1066=VECTOR('',#6773,2.3);
#1067=VECTOR('',#6780,2.3);
#1068=VECTOR('',#6787,2.3);
#1069=VECTOR('',#6792,10.);
#1070=VECTOR('',#6793,10.);
#1071=VECTOR('',#6794,10.);
#1072=VECTOR('',#6795,10.);
#1073=VECTOR('',#6796,10.);
#1074=VECTOR('',#6797,10.);
#1075=VECTOR('',#6798,10.);
#1076=VECTOR('',#6799,10.);
#1077=VECTOR('',#6800,10.);
#1078=VECTOR('',#6803,10.);
#1079=VECTOR('',#6806,10.);
#1080=VECTOR('',#6809,10.);
#1081=VECTOR('',#6812,10.);
#1082=VECTOR('',#6815,10.);
#1083=VECTOR('',#6828,10.);
#1084=VECTOR('',#6829,10.);
#1085=VECTOR('',#6830,10.);
#1086=VECTOR('',#6831,10.);
#1087=VECTOR('',#6832,10.);
#1088=VECTOR('',#6833,10.);
#1089=VECTOR('',#6834,10.);
#1090=VECTOR('',#6837,10.);
#1091=VECTOR('',#6838,10.);
#1092=VECTOR('',#6841,10.);
#1093=VECTOR('',#6842,10.);
#1094=VECTOR('',#6843,10.);
#1095=VECTOR('',#6844,10.);
#1096=VECTOR('',#6845,10.);
#1097=VECTOR('',#6848,10.);
#1098=VECTOR('',#6849,10.);
#1099=VECTOR('',#6850,10.);
#1100=VECTOR('',#6853,10.);
#1101=VECTOR('',#6854,10.);
#1102=VECTOR('',#6855,10.);
#1103=VECTOR('',#6856,10.);
#1104=VECTOR('',#6859,10.);
#1105=VECTOR('',#6864,10.);
#1106=VECTOR('',#6871,10.);
#1107=VECTOR('',#6872,10.);
#1108=VECTOR('',#6873,10.);
#1109=VECTOR('',#6876,10.);
#1110=VECTOR('',#6877,10.);
#1111=VECTOR('',#6878,10.);
#1112=VECTOR('',#6883,10.);
#1113=VECTOR('',#6902,5.74999999999999);
#1114=VECTOR('',#6907,3.25000000000001);
#1115=VECTOR('',#6910,3.25000000000001);
#1116=VECTOR('',#6917,10.);
#1117=VECTOR('',#6920,10.);
#1118=VECTOR('',#6923,10.);
#1119=VECTOR('',#6926,10.);
#1120=VECTOR('',#6929,10.);
#1121=VECTOR('',#6932,10.);
#1122=VECTOR('',#6935,10.);
#1123=VECTOR('',#6936,10.);
#1124=VECTOR('',#6939,10.);
#1125=VECTOR('',#6942,10.);
#1126=VECTOR('',#6945,10.);
#1127=VECTOR('',#6948,10.);
#1128=VECTOR('',#6951,10.);
#1129=VECTOR('',#6954,10.);
#1130=VECTOR('',#6957,10.);
#1131=VECTOR('',#6960,10.);
#1132=VECTOR('',#6963,10.);
#1133=VECTOR('',#6966,10.);
#1134=VECTOR('',#6975,2.6);
#1135=VECTOR('',#6982,2.6);
#1136=VECTOR('',#6989,2.6);
#1137=VECTOR('',#6996,2.60000000000002);
#1138=VECTOR('',#7003,2.6);
#1139=VECTOR('',#7010,2.6);
#1140=VECTOR('',#7017,2.60000000000002);
#1141=VECTOR('',#7024,2.6);
#1142=VECTOR('',#7033,10.);
#1143=VECTOR('',#7034,10.);
#1144=VECTOR('',#7037,10.);
#1145=VECTOR('',#7042,10.);
#1146=VECTOR('',#7043,10.);
#1147=VECTOR('',#7044,10.);
#1148=VECTOR('',#7047,10.);
#1149=VECTOR('',#7048,10.);
#1150=VECTOR('',#7049,10.);
#1151=VECTOR('',#7052,10.);
#1152=VECTOR('',#7053,10.);
#1153=VECTOR('',#7060,10.);
#1154=VECTOR('',#7061,10.);
#1155=VECTOR('',#7062,10.);
#1156=VECTOR('',#7065,10.);
#1157=VECTOR('',#7066,10.);
#1158=VECTOR('',#7067,10.);
#1159=VECTOR('',#7070,10.);
#1160=VECTOR('',#7071,10.);
#1161=VECTOR('',#7078,10.);
#1162=VECTOR('',#7079,10.);
#1163=VECTOR('',#7080,10.);
#1164=VECTOR('',#7083,10.);
#1165=VECTOR('',#7084,10.);
#1166=VECTOR('',#7085,10.);
#1167=VECTOR('',#7088,10.);
#1168=VECTOR('',#7089,10.);
#1169=VECTOR('',#7096,10.);
#1170=VECTOR('',#7097,10.);
#1171=VECTOR('',#7098,10.);
#1172=VECTOR('',#7101,10.);
#1173=VECTOR('',#7102,10.);
#1174=VECTOR('',#7103,10.);
#1175=VECTOR('',#7106,10.);
#1176=VECTOR('',#7107,10.);
#1177=VECTOR('',#7116,4.);
#1178=VECTOR('',#7127,4.00000000000002);
#1179=VECTOR('',#7138,3.99999999999999);
#1180=VECTOR('',#7149,3.99999999999999);
#1181=VECTOR('',#7158,2.3);
#1182=VECTOR('',#7163,2.3);
#1183=VECTOR('',#7168,2.3);
#1184=VECTOR('',#7173,2.3);
#1185=VECTOR('',#7178,10.);
#1186=VECTOR('',#7179,10.);
#1187=VECTOR('',#7180,10.);
#1188=VECTOR('',#7181,10.);
#1189=VECTOR('',#7186,10.);
#1190=VECTOR('',#7187,10.);
#1191=VECTOR('',#7188,10.);
#1192=VECTOR('',#7191,10.);
#1193=VECTOR('',#7192,10.);
#1194=VECTOR('',#7201,10.);
#1195=VECTOR('',#7202,10.);
#1196=VECTOR('',#7205,10.);
#1197=VECTOR('',#7214,2.6);
#1198=VECTOR('',#7223,2.60000000000002);
#1199=VECTOR('',#7232,2.6);
#1200=VECTOR('',#7241,2.6);
#1201=VECTOR('',#7248,10.);
#1202=VECTOR('',#7249,10.);
#1203=VECTOR('',#7250,10.);
#1204=VECTOR('',#7251,10.);
#1205=VECTOR('',#7252,10.);
#1206=VECTOR('',#7253,10.);
#1207=VECTOR('',#7256,10.);
#1208=VECTOR('',#7257,10.);
#1209=VECTOR('',#7258,10.);
#1210=VECTOR('',#7261,10.);
#1211=VECTOR('',#7264,10.);
#1212=VECTOR('',#7265,10.);
#1213=VECTOR('',#7270,10.);
#1214=VECTOR('',#7273,10.);
#1215=VECTOR('',#7276,10.);
#1216=VECTOR('',#7279,10.);
#1217=VECTOR('',#7280,10.);
#1218=VECTOR('',#7281,10.);
#1219=VECTOR('',#7282,10.);
#1220=VECTOR('',#7283,10.);
#1221=VECTOR('',#7286,10.);
#1222=VECTOR('',#7289,10.);
#1223=VECTOR('',#7290,10.);
#1224=VECTOR('',#7291,10.);
#1225=VECTOR('',#7292,10.);
#1226=VECTOR('',#7295,10.);
#1227=VECTOR('',#7296,10.);
#1228=VECTOR('',#7299,10.);
#1229=VECTOR('',#7302,10.);
#1230=VECTOR('',#7307,10.);
#1231=VECTOR('',#7308,10.);
#1232=VECTOR('',#7309,10.);
#1233=VECTOR('',#7312,10.);
#1234=VECTOR('',#7315,10.);
#1235=VECTOR('',#7318,10.);
#1236=VECTOR('',#7325,10.);
#1237=VECTOR('',#7328,10.);
#1238=VECTOR('',#7331,10.);
#1239=VECTOR('',#7334,10.);
#1240=VECTOR('',#7335,10.);
#1241=VECTOR('',#7338,10.);
#1242=VECTOR('',#7341,10.);
#1243=VECTOR('',#7344,10.);
#1244=VECTOR('',#7349,10.);
#1245=VECTOR('',#7350,10.);
#1246=VECTOR('',#7353,10.);
#1247=VECTOR('',#7356,10.);
#1248=VECTOR('',#7359,10.);
#1249=VECTOR('',#7362,10.);
#1250=VECTOR('',#7365,10.);
#1251=VECTOR('',#7368,10.);
#1252=VECTOR('',#7373,10.);
#1253=VECTOR('',#7374,10.);
#1254=VECTOR('',#7377,10.);
#1255=VECTOR('',#7380,10.);
#1256=VECTOR('',#7383,10.);
#1257=VECTOR('',#7386,10.);
#1258=VECTOR('',#7389,10.);
#1259=VECTOR('',#7392,10.);
#1260=VECTOR('',#7403,10.);
#1261=VECTOR('',#7406,10.);
#1262=VECTOR('',#7415,2.6);
#1263=VECTOR('',#7424,2.6);
#1264=VECTOR('',#7433,2.6);
#1265=VECTOR('',#7442,2.6);
#1266=VECTOR('',#7449,10.);
#1267=VECTOR('',#7450,10.);
#1268=VECTOR('',#7451,10.);
#1269=VECTOR('',#7452,10.);
#1270=VECTOR('',#7453,10.);
#1271=VECTOR('',#7454,10.);
#1272=VECTOR('',#7457,10.);
#1273=VECTOR('',#7458,10.);
#1274=VECTOR('',#7459,10.);
#1275=VECTOR('',#7462,10.);
#1276=VECTOR('',#7463,10.);
#1277=VECTOR('',#7466,10.);
#1278=VECTOR('',#7471,10.);
#1279=VECTOR('',#7480,10.);
#1280=VECTOR('',#7483,10.);
#1281=VECTOR('',#7486,10.);
#1282=VECTOR('',#7487,10.);
#1283=VECTOR('',#7488,10.);
#1284=VECTOR('',#7493,10.);
#1285=VECTOR('',#7498,10.);
#1286=VECTOR('',#7499,10.);
#1287=VECTOR('',#7500,10.);
#1288=VECTOR('',#7505,10.);
#1289=VECTOR('',#7510,10.);
#1290=VECTOR('',#7511,10.);
#1291=VECTOR('',#7512,10.);
#1292=VECTOR('',#7517,10.);
#1293=VECTOR('',#7522,10.);
#1294=VECTOR('',#7523,10.);
#1295=VECTOR('',#7526,10.);
#1296=VECTOR('',#7527,10.);
#1297=VECTOR('',#7528,10.);
#1298=VECTOR('',#7529,10.);
#1299=VECTOR('',#7534,10.);
#1300=VECTOR('',#7539,10.);
#1301=VECTOR('',#7540,10.);
#1302=VECTOR('',#7541,10.);
#1303=VECTOR('',#7546,10.);
#1304=VECTOR('',#7551,10.);
#1305=VECTOR('',#7552,10.);
#1306=VECTOR('',#7553,10.);
#1307=VECTOR('',#7558,10.);
#1308=VECTOR('',#7563,10.);
#1309=VECTOR('',#7564,10.);
#1310=VECTOR('',#7565,10.);
#1311=VECTOR('',#7576,10.);
#1312=VECTOR('',#7577,10.);
#1313=VECTOR('',#7580,10.);
#1314=VECTOR('',#7581,10.);
#1315=VECTOR('',#7582,10.);
#1316=VECTOR('',#7583,10.);
#1317=VECTOR('',#7586,10.);
#1318=VECTOR('',#7587,10.);
#1319=VECTOR('',#7588,10.);
#1320=VECTOR('',#7591,10.);
#1321=VECTOR('',#7592,10.);
#1322=VECTOR('',#7593,10.);
#1323=VECTOR('',#7596,10.);
#1324=VECTOR('',#7597,10.);
#1325=VECTOR('',#7604,10.);
#1326=VECTOR('',#7607,10.);
#1327=CYLINDRICAL_SURFACE('',#5637,2.6);
#1328=CYLINDRICAL_SURFACE('',#5641,2.60000000000002);
#1329=CYLINDRICAL_SURFACE('',#5646,7.5);
#1330=CYLINDRICAL_SURFACE('',#5654,7.5);
#1331=CYLINDRICAL_SURFACE('',#5664,7.5);
#1332=CYLINDRICAL_SURFACE('',#5675,2.60000000000002);
#1333=CYLINDRICAL_SURFACE('',#5679,2.6);
#1334=CYLINDRICAL_SURFACE('',#5687,7.5);
#1335=CYLINDRICAL_SURFACE('',#5692,7.5);
#1336=CYLINDRICAL_SURFACE('',#5699,7.5);
#1337=CYLINDRICAL_SURFACE('',#5701,2.6);
#1338=CYLINDRICAL_SURFACE('',#5705,2.60000000000002);
#1339=CYLINDRICAL_SURFACE('',#5711,2.60000000000002);
#1340=CYLINDRICAL_SURFACE('',#5715,2.6);
#1341=CYLINDRICAL_SURFACE('',#5742,7.5);
#1342=CYLINDRICAL_SURFACE('',#5760,3.2);
#1343=CYLINDRICAL_SURFACE('',#5767,3.2);
#1344=CYLINDRICAL_SURFACE('',#5771,3.2);
#1345=CYLINDRICAL_SURFACE('',#5775,3.2);
#1346=CYLINDRICAL_SURFACE('',#5780,7.5);
#1347=CYLINDRICAL_SURFACE('',#5794,3.25);
#1348=CYLINDRICAL_SURFACE('',#5795,3.25);
#1349=CYLINDRICAL_SURFACE('',#5811,2.3);
#1350=CYLINDRICAL_SURFACE('',#5814,2.3);
#1351=CYLINDRICAL_SURFACE('',#5817,2.3);
#1352=CYLINDRICAL_SURFACE('',#5820,2.3);
#1353=CYLINDRICAL_SURFACE('',#5855,5.74999999999999);
#1354=CYLINDRICAL_SURFACE('',#5858,3.25000000000001);
#1355=CYLINDRICAL_SURFACE('',#5859,3.25000000000001);
#1356=CYLINDRICAL_SURFACE('',#5868,5.74999999999999);
#1357=CYLINDRICAL_SURFACE('',#5870,5.74999999999999);
#1358=CYLINDRICAL_SURFACE('',#5872,5.74999999999999);
#1359=CYLINDRICAL_SURFACE('',#5874,5.74999999999999);
#1360=CYLINDRICAL_SURFACE('',#5876,5.74999999999999);
#1361=CYLINDRICAL_SURFACE('',#5878,5.74999999999999);
#1362=CYLINDRICAL_SURFACE('',#5882,2.6);
#1363=CYLINDRICAL_SURFACE('',#5885,2.6);
#1364=CYLINDRICAL_SURFACE('',#5888,2.6);
#1365=CYLINDRICAL_SURFACE('',#5891,2.60000000000002);
#1366=CYLINDRICAL_SURFACE('',#5894,2.6);
#1367=CYLINDRICAL_SURFACE('',#5897,2.6);
#1368=CYLINDRICAL_SURFACE('',#5900,2.60000000000002);
#1369=CYLINDRICAL_SURFACE('',#5903,2.6);
#1370=CYLINDRICAL_SURFACE('',#5930,4.);
#1371=CYLINDRICAL_SURFACE('',#5935,4.00000000000002);
#1372=CYLINDRICAL_SURFACE('',#5940,3.99999999999999);
#1373=CYLINDRICAL_SURFACE('',#5945,3.99999999999999);
#1374=CYLINDRICAL_SURFACE('',#5950,2.3);
#1375=CYLINDRICAL_SURFACE('',#5952,2.3);
#1376=CYLINDRICAL_SURFACE('',#5954,2.3);
#1377=CYLINDRICAL_SURFACE('',#5956,2.3);
#1378=CYLINDRICAL_SURFACE('',#5969,2.6);
#1379=CYLINDRICAL_SURFACE('',#5973,2.60000000000002);
#1380=CYLINDRICAL_SURFACE('',#5977,2.6);
#1381=CYLINDRICAL_SURFACE('',#5981,2.6);
#1382=CYLINDRICAL_SURFACE('',#6014,3.70849999999997);
#1383=CYLINDRICAL_SURFACE('',#6016,3.70849999999999);
#1384=CYLINDRICAL_SURFACE('',#6018,6.18099999999998);
#1385=CYLINDRICAL_SURFACE('',#6020,6.18099999999999);
#1386=CYLINDRICAL_SURFACE('',#6023,4.94499999999999);
#1387=CYLINDRICAL_SURFACE('',#6025,4.94499999999999);
#1388=CYLINDRICAL_SURFACE('',#6027,2.47249999999999);
#1389=CYLINDRICAL_SURFACE('',#6029,2.47249999999997);
#1390=CYLINDRICAL_SURFACE('',#6030,32.6341492911208);
#1391=CYLINDRICAL_SURFACE('',#6037,2.6);
#1392=CYLINDRICAL_SURFACE('',#6041,2.6);
#1393=CYLINDRICAL_SURFACE('',#6045,2.6);
#1394=CYLINDRICAL_SURFACE('',#6049,2.6);
#1395=CYLINDRICAL_SURFACE('',#6059,32.6341492911208);
#1396=CYLINDRICAL_SURFACE('',#6061,2.47249999999997);
#1397=CYLINDRICAL_SURFACE('',#6065,2.47249999999999);
#1398=CYLINDRICAL_SURFACE('',#6069,4.94499999999999);
#1399=CYLINDRICAL_SURFACE('',#6073,4.94499999999999);
#1400=CYLINDRICAL_SURFACE('',#6078,6.18099999999999);
#1401=CYLINDRICAL_SURFACE('',#6082,6.18099999999998);
#1402=CYLINDRICAL_SURFACE('',#6086,3.70849999999999);
#1403=CYLINDRICAL_SURFACE('',#6090,3.70849999999997);
#1404=FACE_OUTER_BOUND('',#1716,.T.);
#1405=FACE_OUTER_BOUND('',#1717,.T.);
#1406=FACE_OUTER_BOUND('',#1718,.T.);
#1407=FACE_OUTER_BOUND('',#1719,.T.);
#1408=FACE_OUTER_BOUND('',#1720,.T.);
#1409=FACE_OUTER_BOUND('',#1721,.T.);
#1410=FACE_OUTER_BOUND('',#1722,.T.);
#1411=FACE_OUTER_BOUND('',#1723,.T.);
#1412=FACE_OUTER_BOUND('',#1724,.T.);
#1413=FACE_OUTER_BOUND('',#1725,.T.);
#1414=FACE_OUTER_BOUND('',#1726,.T.);
#1415=FACE_OUTER_BOUND('',#1727,.T.);
#1416=FACE_OUTER_BOUND('',#1728,.T.);
#1417=FACE_OUTER_BOUND('',#1729,.T.);
#1418=FACE_OUTER_BOUND('',#1730,.T.);
#1419=FACE_OUTER_BOUND('',#1731,.T.);
#1420=FACE_OUTER_BOUND('',#1732,.T.);
#1421=FACE_OUTER_BOUND('',#1733,.T.);
#1422=FACE_OUTER_BOUND('',#1734,.T.);
#1423=FACE_OUTER_BOUND('',#1735,.T.);
#1424=FACE_OUTER_BOUND('',#1736,.T.);
#1425=FACE_OUTER_BOUND('',#1737,.T.);
#1426=FACE_OUTER_BOUND('',#1738,.T.);
#1427=FACE_OUTER_BOUND('',#1739,.T.);
#1428=FACE_OUTER_BOUND('',#1740,.T.);
#1429=FACE_OUTER_BOUND('',#1741,.T.);
#1430=FACE_OUTER_BOUND('',#1742,.T.);
#1431=FACE_OUTER_BOUND('',#1743,.T.);
#1432=FACE_OUTER_BOUND('',#1744,.T.);
#1433=FACE_OUTER_BOUND('',#1745,.T.);
#1434=FACE_OUTER_BOUND('',#1746,.T.);
#1435=FACE_OUTER_BOUND('',#1747,.T.);
#1436=FACE_OUTER_BOUND('',#1752,.T.);
#1437=FACE_OUTER_BOUND('',#1753,.T.);
#1438=FACE_OUTER_BOUND('',#1754,.T.);
#1439=FACE_OUTER_BOUND('',#1755,.T.);
#1440=FACE_OUTER_BOUND('',#1756,.T.);
#1441=FACE_OUTER_BOUND('',#1757,.T.);
#1442=FACE_OUTER_BOUND('',#1758,.T.);
#1443=FACE_OUTER_BOUND('',#1759,.T.);
#1444=FACE_OUTER_BOUND('',#1760,.T.);
#1445=FACE_OUTER_BOUND('',#1761,.T.);
#1446=FACE_OUTER_BOUND('',#1762,.T.);
#1447=FACE_OUTER_BOUND('',#1763,.T.);
#1448=FACE_OUTER_BOUND('',#1764,.T.);
#1449=FACE_OUTER_BOUND('',#1765,.T.);
#1450=FACE_OUTER_BOUND('',#1766,.T.);
#1451=FACE_OUTER_BOUND('',#1767,.T.);
#1452=FACE_OUTER_BOUND('',#1768,.T.);
#1453=FACE_OUTER_BOUND('',#1769,.T.);
#1454=FACE_OUTER_BOUND('',#1772,.T.);
#1455=FACE_OUTER_BOUND('',#1773,.T.);
#1456=FACE_OUTER_BOUND('',#1774,.T.);
#1457=FACE_OUTER_BOUND('',#1775,.T.);
#1458=FACE_OUTER_BOUND('',#1776,.T.);
#1459=FACE_OUTER_BOUND('',#1777,.T.);
#1460=FACE_OUTER_BOUND('',#1778,.T.);
#1461=FACE_OUTER_BOUND('',#1779,.T.);
#1462=FACE_OUTER_BOUND('',#1780,.T.);
#1463=FACE_OUTER_BOUND('',#1781,.T.);
#1464=FACE_OUTER_BOUND('',#1782,.T.);
#1465=FACE_OUTER_BOUND('',#1783,.T.);
#1466=FACE_OUTER_BOUND('',#1784,.T.);
#1467=FACE_OUTER_BOUND('',#1785,.T.);
#1468=FACE_OUTER_BOUND('',#1786,.T.);
#1469=FACE_OUTER_BOUND('',#1787,.T.);
#1470=FACE_OUTER_BOUND('',#1789,.T.);
#1471=FACE_OUTER_BOUND('',#1790,.T.);
#1472=FACE_OUTER_BOUND('',#1791,.T.);
#1473=FACE_OUTER_BOUND('',#1792,.T.);
#1474=FACE_OUTER_BOUND('',#1793,.T.);
#1475=FACE_OUTER_BOUND('',#1794,.T.);
#1476=FACE_OUTER_BOUND('',#1796,.T.);
#1477=FACE_OUTER_BOUND('',#1797,.T.);
#1478=FACE_OUTER_BOUND('',#1798,.T.);
#1479=FACE_OUTER_BOUND('',#1799,.T.);
#1480=FACE_OUTER_BOUND('',#1802,.T.);
#1481=FACE_OUTER_BOUND('',#1803,.T.);
#1482=FACE_OUTER_BOUND('',#1804,.T.);
#1483=FACE_OUTER_BOUND('',#1805,.T.);
#1484=FACE_OUTER_BOUND('',#1806,.T.);
#1485=FACE_OUTER_BOUND('',#1807,.T.);
#1486=FACE_OUTER_BOUND('',#1808,.T.);
#1487=FACE_OUTER_BOUND('',#1809,.T.);
#1488=FACE_OUTER_BOUND('',#1810,.T.);
#1489=FACE_OUTER_BOUND('',#1813,.T.);
#1490=FACE_OUTER_BOUND('',#1815,.T.);
#1491=FACE_OUTER_BOUND('',#1816,.T.);
#1492=FACE_OUTER_BOUND('',#1817,.T.);
#1493=FACE_OUTER_BOUND('',#1818,.T.);
#1494=FACE_OUTER_BOUND('',#1819,.T.);
#1495=FACE_OUTER_BOUND('',#1820,.T.);
#1496=FACE_OUTER_BOUND('',#1821,.T.);
#1497=FACE_OUTER_BOUND('',#1822,.T.);
#1498=FACE_OUTER_BOUND('',#1823,.T.);
#1499=FACE_OUTER_BOUND('',#1824,.T.);
#1500=FACE_OUTER_BOUND('',#1826,.T.);
#1501=FACE_OUTER_BOUND('',#1827,.T.);
#1502=FACE_OUTER_BOUND('',#1828,.T.);
#1503=FACE_OUTER_BOUND('',#1829,.T.);
#1504=FACE_OUTER_BOUND('',#1830,.T.);
#1505=FACE_OUTER_BOUND('',#1831,.T.);
#1506=FACE_OUTER_BOUND('',#1832,.T.);
#1507=FACE_OUTER_BOUND('',#1833,.T.);
#1508=FACE_OUTER_BOUND('',#1834,.T.);
#1509=FACE_OUTER_BOUND('',#1835,.T.);
#1510=FACE_OUTER_BOUND('',#1836,.T.);
#1511=FACE_OUTER_BOUND('',#1837,.T.);
#1512=FACE_OUTER_BOUND('',#1838,.T.);
#1513=FACE_OUTER_BOUND('',#1839,.T.);
#1514=FACE_OUTER_BOUND('',#1840,.T.);
#1515=FACE_OUTER_BOUND('',#1841,.T.);
#1516=FACE_OUTER_BOUND('',#1843,.T.);
#1517=FACE_OUTER_BOUND('',#1844,.T.);
#1518=FACE_OUTER_BOUND('',#1845,.T.);
#1519=FACE_OUTER_BOUND('',#1846,.T.);
#1520=FACE_OUTER_BOUND('',#1847,.T.);
#1521=FACE_OUTER_BOUND('',#1848,.T.);
#1522=FACE_OUTER_BOUND('',#1850,.T.);
#1523=FACE_OUTER_BOUND('',#1851,.T.);
#1524=FACE_OUTER_BOUND('',#1852,.T.);
#1525=FACE_OUTER_BOUND('',#1853,.T.);
#1526=FACE_OUTER_BOUND('',#1854,.T.);
#1527=FACE_OUTER_BOUND('',#1855,.T.);
#1528=FACE_OUTER_BOUND('',#1856,.T.);
#1529=FACE_OUTER_BOUND('',#1857,.T.);
#1530=FACE_OUTER_BOUND('',#1858,.T.);
#1531=FACE_OUTER_BOUND('',#1859,.T.);
#1532=FACE_OUTER_BOUND('',#1860,.T.);
#1533=FACE_OUTER_BOUND('',#1861,.T.);
#1534=FACE_OUTER_BOUND('',#1862,.T.);
#1535=FACE_OUTER_BOUND('',#1863,.T.);
#1536=FACE_OUTER_BOUND('',#1864,.T.);
#1537=FACE_OUTER_BOUND('',#1865,.T.);
#1538=FACE_OUTER_BOUND('',#1866,.T.);
#1539=FACE_OUTER_BOUND('',#1867,.T.);
#1540=FACE_OUTER_BOUND('',#1868,.T.);
#1541=FACE_OUTER_BOUND('',#1869,.T.);
#1542=FACE_OUTER_BOUND('',#1870,.T.);
#1543=FACE_OUTER_BOUND('',#1871,.T.);
#1544=FACE_OUTER_BOUND('',#1872,.T.);
#1545=FACE_OUTER_BOUND('',#1873,.T.);
#1546=FACE_OUTER_BOUND('',#1881,.T.);
#1547=FACE_OUTER_BOUND('',#1882,.T.);
#1548=FACE_OUTER_BOUND('',#1883,.T.);
#1549=FACE_OUTER_BOUND('',#1884,.T.);
#1550=FACE_OUTER_BOUND('',#1885,.T.);
#1551=FACE_OUTER_BOUND('',#1886,.T.);
#1552=FACE_OUTER_BOUND('',#1888,.T.);
#1553=FACE_OUTER_BOUND('',#1889,.T.);
#1554=FACE_OUTER_BOUND('',#1891,.T.);
#1555=FACE_OUTER_BOUND('',#1892,.T.);
#1556=FACE_OUTER_BOUND('',#1900,.T.);
#1557=FACE_OUTER_BOUND('',#1902,.T.);
#1558=FACE_OUTER_BOUND('',#1903,.T.);
#1559=FACE_OUTER_BOUND('',#1904,.T.);
#1560=FACE_OUTER_BOUND('',#1905,.T.);
#1561=FACE_OUTER_BOUND('',#1906,.T.);
#1562=FACE_OUTER_BOUND('',#1908,.T.);
#1563=FACE_OUTER_BOUND('',#1909,.T.);
#1564=FACE_OUTER_BOUND('',#1910,.T.);
#1565=FACE_OUTER_BOUND('',#1911,.T.);
#1566=FACE_OUTER_BOUND('',#1912,.T.);
#1567=FACE_OUTER_BOUND('',#1913,.T.);
#1568=FACE_OUTER_BOUND('',#1914,.T.);
#1569=FACE_OUTER_BOUND('',#1915,.T.);
#1570=FACE_OUTER_BOUND('',#1916,.T.);
#1571=FACE_OUTER_BOUND('',#1917,.T.);
#1572=FACE_OUTER_BOUND('',#1918,.T.);
#1573=FACE_OUTER_BOUND('',#1919,.T.);
#1574=FACE_OUTER_BOUND('',#1920,.T.);
#1575=FACE_OUTER_BOUND('',#1921,.T.);
#1576=FACE_OUTER_BOUND('',#1922,.T.);
#1577=FACE_OUTER_BOUND('',#1923,.T.);
#1578=FACE_OUTER_BOUND('',#1924,.T.);
#1579=FACE_OUTER_BOUND('',#1925,.T.);
#1580=FACE_OUTER_BOUND('',#1926,.T.);
#1581=FACE_OUTER_BOUND('',#1927,.T.);
#1582=FACE_OUTER_BOUND('',#1928,.T.);
#1583=FACE_OUTER_BOUND('',#1929,.T.);
#1584=FACE_OUTER_BOUND('',#1930,.T.);
#1585=FACE_OUTER_BOUND('',#1931,.T.);
#1586=FACE_OUTER_BOUND('',#1932,.T.);
#1587=FACE_OUTER_BOUND('',#1933,.T.);
#1588=FACE_OUTER_BOUND('',#1934,.T.);
#1589=FACE_OUTER_BOUND('',#1935,.T.);
#1590=FACE_OUTER_BOUND('',#1936,.T.);
#1591=FACE_OUTER_BOUND('',#1937,.T.);
#1592=FACE_OUTER_BOUND('',#1938,.T.);
#1593=FACE_OUTER_BOUND('',#1939,.T.);
#1594=FACE_OUTER_BOUND('',#1945,.T.);
#1595=FACE_OUTER_BOUND('',#1946,.T.);
#1596=FACE_OUTER_BOUND('',#1947,.T.);
#1597=FACE_OUTER_BOUND('',#1948,.T.);
#1598=FACE_OUTER_BOUND('',#1950,.T.);
#1599=FACE_OUTER_BOUND('',#1951,.T.);
#1600=FACE_OUTER_BOUND('',#1952,.T.);
#1601=FACE_OUTER_BOUND('',#1953,.T.);
#1602=FACE_OUTER_BOUND('',#1954,.T.);
#1603=FACE_OUTER_BOUND('',#1956,.T.);
#1604=FACE_OUTER_BOUND('',#1957,.T.);
#1605=FACE_OUTER_BOUND('',#1958,.T.);
#1606=FACE_OUTER_BOUND('',#1959,.T.);
#1607=FACE_OUTER_BOUND('',#1960,.T.);
#1608=FACE_OUTER_BOUND('',#1962,.T.);
#1609=FACE_OUTER_BOUND('',#1963,.T.);
#1610=FACE_OUTER_BOUND('',#1964,.T.);
#1611=FACE_OUTER_BOUND('',#1965,.T.);
#1612=FACE_OUTER_BOUND('',#1966,.T.);
#1613=FACE_OUTER_BOUND('',#1968,.T.);
#1614=FACE_OUTER_BOUND('',#1969,.T.);
#1615=FACE_OUTER_BOUND('',#1970,.T.);
#1616=FACE_OUTER_BOUND('',#1972,.T.);
#1617=FACE_OUTER_BOUND('',#1973,.T.);
#1618=FACE_OUTER_BOUND('',#1975,.T.);
#1619=FACE_OUTER_BOUND('',#1976,.T.);
#1620=FACE_OUTER_BOUND('',#1978,.T.);
#1621=FACE_OUTER_BOUND('',#1979,.T.);
#1622=FACE_OUTER_BOUND('',#1981,.T.);
#1623=FACE_OUTER_BOUND('',#1982,.T.);
#1624=FACE_OUTER_BOUND('',#1983,.T.);
#1625=FACE_OUTER_BOUND('',#1984,.T.);
#1626=FACE_OUTER_BOUND('',#1985,.T.);
#1627=FACE_OUTER_BOUND('',#1991,.T.);
#1628=FACE_OUTER_BOUND('',#1992,.T.);
#1629=FACE_OUTER_BOUND('',#1993,.T.);
#1630=FACE_OUTER_BOUND('',#1994,.T.);
#1631=FACE_OUTER_BOUND('',#2000,.T.);
#1632=FACE_OUTER_BOUND('',#2001,.T.);
#1633=FACE_OUTER_BOUND('',#2002,.T.);
#1634=FACE_OUTER_BOUND('',#2003,.T.);
#1635=FACE_OUTER_BOUND('',#2004,.T.);
#1636=FACE_OUTER_BOUND('',#2005,.T.);
#1637=FACE_OUTER_BOUND('',#2006,.T.);
#1638=FACE_OUTER_BOUND('',#2007,.T.);
#1639=FACE_OUTER_BOUND('',#2008,.T.);
#1640=FACE_OUTER_BOUND('',#2009,.T.);
#1641=FACE_OUTER_BOUND('',#2010,.T.);
#1642=FACE_OUTER_BOUND('',#2015,.T.);
#1643=FACE_OUTER_BOUND('',#2016,.T.);
#1644=FACE_OUTER_BOUND('',#2017,.T.);
#1645=FACE_OUTER_BOUND('',#2018,.T.);
#1646=FACE_OUTER_BOUND('',#2021,.T.);
#1647=FACE_OUTER_BOUND('',#2022,.T.);
#1648=FACE_OUTER_BOUND('',#2023,.T.);
#1649=FACE_OUTER_BOUND('',#2024,.T.);
#1650=FACE_OUTER_BOUND('',#2025,.T.);
#1651=FACE_OUTER_BOUND('',#2026,.T.);
#1652=FACE_OUTER_BOUND('',#2028,.T.);
#1653=FACE_OUTER_BOUND('',#2030,.T.);
#1654=FACE_OUTER_BOUND('',#2031,.T.);
#1655=FACE_OUTER_BOUND('',#2032,.T.);
#1656=FACE_OUTER_BOUND('',#2033,.T.);
#1657=FACE_OUTER_BOUND('',#2034,.T.);
#1658=FACE_OUTER_BOUND('',#2035,.T.);
#1659=FACE_OUTER_BOUND('',#2036,.T.);
#1660=FACE_OUTER_BOUND('',#2037,.T.);
#1661=FACE_OUTER_BOUND('',#2038,.T.);
#1662=FACE_OUTER_BOUND('',#2039,.T.);
#1663=FACE_OUTER_BOUND('',#2040,.T.);
#1664=FACE_OUTER_BOUND('',#2041,.T.);
#1665=FACE_OUTER_BOUND('',#2042,.T.);
#1666=FACE_OUTER_BOUND('',#2043,.T.);
#1667=FACE_OUTER_BOUND('',#2044,.T.);
#1668=FACE_OUTER_BOUND('',#2045,.T.);
#1669=FACE_OUTER_BOUND('',#2046,.T.);
#1670=FACE_OUTER_BOUND('',#2047,.T.);
#1671=FACE_OUTER_BOUND('',#2048,.T.);
#1672=FACE_OUTER_BOUND('',#2049,.T.);
#1673=FACE_OUTER_BOUND('',#2050,.T.);
#1674=FACE_OUTER_BOUND('',#2051,.T.);
#1675=FACE_OUTER_BOUND('',#2052,.T.);
#1676=FACE_OUTER_BOUND('',#2053,.T.);
#1677=FACE_OUTER_BOUND('',#2054,.T.);
#1678=FACE_OUTER_BOUND('',#2055,.T.);
#1679=FACE_OUTER_BOUND('',#2056,.T.);
#1680=FACE_OUTER_BOUND('',#2057,.T.);
#1681=FACE_OUTER_BOUND('',#2058,.T.);
#1682=FACE_OUTER_BOUND('',#2059,.T.);
#1683=FACE_OUTER_BOUND('',#2064,.T.);
#1684=FACE_OUTER_BOUND('',#2065,.T.);
#1685=FACE_OUTER_BOUND('',#2066,.T.);
#1686=FACE_OUTER_BOUND('',#2067,.T.);
#1687=FACE_OUTER_BOUND('',#2068,.T.);
#1688=FACE_OUTER_BOUND('',#2069,.T.);
#1689=FACE_OUTER_BOUND('',#2070,.T.);
#1690=FACE_OUTER_BOUND('',#2071,.T.);
#1691=FACE_OUTER_BOUND('',#2072,.T.);
#1692=FACE_OUTER_BOUND('',#2073,.T.);
#1693=FACE_OUTER_BOUND('',#2074,.T.);
#1694=FACE_OUTER_BOUND('',#2075,.T.);
#1695=FACE_OUTER_BOUND('',#2076,.T.);
#1696=FACE_OUTER_BOUND('',#2077,.T.);
#1697=FACE_OUTER_BOUND('',#2078,.T.);
#1698=FACE_OUTER_BOUND('',#2079,.T.);
#1699=FACE_OUTER_BOUND('',#2080,.T.);
#1700=FACE_OUTER_BOUND('',#2081,.T.);
#1701=FACE_OUTER_BOUND('',#2082,.T.);
#1702=FACE_OUTER_BOUND('',#2083,.T.);
#1703=FACE_OUTER_BOUND('',#2084,.T.);
#1704=FACE_OUTER_BOUND('',#2085,.T.);
#1705=FACE_OUTER_BOUND('',#2087,.T.);
#1706=FACE_OUTER_BOUND('',#2089,.T.);
#1707=FACE_OUTER_BOUND('',#2090,.T.);
#1708=FACE_OUTER_BOUND('',#2091,.T.);
#1709=FACE_OUTER_BOUND('',#2092,.T.);
#1710=FACE_OUTER_BOUND('',#2093,.T.);
#1711=FACE_OUTER_BOUND('',#2094,.T.);
#1712=FACE_OUTER_BOUND('',#2097,.T.);
#1713=FACE_OUTER_BOUND('',#2098,.T.);
#1714=FACE_OUTER_BOUND('',#2099,.T.);
#1715=FACE_OUTER_BOUND('',#2100,.T.);
#1716=EDGE_LOOP('',(#3515));
#1717=EDGE_LOOP('',(#3516,#3517,#3518,#3519));
#1718=EDGE_LOOP('',(#3520));
#1719=EDGE_LOOP('',(#3521,#3522,#3523,#3524));
#1720=EDGE_LOOP('',(#3525,#3526,#3527,#3528,#3529));
#1721=EDGE_LOOP('',(#3530,#3531,#3532,#3533,#3534,#3535));
#1722=EDGE_LOOP('',(#3536,#3537,#3538,#3539,#3540));
#1723=EDGE_LOOP('',(#3541,#3542,#3543,#3544,#3545));
#1724=EDGE_LOOP('',(#3546,#3547,#3548,#3549,#3550,#3551));
#1725=EDGE_LOOP('',(#3552,#3553,#3554,#3555,#3556,#3557));
#1726=EDGE_LOOP('',(#3558,#3559));
#1727=EDGE_LOOP('',(#3560,#3561,#3562,#3563));
#1728=EDGE_LOOP('',(#3564,#3565,#3566));
#1729=EDGE_LOOP('',(#3567,#3568,#3569,#3570));
#1730=EDGE_LOOP('',(#3571,#3572,#3573,#3574,#3575,#3576,#3577));
#1731=EDGE_LOOP('',(#3578,#3579,#3580,#3581));
#1732=EDGE_LOOP('',(#3582,#3583,#3584,#3585,#3586));
#1733=EDGE_LOOP('',(#3587,#3588,#3589,#3590));
#1734=EDGE_LOOP('',(#3591,#3592,#3593,#3594));
#1735=EDGE_LOOP('',(#3595,#3596,#3597,#3598));
#1736=EDGE_LOOP('',(#3599,#3600,#3601,#3602));
#1737=EDGE_LOOP('',(#3603,#3604,#3605,#3606));
#1738=EDGE_LOOP('',(#3607,#3608,#3609,#3610));
#1739=EDGE_LOOP('',(#3611,#3612,#3613,#3614));
#1740=EDGE_LOOP('',(#3615,#3616,#3617,#3618));
#1741=EDGE_LOOP('',(#3619,#3620,#3621,#3622,#3623,#3624,#3625,#3626));
#1742=EDGE_LOOP('',(#3627,#3628,#3629,#3630));
#1743=EDGE_LOOP('',(#3631,#3632,#3633,#3634));
#1744=EDGE_LOOP('',(#3635,#3636,#3637,#3638));
#1745=EDGE_LOOP('',(#3639,#3640,#3641,#3642));
#1746=EDGE_LOOP('',(#3643,#3644,#3645,#3646));
#1747=EDGE_LOOP('',(#3647,#3648,#3649,#3650,#3651,#3652,#3653,#3654));
#1748=EDGE_LOOP('',(#3655));
#1749=EDGE_LOOP('',(#3656));
#1750=EDGE_LOOP('',(#3657,#3658,#3659,#3660));
#1751=EDGE_LOOP('',(#3661,#3662,#3663,#3664));
#1752=EDGE_LOOP('',(#3665,#3666,#3667,#3668));
#1753=EDGE_LOOP('',(#3669,#3670,#3671,#3672));
#1754=EDGE_LOOP('',(#3673));
#1755=EDGE_LOOP('',(#3674,#3675,#3676,#3677));
#1756=EDGE_LOOP('',(#3678));
#1757=EDGE_LOOP('',(#3679,#3680,#3681,#3682,#3683));
#1758=EDGE_LOOP('',(#3684,#3685,#3686,#3687,#3688));
#1759=EDGE_LOOP('',(#3689,#3690,#3691,#3692,#3693,#3694));
#1760=EDGE_LOOP('',(#3695,#3696,#3697,#3698));
#1761=EDGE_LOOP('',(#3699,#3700,#3701,#3702,#3703,#3704));
#1762=EDGE_LOOP('',(#3705,#3706));
#1763=EDGE_LOOP('',(#3707,#3708,#3709,#3710));
#1764=EDGE_LOOP('',(#3711,#3712,#3713,#3714,#3715));
#1765=EDGE_LOOP('',(#3716,#3717,#3718,#3719));
#1766=EDGE_LOOP('',(#3720,#3721,#3722,#3723));
#1767=EDGE_LOOP('',(#3724,#3725,#3726,#3727));
#1768=EDGE_LOOP('',(#3728,#3729,#3730,#3731,#3732,#3733,#3734));
#1769=EDGE_LOOP('',(#3735,#3736,#3737,#3738,#3739,#3740,#3741,#3742));
#1770=EDGE_LOOP('',(#3743));
#1771=EDGE_LOOP('',(#3744));
#1772=EDGE_LOOP('',(#3745,#3746,#3747,#3748));
#1773=EDGE_LOOP('',(#3749,#3750,#3751));
#1774=EDGE_LOOP('',(#3752,#3753,#3754,#3755,#3756));
#1775=EDGE_LOOP('',(#3757,#3758,#3759,#3760));
#1776=EDGE_LOOP('',(#3761,#3762,#3763,#3764));
#1777=EDGE_LOOP('',(#3765));
#1778=EDGE_LOOP('',(#3766,#3767,#3768,#3769));
#1779=EDGE_LOOP('',(#3770));
#1780=EDGE_LOOP('',(#3771));
#1781=EDGE_LOOP('',(#3772,#3773,#3774,#3775));
#1782=EDGE_LOOP('',(#3776));
#1783=EDGE_LOOP('',(#3777,#3778,#3779,#3780));
#1784=EDGE_LOOP('',(#3781,#3782,#3783,#3784));
#1785=EDGE_LOOP('',(#3785,#3786,#3787,#3788));
#1786=EDGE_LOOP('',(#3789,#3790,#3791,#3792));
#1787=EDGE_LOOP('',(#3793,#3794,#3795,#3796,#3797,#3798,#3799));
#1788=EDGE_LOOP('',(#3800));
#1789=EDGE_LOOP('',(#3801,#3802,#3803,#3804,#3805,#3806,#3807));
#1790=EDGE_LOOP('',(#3808,#3809,#3810,#3811));
#1791=EDGE_LOOP('',(#3812,#3813,#3814,#3815));
#1792=EDGE_LOOP('',(#3816,#3817,#3818,#3819));
#1793=EDGE_LOOP('',(#3820,#3821,#3822,#3823,#3824,#3825,#3826,#3827,#3828,
#3829,#3830,#3831));
#1794=EDGE_LOOP('',(#3832,#3833,#3834,#3835,#3836,#3837,#3838,#3839));
#1795=EDGE_LOOP('',(#3840));
#1796=EDGE_LOOP('',(#3841,#3842,#3843,#3844));
#1797=EDGE_LOOP('',(#3845,#3846,#3847,#3848));
#1798=EDGE_LOOP('',(#3849,#3850,#3851,#3852));
#1799=EDGE_LOOP('',(#3853,#3854,#3855,#3856,#3857,#3858,#3859,#3860,#3861,
#3862,#3863,#3864,#3865,#3866,#3867,#3868));
#1800=EDGE_LOOP('',(#3869));
#1801=EDGE_LOOP('',(#3870));
#1802=EDGE_LOOP('',(#3871,#3872,#3873,#3874,#3875,#3876,#3877,#3878));
#1803=EDGE_LOOP('',(#3879,#3880,#3881,#3882));
#1804=EDGE_LOOP('',(#3883,#3884,#3885,#3886,#3887,#3888,#3889,#3890,#3891,
#3892));
#1805=EDGE_LOOP('',(#3893,#3894,#3895,#3896,#3897,#3898,#3899,#3900,#3901,
#3902));
#1806=EDGE_LOOP('',(#3903,#3904,#3905,#3906,#3907));
#1807=EDGE_LOOP('',(#3908,#3909,#3910,#3911));
#1808=EDGE_LOOP('',(#3912,#3913,#3914,#3915));
#1809=EDGE_LOOP('',(#3916,#3917,#3918,#3919));
#1810=EDGE_LOOP('',(#3920,#3921,#3922,#3923,#3924,#3925,#3926,#3927,#3928,
#3929,#3930,#3931,#3932,#3933,#3934,#3935));
#1811=EDGE_LOOP('',(#3936));
#1812=EDGE_LOOP('',(#3937));
#1813=EDGE_LOOP('',(#3938,#3939,#3940,#3941,#3942,#3943,#3944,#3945));
#1814=EDGE_LOOP('',(#3946));
#1815=EDGE_LOOP('',(#3947,#3948,#3949,#3950,#3951,#3952,#3953,#3954));
#1816=EDGE_LOOP('',(#3955,#3956,#3957,#3958,#3959,#3960,#3961,#3962,#3963,
#3964));
#1817=EDGE_LOOP('',(#3965,#3966,#3967,#3968));
#1818=EDGE_LOOP('',(#3969,#3970,#3971,#3972,#3973,#3974,#3975));
#1819=EDGE_LOOP('',(#3976,#3977,#3978,#3979,#3980,#3981,#3982));
#1820=EDGE_LOOP('',(#3983,#3984,#3985,#3986,#3987,#3988,#3989));
#1821=EDGE_LOOP('',(#3990,#3991,#3992,#3993));
#1822=EDGE_LOOP('',(#3994,#3995,#3996,#3997));
#1823=EDGE_LOOP('',(#3998,#3999,#4000,#4001));
#1824=EDGE_LOOP('',(#4002,#4003,#4004,#4005,#4006,#4007,#4008));
#1825=EDGE_LOOP('',(#4009));
#1826=EDGE_LOOP('',(#4010,#4011,#4012,#4013,#4014,#4015,#4016));
#1827=EDGE_LOOP('',(#4017,#4018,#4019,#4020));
#1828=EDGE_LOOP('',(#4021,#4022,#4023,#4024));
#1829=EDGE_LOOP('',(#4025,#4026,#4027,#4028));
#1830=EDGE_LOOP('',(#4029,#4030,#4031,#4032,#4033,#4034));
#1831=EDGE_LOOP('',(#4035,#4036,#4037,#4038));
#1832=EDGE_LOOP('',(#4039,#4040,#4041,#4042));
#1833=EDGE_LOOP('',(#4043,#4044,#4045,#4046));
#1834=EDGE_LOOP('',(#4047,#4048,#4049,#4050,#4051,#4052));
#1835=EDGE_LOOP('',(#4053,#4054,#4055,#4056));
#1836=EDGE_LOOP('',(#4057,#4058,#4059,#4060));
#1837=EDGE_LOOP('',(#4061,#4062,#4063,#4064));
#1838=EDGE_LOOP('',(#4065,#4066,#4067,#4068,#4069,#4070,#4071,#4072));
#1839=EDGE_LOOP('',(#4073,#4074,#4075,#4076,#4077,#4078,#4079,#4080,#4081,
#4082,#4083,#4084));
#1840=EDGE_LOOP('',(#4085,#4086,#4087,#4088,#4089));
#1841=EDGE_LOOP('',(#4090,#4091,#4092,#4093,#4094,#4095,#4096,#4097,#4098,
#4099,#4100,#4101));
#1842=EDGE_LOOP('',(#4102,#4103));
#1843=EDGE_LOOP('',(#4104,#4105,#4106,#4107));
#1844=EDGE_LOOP('',(#4108,#4109,#4110,#4111,#4112,#4113,#4114,#4115));
#1845=EDGE_LOOP('',(#4116,#4117,#4118,#4119,#4120));
#1846=EDGE_LOOP('',(#4121,#4122,#4123,#4124));
#1847=EDGE_LOOP('',(#4125,#4126,#4127,#4128));
#1848=EDGE_LOOP('',(#4129,#4130,#4131,#4132,#4133,#4134,#4135,#4136,#4137,
#4138,#4139,#4140));
#1849=EDGE_LOOP('',(#4141,#4142));
#1850=EDGE_LOOP('',(#4143,#4144,#4145,#4146,#4147));
#1851=EDGE_LOOP('',(#4148,#4149,#4150,#4151,#4152,#4153,#4154,#4155));
#1852=EDGE_LOOP('',(#4156,#4157,#4158,#4159,#4160,#4161,#4162));
#1853=EDGE_LOOP('',(#4163,#4164,#4165,#4166));
#1854=EDGE_LOOP('',(#4167,#4168,#4169,#4170));
#1855=EDGE_LOOP('',(#4171,#4172,#4173,#4174));
#1856=EDGE_LOOP('',(#4175,#4176,#4177,#4178));
#1857=EDGE_LOOP('',(#4179,#4180,#4181,#4182,#4183));
#1858=EDGE_LOOP('',(#4184,#4185,#4186,#4187,#4188));
#1859=EDGE_LOOP('',(#4189,#4190,#4191,#4192));
#1860=EDGE_LOOP('',(#4193,#4194,#4195,#4196,#4197));
#1861=EDGE_LOOP('',(#4198,#4199,#4200,#4201,#4202));
#1862=EDGE_LOOP('',(#4203,#4204,#4205,#4206));
#1863=EDGE_LOOP('',(#4207,#4208,#4209,#4210,#4211));
#1864=EDGE_LOOP('',(#4212,#4213,#4214,#4215));
#1865=EDGE_LOOP('',(#4216,#4217,#4218,#4219,#4220));
#1866=EDGE_LOOP('',(#4221,#4222,#4223,#4224,#4225));
#1867=EDGE_LOOP('',(#4226,#4227,#4228,#4229));
#1868=EDGE_LOOP('',(#4230,#4231,#4232,#4233,#4234));
#1869=EDGE_LOOP('',(#4235,#4236,#4237,#4238));
#1870=EDGE_LOOP('',(#4239,#4240,#4241,#4242));
#1871=EDGE_LOOP('',(#4243,#4244,#4245,#4246));
#1872=EDGE_LOOP('',(#4247,#4248,#4249,#4250));
#1873=EDGE_LOOP('',(#4251,#4252,#4253,#4254,#4255,#4256));
#1874=EDGE_LOOP('',(#4257,#4258,#4259,#4260));
#1875=EDGE_LOOP('',(#4261,#4262,#4263,#4264));
#1876=EDGE_LOOP('',(#4265,#4266,#4267,#4268,#4269,#4270,#4271,#4272,#4273,
#4274,#4275,#4276));
#1877=EDGE_LOOP('',(#4277));
#1878=EDGE_LOOP('',(#4278));
#1879=EDGE_LOOP('',(#4279));
#1880=EDGE_LOOP('',(#4280));
#1881=EDGE_LOOP('',(#4281,#4282,#4283,#4284,#4285,#4286,#4287,#4288));
#1882=EDGE_LOOP('',(#4289,#4290,#4291,#4292));
#1883=EDGE_LOOP('',(#4293,#4294,#4295,#4296,#4297,#4298));
#1884=EDGE_LOOP('',(#4299,#4300,#4301,#4302));
#1885=EDGE_LOOP('',(#4303,#4304,#4305,#4306,#4307,#4308,#4309,#4310));
#1886=EDGE_LOOP('',(#4311,#4312,#4313,#4314));
#1887=EDGE_LOOP('',(#4315));
#1888=EDGE_LOOP('',(#4316,#4317,#4318,#4319));
#1889=EDGE_LOOP('',(#4320,#4321,#4322,#4323));
#1890=EDGE_LOOP('',(#4324));
#1891=EDGE_LOOP('',(#4325,#4326,#4327,#4328));
#1892=EDGE_LOOP('',(#4329,#4330,#4331,#4332,#4333,#4334));
#1893=EDGE_LOOP('',(#4335,#4336,#4337,#4338));
#1894=EDGE_LOOP('',(#4339,#4340,#4341,#4342));
#1895=EDGE_LOOP('',(#4343,#4344,#4345));
#1896=EDGE_LOOP('',(#4346));
#1897=EDGE_LOOP('',(#4347));
#1898=EDGE_LOOP('',(#4348));
#1899=EDGE_LOOP('',(#4349));
#1900=EDGE_LOOP('',(#4350));
#1901=EDGE_LOOP('',(#4351));
#1902=EDGE_LOOP('',(#4352,#4353,#4354,#4355,#4356,#4357));
#1903=EDGE_LOOP('',(#4358,#4359));
#1904=EDGE_LOOP('',(#4360,#4361,#4362,#4363));
#1905=EDGE_LOOP('',(#4364,#4365,#4366,#4367));
#1906=EDGE_LOOP('',(#4368,#4369,#4370,#4371,#4372,#4373,#4374,#4375,#4376,
#4377,#4378,#4379));
#1907=EDGE_LOOP('',(#4380));
#1908=EDGE_LOOP('',(#4381,#4382,#4383,#4384));
#1909=EDGE_LOOP('',(#4385,#4386,#4387,#4388));
#1910=EDGE_LOOP('',(#4389,#4390,#4391,#4392));
#1911=EDGE_LOOP('',(#4393,#4394,#4395,#4396));
#1912=EDGE_LOOP('',(#4397,#4398,#4399,#4400));
#1913=EDGE_LOOP('',(#4401,#4402,#4403,#4404));
#1914=EDGE_LOOP('',(#4405,#4406,#4407,#4408));
#1915=EDGE_LOOP('',(#4409,#4410,#4411,#4412));
#1916=EDGE_LOOP('',(#4413,#4414,#4415,#4416));
#1917=EDGE_LOOP('',(#4417,#4418,#4419,#4420));
#1918=EDGE_LOOP('',(#4421,#4422,#4423,#4424));
#1919=EDGE_LOOP('',(#4425,#4426,#4427,#4428));
#1920=EDGE_LOOP('',(#4429));
#1921=EDGE_LOOP('',(#4430,#4431,#4432,#4433));
#1922=EDGE_LOOP('',(#4434));
#1923=EDGE_LOOP('',(#4435,#4436,#4437,#4438));
#1924=EDGE_LOOP('',(#4439));
#1925=EDGE_LOOP('',(#4440,#4441,#4442,#4443));
#1926=EDGE_LOOP('',(#4444));
#1927=EDGE_LOOP('',(#4445,#4446,#4447,#4448));
#1928=EDGE_LOOP('',(#4449));
#1929=EDGE_LOOP('',(#4450,#4451,#4452,#4453));
#1930=EDGE_LOOP('',(#4454));
#1931=EDGE_LOOP('',(#4455,#4456,#4457,#4458));
#1932=EDGE_LOOP('',(#4459));
#1933=EDGE_LOOP('',(#4460,#4461,#4462,#4463));
#1934=EDGE_LOOP('',(#4464));
#1935=EDGE_LOOP('',(#4465,#4466,#4467,#4468));
#1936=EDGE_LOOP('',(#4469,#4470,#4471));
#1937=EDGE_LOOP('',(#4472,#4473,#4474,#4475));
#1938=EDGE_LOOP('',(#4476,#4477,#4478,#4479,#4480,#4481));
#1939=EDGE_LOOP('',(#4482,#4483,#4484,#4485));
#1940=EDGE_LOOP('',(#4486));
#1941=EDGE_LOOP('',(#4487));
#1942=EDGE_LOOP('',(#4488));
#1943=EDGE_LOOP('',(#4489));
#1944=EDGE_LOOP('',(#4490));
#1945=EDGE_LOOP('',(#4491,#4492,#4493,#4494));
#1946=EDGE_LOOP('',(#4495,#4496,#4497,#4498));
#1947=EDGE_LOOP('',(#4499,#4500,#4501,#4502));
#1948=EDGE_LOOP('',(#4503,#4504,#4505,#4506,#4507,#4508));
#1949=EDGE_LOOP('',(#4509));
#1950=EDGE_LOOP('',(#4510,#4511,#4512,#4513,#4514,#4515));
#1951=EDGE_LOOP('',(#4516,#4517,#4518,#4519));
#1952=EDGE_LOOP('',(#4520,#4521,#4522,#4523));
#1953=EDGE_LOOP('',(#4524,#4525,#4526,#4527));
#1954=EDGE_LOOP('',(#4528,#4529,#4530,#4531,#4532,#4533));
#1955=EDGE_LOOP('',(#4534));
#1956=EDGE_LOOP('',(#4535,#4536,#4537,#4538,#4539,#4540));
#1957=EDGE_LOOP('',(#4541,#4542,#4543,#4544));
#1958=EDGE_LOOP('',(#4545,#4546,#4547,#4548));
#1959=EDGE_LOOP('',(#4549,#4550,#4551,#4552));
#1960=EDGE_LOOP('',(#4553,#4554,#4555,#4556,#4557,#4558));
#1961=EDGE_LOOP('',(#4559));
#1962=EDGE_LOOP('',(#4560,#4561,#4562,#4563,#4564,#4565));
#1963=EDGE_LOOP('',(#4566,#4567,#4568,#4569));
#1964=EDGE_LOOP('',(#4570,#4571,#4572,#4573));
#1965=EDGE_LOOP('',(#4574,#4575,#4576,#4577));
#1966=EDGE_LOOP('',(#4578,#4579,#4580,#4581,#4582,#4583));
#1967=EDGE_LOOP('',(#4584));
#1968=EDGE_LOOP('',(#4585,#4586,#4587,#4588,#4589,#4590));
#1969=EDGE_LOOP('',(#4591,#4592,#4593,#4594));
#1970=EDGE_LOOP('',(#4595));
#1971=EDGE_LOOP('',(#4596));
#1972=EDGE_LOOP('',(#4597,#4598,#4599,#4600));
#1973=EDGE_LOOP('',(#4601));
#1974=EDGE_LOOP('',(#4602));
#1975=EDGE_LOOP('',(#4603,#4604,#4605,#4606));
#1976=EDGE_LOOP('',(#4607));
#1977=EDGE_LOOP('',(#4608));
#1978=EDGE_LOOP('',(#4609,#4610,#4611,#4612));
#1979=EDGE_LOOP('',(#4613));
#1980=EDGE_LOOP('',(#4614));
#1981=EDGE_LOOP('',(#4615,#4616,#4617,#4618));
#1982=EDGE_LOOP('',(#4619,#4620,#4621,#4622));
#1983=EDGE_LOOP('',(#4623,#4624,#4625,#4626));
#1984=EDGE_LOOP('',(#4627,#4628,#4629,#4630));
#1985=EDGE_LOOP('',(#4631,#4632,#4633,#4634));
#1986=EDGE_LOOP('',(#4635));
#1987=EDGE_LOOP('',(#4636));
#1988=EDGE_LOOP('',(#4637));
#1989=EDGE_LOOP('',(#4638));
#1990=EDGE_LOOP('',(#4639));
#1991=EDGE_LOOP('',(#4640,#4641,#4642,#4643));
#1992=EDGE_LOOP('',(#4644,#4645,#4646,#4647));
#1993=EDGE_LOOP('',(#4648,#4649,#4650,#4651));
#1994=EDGE_LOOP('',(#4652,#4653,#4654,#4655));
#1995=EDGE_LOOP('',(#4656));
#1996=EDGE_LOOP('',(#4657));
#1997=EDGE_LOOP('',(#4658));
#1998=EDGE_LOOP('',(#4659));
#1999=EDGE_LOOP('',(#4660));
#2000=EDGE_LOOP('',(#4661,#4662,#4663,#4664));
#2001=EDGE_LOOP('',(#4665,#4666,#4667,#4668));
#2002=EDGE_LOOP('',(#4669,#4670,#4671,#4672));
#2003=EDGE_LOOP('',(#4673));
#2004=EDGE_LOOP('',(#4674,#4675,#4676,#4677));
#2005=EDGE_LOOP('',(#4678));
#2006=EDGE_LOOP('',(#4679,#4680,#4681,#4682));
#2007=EDGE_LOOP('',(#4683));
#2008=EDGE_LOOP('',(#4684,#4685,#4686,#4687));
#2009=EDGE_LOOP('',(#4688));
#2010=EDGE_LOOP('',(#4689,#4690,#4691,#4692,#4693,#4694));
#2011=EDGE_LOOP('',(#4695));
#2012=EDGE_LOOP('',(#4696));
#2013=EDGE_LOOP('',(#4697));
#2014=EDGE_LOOP('',(#4698));
#2015=EDGE_LOOP('',(#4699,#4700,#4701,#4702));
#2016=EDGE_LOOP('',(#4703,#4704,#4705));
#2017=EDGE_LOOP('',(#4706,#4707,#4708,#4709));
#2018=EDGE_LOOP('',(#4710,#4711,#4712,#4713,#4714,#4715,#4716,#4717));
#2019=EDGE_LOOP('',(#4718,#4719,#4720,#4721));
#2020=EDGE_LOOP('',(#4722,#4723));
#2021=EDGE_LOOP('',(#4724,#4725,#4726,#4727));
#2022=EDGE_LOOP('',(#4728,#4729,#4730,#4731));
#2023=EDGE_LOOP('',(#4732,#4733,#4734,#4735));
#2024=EDGE_LOOP('',(#4736,#4737,#4738,#4739));
#2025=EDGE_LOOP('',(#4740,#4741,#4742,#4743));
#2026=EDGE_LOOP('',(#4744,#4745,#4746,#4747));
#2027=EDGE_LOOP('',(#4748,#4749,#4750,#4751,#4752,#4753,#4754,#4755));
#2028=EDGE_LOOP('',(#4756,#4757,#4758,#4759,#4760,#4761,#4762,#4763));
#2029=EDGE_LOOP('',(#4764,#4765,#4766,#4767,#4768,#4769,#4770,#4771));
#2030=EDGE_LOOP('',(#4772,#4773,#4774,#4775));
#2031=EDGE_LOOP('',(#4776,#4777,#4778,#4779));
#2032=EDGE_LOOP('',(#4780,#4781,#4782,#4783));
#2033=EDGE_LOOP('',(#4784,#4785,#4786,#4787));
#2034=EDGE_LOOP('',(#4788,#4789,#4790,#4791));
#2035=EDGE_LOOP('',(#4792,#4793,#4794,#4795));
#2036=EDGE_LOOP('',(#4796,#4797,#4798,#4799));
#2037=EDGE_LOOP('',(#4800,#4801,#4802,#4803));
#2038=EDGE_LOOP('',(#4804,#4805,#4806,#4807));
#2039=EDGE_LOOP('',(#4808,#4809,#4810,#4811));
#2040=EDGE_LOOP('',(#4812,#4813,#4814,#4815));
#2041=EDGE_LOOP('',(#4816,#4817,#4818,#4819));
#2042=EDGE_LOOP('',(#4820,#4821,#4822,#4823));
#2043=EDGE_LOOP('',(#4824,#4825,#4826,#4827));
#2044=EDGE_LOOP('',(#4828,#4829,#4830,#4831));
#2045=EDGE_LOOP('',(#4832,#4833,#4834,#4835));
#2046=EDGE_LOOP('',(#4836,#4837));
#2047=EDGE_LOOP('',(#4838,#4839));
#2048=EDGE_LOOP('',(#4840,#4841,#4842,#4843));
#2049=EDGE_LOOP('',(#4844,#4845,#4846));
#2050=EDGE_LOOP('',(#4847,#4848,#4849,#4850));
#2051=EDGE_LOOP('',(#4851,#4852,#4853,#4854));
#2052=EDGE_LOOP('',(#4855));
#2053=EDGE_LOOP('',(#4856,#4857,#4858,#4859));
#2054=EDGE_LOOP('',(#4860));
#2055=EDGE_LOOP('',(#4861,#4862,#4863,#4864));
#2056=EDGE_LOOP('',(#4865));
#2057=EDGE_LOOP('',(#4866,#4867,#4868,#4869));
#2058=EDGE_LOOP('',(#4870));
#2059=EDGE_LOOP('',(#4871,#4872,#4873,#4874,#4875,#4876));
#2060=EDGE_LOOP('',(#4877));
#2061=EDGE_LOOP('',(#4878));
#2062=EDGE_LOOP('',(#4879));
#2063=EDGE_LOOP('',(#4880));
#2064=EDGE_LOOP('',(#4881,#4882,#4883,#4884));
#2065=EDGE_LOOP('',(#4885,#4886,#4887,#4888));
#2066=EDGE_LOOP('',(#4889,#4890,#4891));
#2067=EDGE_LOOP('',(#4892,#4893));
#2068=EDGE_LOOP('',(#4894,#4895));
#2069=EDGE_LOOP('',(#4896,#4897,#4898,#4899));
#2070=EDGE_LOOP('',(#4900,#4901,#4902,#4903));
#2071=EDGE_LOOP('',(#4904,#4905,#4906,#4907));
#2072=EDGE_LOOP('',(#4908,#4909,#4910,#4911));
#2073=EDGE_LOOP('',(#4912,#4913,#4914,#4915));
#2074=EDGE_LOOP('',(#4916,#4917,#4918,#4919));
#2075=EDGE_LOOP('',(#4920,#4921,#4922,#4923));
#2076=EDGE_LOOP('',(#4924,#4925,#4926,#4927));
#2077=EDGE_LOOP('',(#4928,#4929,#4930,#4931));
#2078=EDGE_LOOP('',(#4932,#4933,#4934,#4935));
#2079=EDGE_LOOP('',(#4936,#4937,#4938,#4939));
#2080=EDGE_LOOP('',(#4940,#4941,#4942,#4943));
#2081=EDGE_LOOP('',(#4944,#4945,#4946,#4947));
#2082=EDGE_LOOP('',(#4948,#4949,#4950,#4951));
#2083=EDGE_LOOP('',(#4952,#4953,#4954,#4955));
#2084=EDGE_LOOP('',(#4956,#4957,#4958,#4959));
#2085=EDGE_LOOP('',(#4960,#4961,#4962,#4963,#4964,#4965,#4966,#4967));
#2086=EDGE_LOOP('',(#4968,#4969,#4970,#4971,#4972,#4973,#4974,#4975));
#2087=EDGE_LOOP('',(#4976,#4977,#4978,#4979));
#2088=EDGE_LOOP('',(#4980,#4981,#4982,#4983,#4984,#4985,#4986,#4987));
#2089=EDGE_LOOP('',(#4988,#4989,#4990,#4991));
#2090=EDGE_LOOP('',(#4992,#4993,#4994,#4995));
#2091=EDGE_LOOP('',(#4996,#4997,#4998,#4999));
#2092=EDGE_LOOP('',(#5000,#5001,#5002,#5003));
#2093=EDGE_LOOP('',(#5004,#5005,#5006,#5007));
#2094=EDGE_LOOP('',(#5008,#5009,#5010,#5011,#5012,#5013,#5014,#5015));
#2095=EDGE_LOOP('',(#5016,#5017,#5018,#5019));
#2096=EDGE_LOOP('',(#5020,#5021));
#2097=EDGE_LOOP('',(#5022,#5023,#5024,#5025));
#2098=EDGE_LOOP('',(#5026,#5027,#5028,#5029));
#2099=EDGE_LOOP('',(#5030,#5031,#5032));
#2100=EDGE_LOOP('',(#5033,#5034));
#2101=CIRCLE('',#5636,2.6);
#2102=CIRCLE('',#5638,2.6);
#2103=CIRCLE('',#5640,2.60000000000002);
#2104=CIRCLE('',#5642,2.60000000000002);
#2105=CIRCLE('',#5644,7.5);
#2106=CIRCLE('',#5647,7.5);
#2107=CIRCLE('',#5665,7.5);
#2108=CIRCLE('',#5676,2.60000000000002);
#2109=CIRCLE('',#5677,2.60000000000002);
#2110=CIRCLE('',#5680,2.6);
#2111=CIRCLE('',#5681,2.6);
#2112=CIRCLE('',#5693,7.5);
#2113=CIRCLE('',#5696,7.5);
#2114=CIRCLE('',#5702,2.6);
#2115=CIRCLE('',#5703,2.6);
#2116=CIRCLE('',#5706,2.60000000000002);
#2117=CIRCLE('',#5707,2.60000000000002);
#2118=CIRCLE('',#5710,2.60000000000002);
#2119=CIRCLE('',#5712,2.60000000000002);
#2120=CIRCLE('',#5714,2.6);
#2121=CIRCLE('',#5716,2.6);
#2122=CIRCLE('',#5721,3.2);
#2123=CIRCLE('',#5728,3.2);
#2124=CIRCLE('',#5733,7.5);
#2125=CIRCLE('',#5734,7.5);
#2126=CIRCLE('',#5738,3.2);
#2127=CIRCLE('',#5739,3.2);
#2128=CIRCLE('',#5740,3.2);
#2129=CIRCLE('',#5741,3.2);
#2130=CIRCLE('',#5743,7.5);
#2131=CIRCLE('',#5749,7.5);
#2132=CIRCLE('',#5751,3.2);
#2133=CIRCLE('',#5754,3.2);
#2134=CIRCLE('',#5755,3.2);
#2135=CIRCLE('',#5756,3.2);
#2136=CIRCLE('',#5757,3.2);
#2137=CIRCLE('',#5761,3.2);
#2138=CIRCLE('',#5783,3.25);
#2139=CIRCLE('',#5784,3.25);
#2140=CIRCLE('',#5790,3.25);
#2141=CIRCLE('',#5791,3.25);
#2142=CIRCLE('',#5812,2.3);
#2143=CIRCLE('',#5813,2.3);
#2144=CIRCLE('',#5815,2.3);
#2145=CIRCLE('',#5816,2.3);
#2146=CIRCLE('',#5818,2.3);
#2147=CIRCLE('',#5819,2.3);
#2148=CIRCLE('',#5821,2.3);
#2149=CIRCLE('',#5822,2.3);
#2150=CIRCLE('',#5830,2.6);
#2151=CIRCLE('',#5831,2.6);
#2152=CIRCLE('',#5832,2.6);
#2153=CIRCLE('',#5833,2.60000000000002);
#2154=CIRCLE('',#5840,3.25000000000001);
#2155=CIRCLE('',#5843,3.25000000000001);
#2156=CIRCLE('',#5848,2.6);
#2157=CIRCLE('',#5849,2.6);
#2158=CIRCLE('',#5850,2.60000000000002);
#2159=CIRCLE('',#5851,2.6);
#2160=CIRCLE('',#5853,5.74999999999999);
#2161=CIRCLE('',#5854,3.25000000000001);
#2162=CIRCLE('',#5856,5.74999999999999);
#2163=CIRCLE('',#5860,3.25000000000001);
#2164=CIRCLE('',#5862,5.74999999999999);
#2165=CIRCLE('',#5863,5.74999999999999);
#2166=CIRCLE('',#5864,5.74999999999999);
#2167=CIRCLE('',#5865,5.74999999999999);
#2168=CIRCLE('',#5866,5.74999999999999);
#2169=CIRCLE('',#5867,5.74999999999999);
#2170=CIRCLE('',#5881,2.6);
#2171=CIRCLE('',#5884,2.6);
#2172=CIRCLE('',#5887,2.6);
#2173=CIRCLE('',#5890,2.60000000000002);
#2174=CIRCLE('',#5893,2.6);
#2175=CIRCLE('',#5896,2.6);
#2176=CIRCLE('',#5899,2.60000000000002);
#2177=CIRCLE('',#5902,2.6);
#2178=CIRCLE('',#5905,13.6047785722518);
#2179=CIRCLE('',#5906,15.3);
#2180=CIRCLE('',#5931,4.);
#2181=CIRCLE('',#5932,4.);
#2182=CIRCLE('',#5934,2.3);
#2183=CIRCLE('',#5936,4.00000000000002);
#2184=CIRCLE('',#5937,4.00000000000002);
#2185=CIRCLE('',#5939,2.3);
#2186=CIRCLE('',#5941,3.99999999999999);
#2187=CIRCLE('',#5942,3.99999999999999);
#2188=CIRCLE('',#5944,2.3);
#2189=CIRCLE('',#5946,3.99999999999999);
#2190=CIRCLE('',#5947,3.99999999999999);
#2191=CIRCLE('',#5949,2.3);
#2192=CIRCLE('',#5951,2.3);
#2193=CIRCLE('',#5953,2.3);
#2194=CIRCLE('',#5955,2.3);
#2195=CIRCLE('',#5957,2.3);
#2196=CIRCLE('',#5959,13.6047785722518);
#2197=CIRCLE('',#5963,10.6343782140754);
#2198=CIRCLE('',#5964,15.3);
#2199=CIRCLE('',#5970,2.6);
#2200=CIRCLE('',#5971,2.6);
#2201=CIRCLE('',#5974,2.60000000000002);
#2202=CIRCLE('',#5975,2.60000000000002);
#2203=CIRCLE('',#5978,2.6);
#2204=CIRCLE('',#5979,2.6);
#2205=CIRCLE('',#5982,2.6);
#2206=CIRCLE('',#5983,2.6);
#2207=CIRCLE('',#5990,4.94499999999999);
#2208=CIRCLE('',#5991,4.94499999999999);
#2209=CIRCLE('',#5992,2.47249999999997);
#2210=CIRCLE('',#5993,2.47249999999999);
#2211=CIRCLE('',#5994,32.6341492911208);
#2212=CIRCLE('',#6001,6.18099999999999);
#2213=CIRCLE('',#6002,6.18099999999998);
#2214=CIRCLE('',#6003,3.70849999999999);
#2215=CIRCLE('',#6004,3.70849999999997);
#2216=CIRCLE('',#6006,3.70849999999997);
#2217=CIRCLE('',#6007,3.70849999999999);
#2218=CIRCLE('',#6008,6.18099999999998);
#2219=CIRCLE('',#6009,6.18099999999999);
#2220=CIRCLE('',#6010,4.94499999999999);
#2221=CIRCLE('',#6011,4.94499999999999);
#2222=CIRCLE('',#6012,2.47249999999999);
#2223=CIRCLE('',#6013,2.47249999999997);
#2224=CIRCLE('',#6038,2.6);
#2225=CIRCLE('',#6039,2.6);
#2226=CIRCLE('',#6042,2.6);
#2227=CIRCLE('',#6043,2.6);
#2228=CIRCLE('',#6046,2.6);
#2229=CIRCLE('',#6047,2.6);
#2230=CIRCLE('',#6050,2.6);
#2231=CIRCLE('',#6051,2.6);
#2232=CIRCLE('',#6060,32.6341492911208);
#2233=CIRCLE('',#6062,2.47249999999997);
#2234=CIRCLE('',#6063,2.47249999999997);
#2235=CIRCLE('',#6066,2.47249999999999);
#2236=CIRCLE('',#6067,2.47249999999999);
#2237=CIRCLE('',#6070,4.94499999999999);
#2238=CIRCLE('',#6071,4.94499999999999);
#2239=CIRCLE('',#6074,4.94499999999999);
#2240=CIRCLE('',#6075,4.94499999999999);
#2241=CIRCLE('',#6079,6.18099999999999);
#2242=CIRCLE('',#6080,6.18099999999999);
#2243=CIRCLE('',#6083,6.18099999999998);
#2244=CIRCLE('',#6084,6.18099999999998);
#2245=CIRCLE('',#6087,3.70849999999999);
#2246=CIRCLE('',#6088,3.70849999999999);
#2247=CIRCLE('',#6091,3.70849999999997);
#2248=CIRCLE('',#6092,3.70849999999997);
#2249=CIRCLE('',#6105,15.);
#2250=VERTEX_POINT('',#7631);
#2251=VERTEX_POINT('',#7634);
#2252=VERTEX_POINT('',#7638);
#2253=VERTEX_POINT('',#7641);
#2254=VERTEX_POINT('',#7652);
#2255=VERTEX_POINT('',#7653);
#2256=VERTEX_POINT('',#7670);
#2257=VERTEX_POINT('',#7672);
#2258=VERTEX_POINT('',#7677);
#2259=VERTEX_POINT('',#7684);
#2260=VERTEX_POINT('',#7685);
#2261=VERTEX_POINT('',#7687);
#2262=VERTEX_POINT('',#7695);
#2263=VERTEX_POINT('',#7699);
#2264=VERTEX_POINT('',#7701);
#2265=VERTEX_POINT('',#7703);
#2266=VERTEX_POINT('',#7710);
#2267=VERTEX_POINT('',#7717);
#2268=VERTEX_POINT('',#7726);
#2269=VERTEX_POINT('',#7767);
#2270=VERTEX_POINT('',#7782);
#2271=VERTEX_POINT('',#7802);
#2272=VERTEX_POINT('',#7809);
#2273=VERTEX_POINT('',#7810);
#2274=VERTEX_POINT('',#7812);
#2275=VERTEX_POINT('',#7814);
#2276=VERTEX_POINT('',#7821);
#2277=VERTEX_POINT('',#7825);
#2278=VERTEX_POINT('',#7827);
#2279=VERTEX_POINT('',#7838);
#2280=VERTEX_POINT('',#7839);
#2281=VERTEX_POINT('',#7851);
#2282=VERTEX_POINT('',#7852);
#2283=VERTEX_POINT('',#7854);
#2284=VERTEX_POINT('',#7856);
#2285=VERTEX_POINT('',#7860);
#2286=VERTEX_POINT('',#7861);
#2287=VERTEX_POINT('',#7866);
#2288=VERTEX_POINT('',#7870);
#2289=VERTEX_POINT('',#7871);
#2290=VERTEX_POINT('',#7873);
#2291=VERTEX_POINT('',#7875);
#2292=VERTEX_POINT('',#7879);
#2293=VERTEX_POINT('',#7881);
#2294=VERTEX_POINT('',#7885);
#2295=VERTEX_POINT('',#7889);
#2296=VERTEX_POINT('',#7893);
#2297=VERTEX_POINT('',#7897);
#2298=VERTEX_POINT('',#7903);
#2299=VERTEX_POINT('',#7909);
#2300=VERTEX_POINT('',#7919);
#2301=VERTEX_POINT('',#7921);
#2302=VERTEX_POINT('',#7926);
#2303=VERTEX_POINT('',#7928);
#2304=VERTEX_POINT('',#7940);
#2305=VERTEX_POINT('',#7941);
#2306=VERTEX_POINT('',#7955);
#2307=VERTEX_POINT('',#7968);
#2308=VERTEX_POINT('',#7970);
#2309=VERTEX_POINT('',#7977);
#2310=VERTEX_POINT('',#7982);
#2311=VERTEX_POINT('',#7984);
#2312=VERTEX_POINT('',#7988);
#2313=VERTEX_POINT('',#7990);
#2314=VERTEX_POINT('',#7992);
#2315=VERTEX_POINT('',#7994);
#2316=VERTEX_POINT('',#7998);
#2317=VERTEX_POINT('',#8000);
#2318=VERTEX_POINT('',#8073);
#2319=VERTEX_POINT('',#8079);
#2320=VERTEX_POINT('',#8081);
#2321=VERTEX_POINT('',#8090);
#2322=VERTEX_POINT('',#8091);
#2323=VERTEX_POINT('',#8103);
#2324=VERTEX_POINT('',#8104);
#2325=VERTEX_POINT('',#8109);
#2326=VERTEX_POINT('',#8127);
#2327=VERTEX_POINT('',#8129);
#2328=VERTEX_POINT('',#8133);
#2329=VERTEX_POINT('',#8142);
#2330=VERTEX_POINT('',#8144);
#2331=VERTEX_POINT('',#8149);
#2332=VERTEX_POINT('',#8151);
#2333=VERTEX_POINT('',#8156);
#2334=VERTEX_POINT('',#8159);
#2335=VERTEX_POINT('',#8163);
#2336=VERTEX_POINT('',#8166);
#2337=VERTEX_POINT('',#8170);
#2338=VERTEX_POINT('',#8171);
#2339=VERTEX_POINT('',#8173);
#2340=VERTEX_POINT('',#8175);
#2341=VERTEX_POINT('',#8179);
#2342=VERTEX_POINT('',#8180);
#2343=VERTEX_POINT('',#8182);
#2344=VERTEX_POINT('',#8184);
#2345=VERTEX_POINT('',#8188);
#2346=VERTEX_POINT('',#8190);
#2347=VERTEX_POINT('',#8194);
#2348=VERTEX_POINT('',#8196);
#2349=VERTEX_POINT('',#8200);
#2350=VERTEX_POINT('',#8204);
#2351=VERTEX_POINT('',#8206);
#2352=VERTEX_POINT('',#8210);
#2353=VERTEX_POINT('',#8211);
#2354=VERTEX_POINT('',#8213);
#2355=VERTEX_POINT('',#8215);
#2356=VERTEX_POINT('',#8219);
#2357=VERTEX_POINT('',#8220);
#2358=VERTEX_POINT('',#8222);
#2359=VERTEX_POINT('',#8224);
#2360=VERTEX_POINT('',#8228);
#2361=VERTEX_POINT('',#8230);
#2362=VERTEX_POINT('',#8234);
#2363=VERTEX_POINT('',#8236);
#2364=VERTEX_POINT('',#8238);
#2365=VERTEX_POINT('',#8240);
#2366=VERTEX_POINT('',#8242);
#2367=VERTEX_POINT('',#8244);
#2368=VERTEX_POINT('',#8246);
#2369=VERTEX_POINT('',#8248);
#2370=VERTEX_POINT('',#8250);
#2371=VERTEX_POINT('',#8252);
#2372=VERTEX_POINT('',#8257);
#2373=VERTEX_POINT('',#8259);
#2374=VERTEX_POINT('',#8262);
#2375=VERTEX_POINT('',#8265);
#2376=VERTEX_POINT('',#8266);
#2377=VERTEX_POINT('',#8268);
#2378=VERTEX_POINT('',#8270);
#2379=VERTEX_POINT('',#8274);
#2380=VERTEX_POINT('',#8275);
#2381=VERTEX_POINT('',#8277);
#2382=VERTEX_POINT('',#8279);
#2383=VERTEX_POINT('',#8283);
#2384=VERTEX_POINT('',#8284);
#2385=VERTEX_POINT('',#8289);
#2386=VERTEX_POINT('',#8290);
#2387=VERTEX_POINT('',#8292);
#2388=VERTEX_POINT('',#8294);
#2389=VERTEX_POINT('',#8296);
#2390=VERTEX_POINT('',#8298);
#2391=VERTEX_POINT('',#8300);
#2392=VERTEX_POINT('',#8306);
#2393=VERTEX_POINT('',#8310);
#2394=VERTEX_POINT('',#8312);
#2395=VERTEX_POINT('',#8316);
#2396=VERTEX_POINT('',#8318);
#2397=VERTEX_POINT('',#8322);
#2398=VERTEX_POINT('',#8324);
#2399=VERTEX_POINT('',#8326);
#2400=VERTEX_POINT('',#8328);
#2401=VERTEX_POINT('',#8330);
#2402=VERTEX_POINT('',#8332);
#2403=VERTEX_POINT('',#8334);
#2404=VERTEX_POINT('',#8338);
#2405=VERTEX_POINT('',#8340);
#2406=VERTEX_POINT('',#8342);
#2407=VERTEX_POINT('',#8384);
#2408=VERTEX_POINT('',#8386);
#2409=VERTEX_POINT('',#8390);
#2410=VERTEX_POINT('',#8391);
#2411=VERTEX_POINT('',#8393);
#2412=VERTEX_POINT('',#8395);
#2413=VERTEX_POINT('',#8399);
#2414=VERTEX_POINT('',#8400);
#2415=VERTEX_POINT('',#8402);
#2416=VERTEX_POINT('',#8404);
#2417=VERTEX_POINT('',#8411);
#2418=VERTEX_POINT('',#8416);
#2419=VERTEX_POINT('',#8421);
#2420=VERTEX_POINT('',#8423);
#2421=VERTEX_POINT('',#8426);
#2422=VERTEX_POINT('',#8429);
#2423=VERTEX_POINT('',#8431);
#2424=VERTEX_POINT('',#8435);
#2425=VERTEX_POINT('',#8437);
#2426=VERTEX_POINT('',#8439);
#2427=VERTEX_POINT('',#8441);
#2428=VERTEX_POINT('',#8443);
#2429=VERTEX_POINT('',#8445);
#2430=VERTEX_POINT('',#8449);
#2431=VERTEX_POINT('',#8451);
#2432=VERTEX_POINT('',#8464);
#2433=VERTEX_POINT('',#8466);
#2434=VERTEX_POINT('',#8468);
#2435=VERTEX_POINT('',#8472);
#2436=VERTEX_POINT('',#8488);
#2437=VERTEX_POINT('',#8500);
#2438=VERTEX_POINT('',#8502);
#2439=VERTEX_POINT('',#8506);
#2440=VERTEX_POINT('',#8510);
#2441=VERTEX_POINT('',#8517);
#2442=VERTEX_POINT('',#8557);
#2443=VERTEX_POINT('',#8561);
#2444=VERTEX_POINT('',#8568);
#2445=VERTEX_POINT('',#8570);
#2446=VERTEX_POINT('',#8576);
#2447=VERTEX_POINT('',#8578);
#2448=VERTEX_POINT('',#8590);
#2449=VERTEX_POINT('',#8603);
#2450=VERTEX_POINT('',#8605);
#2451=VERTEX_POINT('',#8610);
#2452=VERTEX_POINT('',#8615);
#2453=VERTEX_POINT('',#8626);
#2454=VERTEX_POINT('',#8635);
#2455=VERTEX_POINT('',#8636);
#2456=VERTEX_POINT('',#8640);
#2457=VERTEX_POINT('',#8642);
#2458=VERTEX_POINT('',#8677);
#2459=VERTEX_POINT('',#8681);
#2460=VERTEX_POINT('',#8685);
#2461=VERTEX_POINT('',#8687);
#2462=VERTEX_POINT('',#8692);
#2463=VERTEX_POINT('',#8697);
#2464=VERTEX_POINT('',#8708);
#2465=VERTEX_POINT('',#8713);
#2466=VERTEX_POINT('',#8719);
#2467=VERTEX_POINT('',#8742);
#2468=VERTEX_POINT('',#8743);
#2469=VERTEX_POINT('',#8844);
#2470=VERTEX_POINT('',#8845);
#2471=VERTEX_POINT('',#8847);
#2472=VERTEX_POINT('',#8849);
#2473=VERTEX_POINT('',#8851);
#2474=VERTEX_POINT('',#8855);
#2475=VERTEX_POINT('',#8856);
#2476=VERTEX_POINT('',#8858);
#2477=VERTEX_POINT('',#8860);
#2478=VERTEX_POINT('',#8862);
#2479=VERTEX_POINT('',#8869);
#2480=VERTEX_POINT('',#8870);
#2481=VERTEX_POINT('',#8872);
#2482=VERTEX_POINT('',#8874);
#2483=VERTEX_POINT('',#8876);
#2484=VERTEX_POINT('',#8880);
#2485=VERTEX_POINT('',#8881);
#2486=VERTEX_POINT('',#8883);
#2487=VERTEX_POINT('',#8885);
#2488=VERTEX_POINT('',#8887);
#2489=VERTEX_POINT('',#8894);
#2490=VERTEX_POINT('',#8895);
#2491=VERTEX_POINT('',#8897);
#2492=VERTEX_POINT('',#8899);
#2493=VERTEX_POINT('',#8901);
#2494=VERTEX_POINT('',#8905);
#2495=VERTEX_POINT('',#8907);
#2496=VERTEX_POINT('',#8911);
#2497=VERTEX_POINT('',#8913);
#2498=VERTEX_POINT('',#8915);
#2499=VERTEX_POINT('',#8919);
#2500=VERTEX_POINT('',#8920);
#2501=VERTEX_POINT('',#8922);
#2502=VERTEX_POINT('',#8924);
#2503=VERTEX_POINT('',#8926);
#2504=VERTEX_POINT('',#8930);
#2505=VERTEX_POINT('',#8932);
#2506=VERTEX_POINT('',#8936);
#2507=VERTEX_POINT('',#8938);
#2508=VERTEX_POINT('',#8940);
#2509=VERTEX_POINT('',#8944);
#2510=VERTEX_POINT('',#8946);
#2511=VERTEX_POINT('',#8950);
#2512=VERTEX_POINT('',#8952);
#2513=VERTEX_POINT('',#8956);
#2514=VERTEX_POINT('',#8958);
#2515=VERTEX_POINT('',#8962);
#2516=VERTEX_POINT('',#8964);
#2517=VERTEX_POINT('',#8968);
#2518=VERTEX_POINT('',#8969);
#2519=VERTEX_POINT('',#8971);
#2520=VERTEX_POINT('',#8973);
#2521=VERTEX_POINT('',#8975);
#2522=VERTEX_POINT('',#8977);
#2523=VERTEX_POINT('',#8982);
#2524=VERTEX_POINT('',#8983);
#2525=VERTEX_POINT('',#8985);
#2526=VERTEX_POINT('',#8987);
#2527=VERTEX_POINT('',#8989);
#2528=VERTEX_POINT('',#8991);
#2529=VERTEX_POINT('',#8993);
#2530=VERTEX_POINT('',#8995);
#2531=VERTEX_POINT('',#8997);
#2532=VERTEX_POINT('',#8999);
#2533=VERTEX_POINT('',#9001);
#2534=VERTEX_POINT('',#9003);
#2535=VERTEX_POINT('',#9006);
#2536=VERTEX_POINT('',#9008);
#2537=VERTEX_POINT('',#9010);
#2538=VERTEX_POINT('',#9012);
#2539=VERTEX_POINT('',#9015);
#2540=VERTEX_POINT('',#9017);
#2541=VERTEX_POINT('',#9019);
#2542=VERTEX_POINT('',#9021);
#2543=VERTEX_POINT('',#9023);
#2544=VERTEX_POINT('',#9025);
#2545=VERTEX_POINT('',#9029);
#2546=VERTEX_POINT('',#9033);
#2547=VERTEX_POINT('',#9034);
#2548=VERTEX_POINT('',#9036);
#2549=VERTEX_POINT('',#9038);
#2550=VERTEX_POINT('',#9043);
#2551=VERTEX_POINT('',#9045);
#2552=VERTEX_POINT('',#9050);
#2553=VERTEX_POINT('',#9052);
#2554=VERTEX_POINT('',#9057);
#2555=VERTEX_POINT('',#9062);
#2556=VERTEX_POINT('',#9065);
#2557=VERTEX_POINT('',#9067);
#2558=VERTEX_POINT('',#9074);
#2559=VERTEX_POINT('',#9075);
#2560=VERTEX_POINT('',#9077);
#2561=VERTEX_POINT('',#9080);
#2562=VERTEX_POINT('',#9082);
#2563=VERTEX_POINT('',#9084);
#2564=VERTEX_POINT('',#9086);
#2565=VERTEX_POINT('',#9089);
#2566=VERTEX_POINT('',#9091);
#2567=VERTEX_POINT('',#9100);
#2568=VERTEX_POINT('',#9104);
#2569=VERTEX_POINT('',#9105);
#2570=VERTEX_POINT('',#9107);
#2571=VERTEX_POINT('',#9109);
#2572=VERTEX_POINT('',#9111);
#2573=VERTEX_POINT('',#9113);
#2574=VERTEX_POINT('',#9115);
#2575=VERTEX_POINT('',#9117);
#2576=VERTEX_POINT('',#9119);
#2577=VERTEX_POINT('',#9121);
#2578=VERTEX_POINT('',#9123);
#2579=VERTEX_POINT('',#9125);
#2580=VERTEX_POINT('',#9153);
#2581=VERTEX_POINT('',#9158);
#2582=VERTEX_POINT('',#9163);
#2583=VERTEX_POINT('',#9168);
#2584=VERTEX_POINT('',#9173);
#2585=VERTEX_POINT('',#9178);
#2586=VERTEX_POINT('',#9183);
#2587=VERTEX_POINT('',#9188);
#2588=VERTEX_POINT('',#9193);
#2589=VERTEX_POINT('',#9195);
#2590=VERTEX_POINT('',#9198);
#2591=VERTEX_POINT('',#9205);
#2592=VERTEX_POINT('',#9207);
#2593=VERTEX_POINT('',#9211);
#2594=VERTEX_POINT('',#9213);
#2595=VERTEX_POINT('',#9222);
#2596=VERTEX_POINT('',#9224);
#2597=VERTEX_POINT('',#9228);
#2598=VERTEX_POINT('',#9230);
#2599=VERTEX_POINT('',#9239);
#2600=VERTEX_POINT('',#9241);
#2601=VERTEX_POINT('',#9245);
#2602=VERTEX_POINT('',#9247);
#2603=VERTEX_POINT('',#9256);
#2604=VERTEX_POINT('',#9258);
#2605=VERTEX_POINT('',#9262);
#2606=VERTEX_POINT('',#9264);
#2607=VERTEX_POINT('',#9273);
#2608=VERTEX_POINT('',#9275);
#2609=VERTEX_POINT('',#9279);
#2610=VERTEX_POINT('',#9282);
#2611=VERTEX_POINT('',#9284);
#2612=VERTEX_POINT('',#9288);
#2613=VERTEX_POINT('',#9291);
#2614=VERTEX_POINT('',#9293);
#2615=VERTEX_POINT('',#9297);
#2616=VERTEX_POINT('',#9300);
#2617=VERTEX_POINT('',#9302);
#2618=VERTEX_POINT('',#9306);
#2619=VERTEX_POINT('',#9309);
#2620=VERTEX_POINT('',#9313);
#2621=VERTEX_POINT('',#9317);
#2622=VERTEX_POINT('',#9321);
#2623=VERTEX_POINT('',#9325);
#2624=VERTEX_POINT('',#9326);
#2625=VERTEX_POINT('',#9328);
#2626=VERTEX_POINT('',#9330);
#2627=VERTEX_POINT('',#9333);
#2628=VERTEX_POINT('',#9336);
#2629=VERTEX_POINT('',#9338);
#2630=VERTEX_POINT('',#9342);
#2631=VERTEX_POINT('',#9346);
#2632=VERTEX_POINT('',#9350);
#2633=VERTEX_POINT('',#9358);
#2634=VERTEX_POINT('',#9360);
#2635=VERTEX_POINT('',#9365);
#2636=VERTEX_POINT('',#9367);
#2637=VERTEX_POINT('',#9372);
#2638=VERTEX_POINT('',#9374);
#2639=VERTEX_POINT('',#9379);
#2640=VERTEX_POINT('',#9381);
#2641=VERTEX_POINT('',#9386);
#2642=VERTEX_POINT('',#9387);
#2643=VERTEX_POINT('',#9389);
#2644=VERTEX_POINT('',#9391);
#2645=VERTEX_POINT('',#9393);
#2646=VERTEX_POINT('',#9395);
#2647=VERTEX_POINT('',#9399);
#2648=VERTEX_POINT('',#9401);
#2649=VERTEX_POINT('',#9407);
#2650=VERTEX_POINT('',#9411);
#2651=VERTEX_POINT('',#9412);
#2652=VERTEX_POINT('',#9414);
#2653=VERTEX_POINT('',#9416);
#2654=VERTEX_POINT('',#9418);
#2655=VERTEX_POINT('',#9420);
#2656=VERTEX_POINT('',#9422);
#2657=VERTEX_POINT('',#9424);
#2658=VERTEX_POINT('',#9427);
#2659=VERTEX_POINT('',#9428);
#2660=VERTEX_POINT('',#9430);
#2661=VERTEX_POINT('',#9432);
#2662=VERTEX_POINT('',#9435);
#2663=VERTEX_POINT('',#9436);
#2664=VERTEX_POINT('',#9440);
#2665=VERTEX_POINT('',#9441);
#2666=VERTEX_POINT('',#9443);
#2667=VERTEX_POINT('',#9445);
#2668=VERTEX_POINT('',#9457);
#2669=VERTEX_POINT('',#9460);
#2670=VERTEX_POINT('',#9461);
#2671=VERTEX_POINT('',#9463);
#2672=VERTEX_POINT('',#9465);
#2673=VERTEX_POINT('',#9467);
#2674=VERTEX_POINT('',#9469);
#2675=VERTEX_POINT('',#9471);
#2676=VERTEX_POINT('',#9473);
#2677=VERTEX_POINT('',#9477);
#2678=VERTEX_POINT('',#9478);
#2679=VERTEX_POINT('',#9480);
#2680=VERTEX_POINT('',#9482);
#2681=VERTEX_POINT('',#9484);
#2682=VERTEX_POINT('',#9486);
#2683=VERTEX_POINT('',#9488);
#2684=VERTEX_POINT('',#9490);
#2685=VERTEX_POINT('',#9493);
#2686=VERTEX_POINT('',#9494);
#2687=VERTEX_POINT('',#9496);
#2688=VERTEX_POINT('',#9498);
#2689=VERTEX_POINT('',#9500);
#2690=VERTEX_POINT('',#9502);
#2691=VERTEX_POINT('',#9504);
#2692=VERTEX_POINT('',#9506);
#2693=VERTEX_POINT('',#9551);
#2694=VERTEX_POINT('',#9553);
#2695=VERTEX_POINT('',#9558);
#2696=VERTEX_POINT('',#9560);
#2697=VERTEX_POINT('',#9565);
#2698=VERTEX_POINT('',#9567);
#2699=VERTEX_POINT('',#9572);
#2700=VERTEX_POINT('',#9574);
#2701=VERTEX_POINT('',#9579);
#2702=VERTEX_POINT('',#9580);
#2703=VERTEX_POINT('',#9582);
#2704=VERTEX_POINT('',#9584);
#2705=VERTEX_POINT('',#9586);
#2706=VERTEX_POINT('',#9588);
#2707=VERTEX_POINT('',#9592);
#2708=VERTEX_POINT('',#9594);
#2709=VERTEX_POINT('',#9598);
#2710=VERTEX_POINT('',#9604);
#2711=VERTEX_POINT('',#9605);
#2712=VERTEX_POINT('',#9611);
#2713=VERTEX_POINT('',#9612);
#2714=VERTEX_POINT('',#9614);
#2715=VERTEX_POINT('',#9616);
#2716=VERTEX_POINT('',#9620);
#2717=VERTEX_POINT('',#9622);
#2718=VERTEX_POINT('',#9626);
#2719=VERTEX_POINT('',#9628);
#2720=VERTEX_POINT('',#9632);
#2721=VERTEX_POINT('',#9634);
#2722=VERTEX_POINT('',#9638);
#2723=VERTEX_POINT('',#9640);
#2724=VERTEX_POINT('',#9644);
#2725=VERTEX_POINT('',#9646);
#2726=VERTEX_POINT('',#9650);
#2727=VERTEX_POINT('',#9652);
#2728=VERTEX_POINT('',#9659);
#2729=VERTEX_POINT('',#9660);
#2730=VERTEX_POINT('',#9662);
#2731=VERTEX_POINT('',#9664);
#2732=VERTEX_POINT('',#9668);
#2733=VERTEX_POINT('',#9670);
#2734=VERTEX_POINT('',#9674);
#2735=VERTEX_POINT('',#9676);
#2736=VERTEX_POINT('',#9680);
#2737=VERTEX_POINT('',#9682);
#2738=VERTEX_POINT('',#9686);
#2739=VERTEX_POINT('',#9688);
#2740=VERTEX_POINT('',#9692);
#2741=VERTEX_POINT('',#9694);
#2742=VERTEX_POINT('',#9698);
#2743=VERTEX_POINT('',#9700);
#2744=VERTEX_POINT('',#9708);
#2745=VERTEX_POINT('',#9712);
#2746=VERTEX_POINT('',#9713);
#2747=VERTEX_POINT('',#9715);
#2748=VERTEX_POINT('',#9717);
#2749=VERTEX_POINT('',#9721);
#2750=VERTEX_POINT('',#9723);
#2751=VERTEX_POINT('',#9727);
#2752=VERTEX_POINT('',#9729);
#2753=VERTEX_POINT('',#9743);
#2754=VERTEX_POINT('',#9744);
#2755=EDGE_CURVE('',#2250,#2250,#2101,.T.);
#2756=EDGE_CURVE('',#2250,#2251,#223,.T.);
#2757=EDGE_CURVE('',#2251,#2251,#2102,.T.);
#2758=EDGE_CURVE('',#2252,#2252,#2103,.T.);
#2759=EDGE_CURVE('',#2252,#2253,#224,.T.);
#2760=EDGE_CURVE('',#2253,#2253,#2104,.T.);
#2761=EDGE_CURVE('',#2254,#2255,#179,.T.);
#2762=EDGE_CURVE('',#2256,#2254,#225,.T.);
#2763=EDGE_CURVE('',#2257,#2256,#180,.T.);
#2764=EDGE_CURVE('',#2257,#2258,#226,.T.);
#2765=EDGE_CURVE('',#2255,#2258,#181,.T.);
#2766=EDGE_CURVE('',#2259,#2260,#2105,.T.);
#2767=EDGE_CURVE('',#2260,#2261,#182,.T.);
#2768=EDGE_CURVE('',#2258,#2261,#174,.T.);
#2769=EDGE_CURVE('',#2262,#2257,#227,.T.);
#2770=EDGE_CURVE('',#2259,#2262,#228,.T.);
#2771=EDGE_CURVE('',#2263,#2254,#229,.T.);
#2772=EDGE_CURVE('',#2264,#2263,#230,.T.);
#2773=EDGE_CURVE('',#2264,#2265,#231,.T.);
#2774=EDGE_CURVE('',#2256,#2265,#183,.T.);
#2775=EDGE_CURVE('',#2255,#2266,#184,.T.);
#2776=EDGE_CURVE('',#2267,#2266,#232,.T.);
#2777=EDGE_CURVE('',#2263,#2267,#2106,.T.);
#2778=EDGE_CURVE('',#2268,#2260,#233,.T.);
#2779=EDGE_CURVE('',#2266,#2268,#152,.T.);
#2780=EDGE_CURVE('',#2257,#2269,#185,.T.);
#2781=EDGE_CURVE('',#2265,#2270,#186,.T.);
#2782=EDGE_CURVE('',#2270,#2271,#187,.T.);
#2783=EDGE_CURVE('',#2271,#2269,#234,.T.);
#2784=EDGE_CURVE('',#2269,#2257,#235,.T.);
#2785=EDGE_CURVE('',#2272,#2273,#236,.T.);
#2786=EDGE_CURVE('',#2274,#2272,#237,.T.);
#2787=EDGE_CURVE('',#2274,#2275,#238,.T.);
#2788=EDGE_CURVE('',#2273,#2275,#239,.T.);
#2789=EDGE_CURVE('',#2266,#2272,#240,.T.);
#2790=EDGE_CURVE('',#2266,#2274,#241,.T.);
#2791=EDGE_CURVE('',#2269,#2276,#242,.T.);
#2792=EDGE_CURVE('',#2276,#2262,#243,.T.);
#2793=EDGE_CURVE('',#2276,#2277,#244,.T.);
#2794=EDGE_CURVE('',#2278,#2277,#245,.T.);
#2795=EDGE_CURVE('',#2268,#2278,#246,.T.);
#2796=EDGE_CURVE('',#2278,#2274,#153,.T.);
#2797=EDGE_CURVE('',#2279,#2280,#188,.T.);
#2798=EDGE_CURVE('',#2274,#2279,#247,.T.);
#2799=EDGE_CURVE('',#2277,#2280,#154,.T.);
#2800=EDGE_CURVE('',#2281,#2282,#248,.T.);
#2801=EDGE_CURVE('',#2283,#2281,#249,.T.);
#2802=EDGE_CURVE('',#2284,#2283,#250,.T.);
#2803=EDGE_CURVE('',#2282,#2284,#251,.T.);
#2804=EDGE_CURVE('',#2285,#2286,#252,.T.);
#2805=EDGE_CURVE('',#2285,#2284,#253,.T.);
#2806=EDGE_CURVE('',#2286,#2283,#254,.T.);
#2807=EDGE_CURVE('',#2287,#2281,#255,.T.);
#2808=EDGE_CURVE('',#2286,#2287,#256,.T.);
#2809=EDGE_CURVE('',#2288,#2289,#257,.T.);
#2810=EDGE_CURVE('',#2290,#2288,#258,.T.);
#2811=EDGE_CURVE('',#2291,#2290,#259,.T.);
#2812=EDGE_CURVE('',#2289,#2291,#260,.T.);
#2813=EDGE_CURVE('',#2290,#2292,#261,.T.);
#2814=EDGE_CURVE('',#2293,#2292,#262,.T.);
#2815=EDGE_CURVE('',#2291,#2293,#263,.T.);
#2816=EDGE_CURVE('',#2294,#2288,#264,.T.);
#2817=EDGE_CURVE('',#2292,#2294,#265,.T.);
#2818=EDGE_CURVE('',#2275,#2295,#266,.T.);
#2819=EDGE_CURVE('',#2295,#2279,#267,.T.);
#2820=EDGE_CURVE('',#2295,#2296,#2107,.T.);
#2821=EDGE_CURVE('',#2280,#2296,#268,.T.);
#2822=EDGE_CURVE('',#2296,#2297,#269,.T.);
#2823=EDGE_CURVE('',#2297,#2270,#270,.T.);
#2824=EDGE_CURVE('',#2297,#2264,#271,.T.);
#2825=EDGE_CURVE('',#2282,#2298,#272,.T.);
#2826=EDGE_CURVE('',#2298,#2285,#273,.T.);
#2827=EDGE_CURVE('',#2298,#2287,#274,.T.);
#2828=EDGE_CURVE('',#2289,#2299,#275,.T.);
#2829=EDGE_CURVE('',#2299,#2293,#276,.T.);
#2830=EDGE_CURVE('',#2299,#2294,#277,.T.);
#2831=EDGE_CURVE('',#2273,#2267,#278,.T.);
#2832=EDGE_CURVE('',#2300,#2300,#2108,.T.);
#2833=EDGE_CURVE('',#2300,#2301,#279,.T.);
#2834=EDGE_CURVE('',#2301,#2301,#2109,.T.);
#2835=EDGE_CURVE('',#2302,#2302,#2110,.T.);
#2836=EDGE_CURVE('',#2302,#2303,#280,.T.);
#2837=EDGE_CURVE('',#2303,#2303,#2111,.T.);
#2838=EDGE_CURVE('',#2304,#2305,#189,.T.);
#2839=EDGE_CURVE('',#2306,#2304,#190,.T.);
#2840=EDGE_CURVE('',#2307,#2306,#281,.T.);
#2841=EDGE_CURVE('',#2307,#2308,#191,.T.);
#2842=EDGE_CURVE('',#2308,#2305,#282,.T.);
#2843=EDGE_CURVE('',#2308,#2309,#192,.T.);
#2844=EDGE_CURVE('',#2309,#2310,#283,.T.);
#2845=EDGE_CURVE('',#2311,#2310,#284,.T.);
#2846=EDGE_CURVE('',#2305,#2311,#285,.T.);
#2847=EDGE_CURVE('',#2312,#2306,#286,.T.);
#2848=EDGE_CURVE('',#2313,#2312,#287,.T.);
#2849=EDGE_CURVE('',#2313,#2314,#288,.T.);
#2850=EDGE_CURVE('',#2314,#2315,#289,.T.);
#2851=EDGE_CURVE('',#2315,#2307,#290,.T.);
#2852=EDGE_CURVE('',#2310,#2316,#291,.T.);
#2853=EDGE_CURVE('',#2309,#2317,#193,.T.);
#2854=EDGE_CURVE('',#2317,#2316,#292,.T.);
#2855=EDGE_CURVE('',#2307,#2315,#194,.T.);
#2856=EDGE_CURVE('',#2318,#2315,#293,.T.);
#2857=EDGE_CURVE('',#2317,#2318,#195,.T.);
#2858=EDGE_CURVE('',#2319,#2313,#155,.T.);
#2859=EDGE_CURVE('',#2312,#2320,#156,.T.);
#2860=EDGE_CURVE('',#2319,#2320,#294,.T.);
#2861=EDGE_CURVE('',#2321,#2322,#196,.T.);
#2862=EDGE_CURVE('',#2321,#2314,#157,.T.);
#2863=EDGE_CURVE('',#2319,#2322,#295,.T.);
#2864=EDGE_CURVE('',#2323,#2324,#296,.T.);
#2865=EDGE_CURVE('',#2322,#2323,#297,.T.);
#2866=EDGE_CURVE('',#2324,#2319,#298,.T.);
#2867=EDGE_CURVE('',#2325,#2323,#2112,.T.);
#2868=EDGE_CURVE('',#2325,#2321,#299,.T.);
#2869=EDGE_CURVE('',#2320,#2304,#197,.T.);
#2870=EDGE_CURVE('',#2316,#2325,#300,.T.);
#2871=EDGE_CURVE('',#2324,#2326,#301,.T.);
#2872=EDGE_CURVE('',#2327,#2326,#302,.T.);
#2873=EDGE_CURVE('',#2327,#2311,#2113,.T.);
#2874=EDGE_CURVE('',#2326,#2328,#303,.T.);
#2875=EDGE_CURVE('',#2328,#2319,#304,.T.);
#2876=EDGE_CURVE('',#2328,#2320,#305,.T.);
#2877=EDGE_CURVE('',#2320,#2327,#306,.T.);
#2878=EDGE_CURVE('',#2329,#2329,#2114,.T.);
#2879=EDGE_CURVE('',#2329,#2330,#307,.T.);
#2880=EDGE_CURVE('',#2330,#2330,#2115,.T.);
#2881=EDGE_CURVE('',#2331,#2331,#2116,.T.);
#2882=EDGE_CURVE('',#2331,#2332,#308,.T.);
#2883=EDGE_CURVE('',#2332,#2332,#2117,.T.);
#2884=EDGE_CURVE('',#2333,#2333,#2118,.T.);
#2885=EDGE_CURVE('',#2333,#2334,#309,.T.);
#2886=EDGE_CURVE('',#2334,#2334,#2119,.T.);
#2887=EDGE_CURVE('',#2335,#2335,#2120,.T.);
#2888=EDGE_CURVE('',#2335,#2336,#310,.T.);
#2889=EDGE_CURVE('',#2336,#2336,#2121,.T.);
#2890=EDGE_CURVE('',#2337,#2338,#311,.T.);
#2891=EDGE_CURVE('',#2338,#2339,#312,.T.);
#2892=EDGE_CURVE('',#2339,#2340,#313,.T.);
#2893=EDGE_CURVE('',#2340,#2337,#314,.T.);
#2894=EDGE_CURVE('',#2341,#2342,#315,.T.);
#2895=EDGE_CURVE('',#2341,#2343,#316,.T.);
#2896=EDGE_CURVE('',#2343,#2344,#317,.T.);
#2897=EDGE_CURVE('',#2342,#2344,#318,.T.);
#2898=EDGE_CURVE('',#2339,#2345,#319,.T.);
#2899=EDGE_CURVE('',#2346,#2345,#320,.T.);
#2900=EDGE_CURVE('',#2340,#2346,#321,.T.);
#2901=EDGE_CURVE('',#2347,#2344,#322,.T.);
#2902=EDGE_CURVE('',#2348,#2347,#323,.T.);
#2903=EDGE_CURVE('',#2345,#2348,#324,.T.);
#2904=EDGE_CURVE('',#2342,#2338,#325,.T.);
#2905=EDGE_CURVE('',#2349,#2349,#2122,.T.);
#2906=EDGE_CURVE('',#2337,#2341,#326,.T.);
#2907=EDGE_CURVE('',#2346,#2350,#327,.T.);
#2908=EDGE_CURVE('',#2350,#2351,#328,.T.);
#2909=EDGE_CURVE('',#2351,#2343,#329,.T.);
#2910=EDGE_CURVE('',#2352,#2353,#330,.T.);
#2911=EDGE_CURVE('',#2352,#2354,#331,.T.);
#2912=EDGE_CURVE('',#2354,#2355,#332,.T.);
#2913=EDGE_CURVE('',#2353,#2355,#333,.T.);
#2914=EDGE_CURVE('',#2356,#2357,#334,.T.);
#2915=EDGE_CURVE('',#2356,#2358,#335,.T.);
#2916=EDGE_CURVE('',#2359,#2358,#336,.T.);
#2917=EDGE_CURVE('',#2357,#2359,#337,.T.);
#2918=EDGE_CURVE('',#2354,#2360,#338,.T.);
#2919=EDGE_CURVE('',#2360,#2361,#339,.T.);
#2920=EDGE_CURVE('',#2355,#2361,#340,.T.);
#2921=EDGE_CURVE('',#2362,#2352,#341,.T.);
#2922=EDGE_CURVE('',#2353,#2363,#342,.T.);
#2923=EDGE_CURVE('',#2364,#2363,#343,.T.);
#2924=EDGE_CURVE('',#2365,#2364,#344,.T.);
#2925=EDGE_CURVE('',#2366,#2365,#345,.T.);
#2926=EDGE_CURVE('',#2367,#2366,#346,.T.);
#2927=EDGE_CURVE('',#2368,#2367,#347,.T.);
#2928=EDGE_CURVE('',#2368,#2369,#348,.T.);
#2929=EDGE_CURVE('',#2369,#2370,#349,.T.);
#2930=EDGE_CURVE('',#2370,#2371,#350,.T.);
#2931=EDGE_CURVE('',#2362,#2371,#351,.T.);
#2932=EDGE_CURVE('',#2363,#2356,#352,.T.);
#2933=EDGE_CURVE('',#2372,#2361,#353,.T.);
#2934=EDGE_CURVE('',#2373,#2372,#354,.T.);
#2935=EDGE_CURVE('',#2358,#2373,#355,.T.);
#2936=EDGE_CURVE('',#2374,#2374,#2123,.T.);
#2937=EDGE_CURVE('',#2375,#2376,#356,.T.);
#2938=EDGE_CURVE('',#2375,#2377,#357,.T.);
#2939=EDGE_CURVE('',#2377,#2378,#358,.T.);
#2940=EDGE_CURVE('',#2376,#2378,#359,.T.);
#2941=EDGE_CURVE('',#2379,#2380,#360,.T.);
#2942=EDGE_CURVE('',#2380,#2381,#361,.T.);
#2943=EDGE_CURVE('',#2382,#2381,#362,.T.);
#2944=EDGE_CURVE('',#2379,#2382,#363,.T.);
#2945=EDGE_CURVE('',#2383,#2384,#364,.T.);
#2946=EDGE_CURVE('',#2380,#2384,#365,.T.);
#2947=EDGE_CURVE('',#2383,#2379,#366,.T.);
#2948=EDGE_CURVE('',#2385,#2386,#367,.T.);
#2949=EDGE_CURVE('',#2387,#2385,#2124,.T.);
#2950=EDGE_CURVE('',#2388,#2387,#368,.T.);
#2951=EDGE_CURVE('',#2389,#2388,#369,.T.);
#2952=EDGE_CURVE('',#2390,#2389,#370,.T.);
#2953=EDGE_CURVE('',#2391,#2390,#2125,.T.);
#2954=EDGE_CURVE('',#2391,#2383,#371,.T.);
#2955=EDGE_CURVE('',#2383,#2375,#372,.T.);
#2956=EDGE_CURVE('',#2376,#2384,#373,.T.);
#2957=EDGE_CURVE('',#2384,#2337,#374,.T.);
#2958=EDGE_CURVE('',#2338,#2392,#375,.T.);
#2959=EDGE_CURVE('',#2386,#2392,#376,.T.);
#2960=EDGE_CURVE('',#2393,#2391,#377,.T.);
#2961=EDGE_CURVE('',#2394,#2393,#378,.T.);
#2962=EDGE_CURVE('',#2392,#2394,#379,.T.);
#2963=EDGE_CURVE('',#2388,#2395,#380,.T.);
#2964=EDGE_CURVE('',#2395,#2396,#381,.T.);
#2965=EDGE_CURVE('',#2389,#2396,#382,.T.);
#2966=EDGE_CURVE('',#2397,#2387,#383,.T.);
#2967=EDGE_CURVE('',#2397,#2398,#2126,.T.);
#2968=EDGE_CURVE('',#2398,#2399,#2127,.T.);
#2969=EDGE_CURVE('',#2400,#2399,#384,.T.);
#2970=EDGE_CURVE('',#2400,#2401,#2128,.T.);
#2971=EDGE_CURVE('',#2401,#2402,#2129,.T.);
#2972=EDGE_CURVE('',#2403,#2402,#385,.T.);
#2973=EDGE_CURVE('',#2403,#2395,#386,.T.);
#2974=EDGE_CURVE('',#2385,#2404,#387,.T.);
#2975=EDGE_CURVE('',#2404,#2405,#388,.T.);
#2976=EDGE_CURVE('',#2405,#2406,#389,.T.);
#2977=EDGE_CURVE('',#2406,#2403,#2130,.T.);
#2978=EDGE_CURVE('',#2402,#2400,#198,.T.);
#2979=EDGE_CURVE('',#2399,#2397,#199,.T.);
#2980=EDGE_CURVE('',#2386,#2407,#390,.T.);
#2981=EDGE_CURVE('',#2407,#2408,#391,.T.);
#2982=EDGE_CURVE('',#2408,#2404,#392,.T.);
#2983=EDGE_CURVE('',#2409,#2410,#393,.T.);
#2984=EDGE_CURVE('',#2409,#2411,#394,.T.);
#2985=EDGE_CURVE('',#2411,#2412,#395,.T.);
#2986=EDGE_CURVE('',#2410,#2412,#396,.T.);
#2987=EDGE_CURVE('',#2413,#2414,#397,.T.);
#2988=EDGE_CURVE('',#2414,#2415,#398,.T.);
#2989=EDGE_CURVE('',#2416,#2415,#399,.T.);
#2990=EDGE_CURVE('',#2413,#2416,#400,.T.);
#2991=EDGE_CURVE('',#2369,#2414,#401,.T.);
#2992=EDGE_CURVE('',#2370,#2413,#402,.T.);
#2993=EDGE_CURVE('',#2364,#2417,#403,.T.);
#2994=EDGE_CURVE('',#2357,#2362,#404,.T.);
#2995=EDGE_CURVE('',#2371,#2409,#405,.T.);
#2996=EDGE_CURVE('',#2410,#2368,#406,.T.);
#2997=EDGE_CURVE('',#2418,#2367,#2131,.T.);
#2998=EDGE_CURVE('',#2396,#2418,#407,.T.);
#2999=EDGE_CURVE('',#2417,#2406,#408,.T.);
#3000=EDGE_CURVE('',#2412,#2419,#409,.T.);
#3001=EDGE_CURVE('',#2419,#2420,#410,.T.);
#3002=EDGE_CURVE('',#2420,#2415,#411,.T.);
#3003=EDGE_CURVE('',#2421,#2421,#2132,.T.);
#3004=EDGE_CURVE('',#2422,#2416,#412,.T.);
#3005=EDGE_CURVE('',#2423,#2422,#413,.T.);
#3006=EDGE_CURVE('',#2411,#2423,#414,.T.);
#3007=EDGE_CURVE('',#2424,#2418,#415,.T.);
#3008=EDGE_CURVE('',#2424,#2425,#2133,.T.);
#3009=EDGE_CURVE('',#2425,#2426,#2134,.T.);
#3010=EDGE_CURVE('',#2427,#2426,#416,.T.);
#3011=EDGE_CURVE('',#2427,#2428,#2135,.T.);
#3012=EDGE_CURVE('',#2428,#2429,#2136,.T.);
#3013=EDGE_CURVE('',#2390,#2429,#417,.T.);
#3014=EDGE_CURVE('',#2365,#2430,#418,.T.);
#3015=EDGE_CURVE('',#2430,#2431,#200,.T.);
#3016=EDGE_CURVE('',#2431,#2366,#419,.T.);
#3017=EDGE_CURVE('',#2417,#2432,#420,.T.);
#3018=EDGE_CURVE('',#2433,#2432,#421,.T.);
#3019=EDGE_CURVE('',#2434,#2433,#422,.T.);
#3020=EDGE_CURVE('',#2430,#2434,#423,.T.);
#3021=EDGE_CURVE('',#2429,#2435,#201,.T.);
#3022=EDGE_CURVE('',#2428,#2436,#424,.T.);
#3023=EDGE_CURVE('',#2436,#2436,#2137,.T.);
#3024=EDGE_CURVE('',#2435,#2427,#202,.T.);
#3025=EDGE_CURVE('',#2437,#2378,#425,.T.);
#3026=EDGE_CURVE('',#2438,#2437,#426,.T.);
#3027=EDGE_CURVE('',#2381,#2438,#427,.T.);
#3028=EDGE_CURVE('',#2439,#2377,#428,.T.);
#3029=EDGE_CURVE('',#2437,#2439,#429,.T.);
#3030=EDGE_CURVE('',#2440,#2439,#430,.T.);
#3031=EDGE_CURVE('',#2438,#2440,#431,.T.);
#3032=EDGE_CURVE('',#2382,#2440,#432,.T.);
#3033=EDGE_CURVE('',#2441,#2424,#203,.T.);
#3034=EDGE_CURVE('',#2426,#2441,#204,.T.);
#3035=EDGE_CURVE('',#2425,#2421,#433,.T.);
#3036=EDGE_CURVE('',#2422,#2420,#434,.T.);
#3037=EDGE_CURVE('',#2423,#2419,#435,.T.);
#3038=EDGE_CURVE('',#2398,#2349,#436,.T.);
#3039=EDGE_CURVE('',#2351,#2347,#437,.T.);
#3040=EDGE_CURVE('',#2350,#2348,#438,.T.);
#3041=EDGE_CURVE('',#2401,#2374,#439,.T.);
#3042=EDGE_CURVE('',#2442,#2360,#440,.T.);
#3043=EDGE_CURVE('',#2442,#2372,#441,.T.);
#3044=EDGE_CURVE('',#2443,#2442,#442,.T.);
#3045=EDGE_CURVE('',#2443,#2373,#443,.T.);
#3046=EDGE_CURVE('',#2359,#2443,#444,.T.);
#3047=EDGE_CURVE('',#2444,#2367,#445,.T.);
#3048=EDGE_CURVE('',#2445,#2444,#446,.T.);
#3049=EDGE_CURVE('',#2391,#2445,#447,.T.);
#3050=EDGE_CURVE('',#2433,#2405,#448,.T.);
#3051=EDGE_CURVE('',#2446,#2405,#449,.T.);
#3052=EDGE_CURVE('',#2447,#2446,#175,.T.);
#3053=EDGE_CURVE('',#2447,#2448,#176,.T.);
#3054=EDGE_CURVE('',#2448,#2444,#450,.T.);
#3055=EDGE_CURVE('',#2444,#2449,#451,.T.);
#3056=EDGE_CURVE('',#2449,#2450,#205,.T.);
#3057=EDGE_CURVE('',#2450,#2451,#206,.T.);
#3058=EDGE_CURVE('',#2451,#2452,#207,.T.);
#3059=EDGE_CURVE('',#2452,#2453,#208,.T.);
#3060=EDGE_CURVE('',#2453,#2434,#209,.T.);
#3061=EDGE_CURVE('',#2454,#2455,#2138,.T.);
#3062=EDGE_CURVE('',#2454,#2455,#2139,.T.);
#3063=EDGE_CURVE('',#2393,#2456,#452,.T.);
#3064=EDGE_CURVE('',#2456,#2457,#210,.T.);
#3065=EDGE_CURVE('',#2457,#2394,#453,.T.);
#3066=EDGE_CURVE('',#2431,#2449,#454,.T.);
#3067=EDGE_CURVE('',#2458,#2448,#455,.T.);
#3068=EDGE_CURVE('',#2445,#2458,#456,.T.);
#3069=EDGE_CURVE('',#2404,#2459,#457,.T.);
#3070=EDGE_CURVE('',#2459,#2446,#458,.T.);
#3071=EDGE_CURVE('',#2408,#2460,#459,.T.);
#3072=EDGE_CURVE('',#2460,#2461,#211,.T.);
#3073=EDGE_CURVE('',#2462,#2461,#212,.T.);
#3074=EDGE_CURVE('',#2462,#2463,#213,.T.);
#3075=EDGE_CURVE('',#2464,#2463,#214,.T.);
#3076=EDGE_CURVE('',#2464,#2465,#215,.T.);
#3077=EDGE_CURVE('',#2445,#2465,#460,.T.);
#3078=EDGE_CURVE('',#2458,#2466,#177,.T.);
#3079=EDGE_CURVE('',#2459,#2466,#178,.T.);
#3080=EDGE_CURVE('',#2467,#2468,#2140,.T.);
#3081=EDGE_CURVE('',#2467,#2468,#2141,.T.);
#3082=EDGE_CURVE('',#2456,#2465,#461,.T.);
#3083=EDGE_CURVE('',#2457,#2460,#462,.T.);
#3084=EDGE_CURVE('',#2447,#2466,#216,.T.);
#3085=EDGE_CURVE('',#2454,#2468,#463,.T.);
#3086=EDGE_CURVE('',#2467,#2455,#464,.T.);
#3087=EDGE_CURVE('',#2469,#2470,#465,.T.);
#3088=EDGE_CURVE('',#2469,#2471,#466,.T.);
#3089=EDGE_CURVE('',#2471,#2472,#467,.T.);
#3090=EDGE_CURVE('',#2472,#2473,#468,.T.);
#3091=EDGE_CURVE('',#2470,#2473,#469,.T.);
#3092=EDGE_CURVE('',#2474,#2475,#470,.T.);
#3093=EDGE_CURVE('',#2474,#2476,#471,.T.);
#3094=EDGE_CURVE('',#2477,#2476,#472,.T.);
#3095=EDGE_CURVE('',#2478,#2477,#473,.T.);
#3096=EDGE_CURVE('',#2478,#2475,#474,.T.);
#3097=EDGE_CURVE('',#2475,#2469,#475,.T.);
#3098=EDGE_CURVE('',#2471,#2478,#476,.T.);
#3099=EDGE_CURVE('',#2479,#2480,#477,.T.);
#3100=EDGE_CURVE('',#2479,#2481,#478,.T.);
#3101=EDGE_CURVE('',#2481,#2482,#479,.T.);
#3102=EDGE_CURVE('',#2482,#2483,#480,.T.);
#3103=EDGE_CURVE('',#2480,#2483,#481,.T.);
#3104=EDGE_CURVE('',#2484,#2485,#482,.T.);
#3105=EDGE_CURVE('',#2484,#2486,#483,.T.);
#3106=EDGE_CURVE('',#2487,#2486,#484,.T.);
#3107=EDGE_CURVE('',#2488,#2487,#485,.T.);
#3108=EDGE_CURVE('',#2488,#2485,#486,.T.);
#3109=EDGE_CURVE('',#2485,#2479,#487,.T.);
#3110=EDGE_CURVE('',#2481,#2488,#488,.T.);
#3111=EDGE_CURVE('',#2489,#2490,#489,.T.);
#3112=EDGE_CURVE('',#2489,#2491,#490,.T.);
#3113=EDGE_CURVE('',#2492,#2491,#491,.T.);
#3114=EDGE_CURVE('',#2493,#2492,#492,.T.);
#3115=EDGE_CURVE('',#2490,#2493,#493,.T.);
#3116=EDGE_CURVE('',#2490,#2494,#494,.T.);
#3117=EDGE_CURVE('',#2493,#2495,#495,.T.);
#3118=EDGE_CURVE('',#2495,#2494,#496,.T.);
#3119=EDGE_CURVE('',#2494,#2496,#497,.T.);
#3120=EDGE_CURVE('',#2495,#2497,#498,.T.);
#3121=EDGE_CURVE('',#2497,#2498,#499,.T.);
#3122=EDGE_CURVE('',#2496,#2498,#500,.T.);
#3123=EDGE_CURVE('',#2499,#2500,#501,.T.);
#3124=EDGE_CURVE('',#2499,#2501,#502,.T.);
#3125=EDGE_CURVE('',#2502,#2501,#503,.T.);
#3126=EDGE_CURVE('',#2503,#2502,#504,.T.);
#3127=EDGE_CURVE('',#2500,#2503,#505,.T.);
#3128=EDGE_CURVE('',#2500,#2504,#506,.T.);
#3129=EDGE_CURVE('',#2503,#2505,#507,.T.);
#3130=EDGE_CURVE('',#2505,#2504,#508,.T.);
#3131=EDGE_CURVE('',#2504,#2506,#509,.T.);
#3132=EDGE_CURVE('',#2505,#2507,#510,.T.);
#3133=EDGE_CURVE('',#2507,#2508,#511,.T.);
#3134=EDGE_CURVE('',#2506,#2508,#512,.T.);
#3135=EDGE_CURVE('',#2509,#2509,#2142,.T.);
#3136=EDGE_CURVE('',#2509,#2510,#513,.T.);
#3137=EDGE_CURVE('',#2510,#2510,#2143,.T.);
#3138=EDGE_CURVE('',#2511,#2511,#2144,.T.);
#3139=EDGE_CURVE('',#2511,#2512,#514,.T.);
#3140=EDGE_CURVE('',#2512,#2512,#2145,.T.);
#3141=EDGE_CURVE('',#2513,#2513,#2146,.T.);
#3142=EDGE_CURVE('',#2513,#2514,#515,.T.);
#3143=EDGE_CURVE('',#2514,#2514,#2147,.T.);
#3144=EDGE_CURVE('',#2515,#2515,#2148,.T.);
#3145=EDGE_CURVE('',#2515,#2516,#516,.T.);
#3146=EDGE_CURVE('',#2516,#2516,#2149,.T.);
#3147=EDGE_CURVE('',#2517,#2518,#517,.T.);
#3148=EDGE_CURVE('',#2518,#2519,#518,.T.);
#3149=EDGE_CURVE('',#2519,#2520,#519,.T.);
#3150=EDGE_CURVE('',#2520,#2521,#520,.T.);
#3151=EDGE_CURVE('',#2521,#2522,#521,.T.);
#3152=EDGE_CURVE('',#2522,#2517,#522,.T.);
#3153=EDGE_CURVE('',#2496,#2489,#523,.T.);
#3154=EDGE_CURVE('',#2506,#2499,#524,.T.);
#3155=EDGE_CURVE('',#2523,#2524,#525,.T.);
#3156=EDGE_CURVE('',#2524,#2525,#158,.T.);
#3157=EDGE_CURVE('',#2525,#2526,#526,.T.);
#3158=EDGE_CURVE('',#2526,#2527,#159,.T.);
#3159=EDGE_CURVE('',#2527,#2528,#527,.T.);
#3160=EDGE_CURVE('',#2528,#2529,#160,.T.);
#3161=EDGE_CURVE('',#2529,#2530,#528,.T.);
#3162=EDGE_CURVE('',#2530,#2531,#161,.T.);
#3163=EDGE_CURVE('',#2531,#2532,#529,.T.);
#3164=EDGE_CURVE('',#2532,#2533,#162,.T.);
#3165=EDGE_CURVE('',#2533,#2534,#530,.T.);
#3166=EDGE_CURVE('',#2534,#2523,#163,.T.);
#3167=EDGE_CURVE('',#2535,#2535,#2150,.T.);
#3168=EDGE_CURVE('',#2536,#2536,#2151,.T.);
#3169=EDGE_CURVE('',#2537,#2537,#2152,.T.);
#3170=EDGE_CURVE('',#2538,#2538,#2153,.T.);
#3171=EDGE_CURVE('',#2539,#2518,#531,.T.);
#3172=EDGE_CURVE('',#2539,#2540,#532,.T.);
#3173=EDGE_CURVE('',#2540,#2541,#533,.T.);
#3174=EDGE_CURVE('',#2541,#2542,#534,.T.);
#3175=EDGE_CURVE('',#2543,#2542,#535,.T.);
#3176=EDGE_CURVE('',#2544,#2543,#536,.T.);
#3177=EDGE_CURVE('',#2544,#2519,#537,.T.);
#3178=EDGE_CURVE('',#2517,#2545,#538,.T.);
#3179=EDGE_CURVE('',#2545,#2539,#539,.T.);
#3180=EDGE_CURVE('',#2546,#2547,#540,.T.);
#3181=EDGE_CURVE('',#2548,#2546,#541,.T.);
#3182=EDGE_CURVE('',#2549,#2548,#542,.T.);
#3183=EDGE_CURVE('',#2522,#2549,#543,.T.);
#3184=EDGE_CURVE('',#2521,#2547,#544,.T.);
#3185=EDGE_CURVE('',#2543,#2550,#545,.T.);
#3186=EDGE_CURVE('',#2542,#2551,#546,.T.);
#3187=EDGE_CURVE('',#2551,#2550,#547,.T.);
#3188=EDGE_CURVE('',#2550,#2549,#548,.T.);
#3189=EDGE_CURVE('',#2551,#2552,#549,.T.);
#3190=EDGE_CURVE('',#2552,#2553,#550,.T.);
#3191=EDGE_CURVE('',#2553,#2545,#551,.T.);
#3192=EDGE_CURVE('',#2540,#2553,#552,.T.);
#3193=EDGE_CURVE('',#2554,#2554,#2154,.T.);
#3194=EDGE_CURVE('',#2552,#2541,#553,.T.);
#3195=EDGE_CURVE('',#2555,#2555,#2155,.T.);
#3196=EDGE_CURVE('',#2556,#2546,#554,.T.);
#3197=EDGE_CURVE('',#2557,#2556,#555,.T.);
#3198=EDGE_CURVE('',#2548,#2557,#556,.T.);
#3199=EDGE_CURVE('',#2557,#2544,#557,.T.);
#3200=EDGE_CURVE('',#2470,#2474,#558,.T.);
#3201=EDGE_CURVE('',#2480,#2484,#559,.T.);
#3202=EDGE_CURVE('',#2558,#2559,#164,.T.);
#3203=EDGE_CURVE('',#2559,#2560,#165,.T.);
#3204=EDGE_CURVE('',#2560,#2558,#560,.T.);
#3205=EDGE_CURVE('',#2561,#2561,#2156,.T.);
#3206=EDGE_CURVE('',#2562,#2562,#2157,.T.);
#3207=EDGE_CURVE('',#2563,#2563,#2158,.T.);
#3208=EDGE_CURVE('',#2564,#2564,#2159,.T.);
#3209=EDGE_CURVE('',#2565,#2565,#2160,.T.);
#3210=EDGE_CURVE('',#2566,#2566,#2161,.T.);
#3211=EDGE_CURVE('',#2560,#2558,#2162,.T.);
#3212=EDGE_CURVE('',#2559,#2565,#561,.T.);
#3213=EDGE_CURVE('',#2566,#2555,#562,.T.);
#3214=EDGE_CURVE('',#2554,#2567,#563,.T.);
#3215=EDGE_CURVE('',#2567,#2567,#2163,.T.);
#3216=EDGE_CURVE('',#2568,#2569,#2164,.T.);
#3217=EDGE_CURVE('',#2570,#2568,#564,.T.);
#3218=EDGE_CURVE('',#2571,#2570,#2165,.T.);
#3219=EDGE_CURVE('',#2572,#2571,#565,.T.);
#3220=EDGE_CURVE('',#2573,#2572,#2166,.T.);
#3221=EDGE_CURVE('',#2574,#2573,#566,.T.);
#3222=EDGE_CURVE('',#2575,#2574,#2167,.T.);
#3223=EDGE_CURVE('',#2576,#2575,#567,.T.);
#3224=EDGE_CURVE('',#2577,#2576,#2168,.T.);
#3225=EDGE_CURVE('',#2578,#2577,#568,.T.);
#3226=EDGE_CURVE('',#2579,#2578,#2169,.T.);
#3227=EDGE_CURVE('',#2569,#2579,#569,.T.);
#3228=EDGE_CURVE('',#2568,#2524,#570,.T.);
#3229=EDGE_CURVE('',#2525,#2569,#571,.T.);
#3230=EDGE_CURVE('',#2526,#2579,#572,.T.);
#3231=EDGE_CURVE('',#2527,#2578,#573,.T.);
#3232=EDGE_CURVE('',#2528,#2577,#574,.T.);
#3233=EDGE_CURVE('',#2529,#2576,#575,.T.);
#3234=EDGE_CURVE('',#2523,#2570,#576,.T.);
#3235=EDGE_CURVE('',#2534,#2571,#577,.T.);
#3236=EDGE_CURVE('',#2533,#2572,#578,.T.);
#3237=EDGE_CURVE('',#2532,#2573,#579,.T.);
#3238=EDGE_CURVE('',#2531,#2574,#580,.T.);
#3239=EDGE_CURVE('',#2530,#2575,#581,.T.);
#3240=EDGE_CURVE('',#2580,#2580,#2170,.T.);
#3241=EDGE_CURVE('',#2535,#2580,#582,.T.);
#3242=EDGE_CURVE('',#2581,#2581,#2171,.T.);
#3243=EDGE_CURVE('',#2536,#2581,#583,.T.);
#3244=EDGE_CURVE('',#2582,#2582,#2172,.T.);
#3245=EDGE_CURVE('',#2537,#2582,#584,.T.);
#3246=EDGE_CURVE('',#2583,#2583,#2173,.T.);
#3247=EDGE_CURVE('',#2538,#2583,#585,.T.);
#3248=EDGE_CURVE('',#2584,#2584,#2174,.T.);
#3249=EDGE_CURVE('',#2561,#2584,#586,.T.);
#3250=EDGE_CURVE('',#2585,#2585,#2175,.T.);
#3251=EDGE_CURVE('',#2562,#2585,#587,.T.);
#3252=EDGE_CURVE('',#2586,#2586,#2176,.T.);
#3253=EDGE_CURVE('',#2563,#2586,#588,.T.);
#3254=EDGE_CURVE('',#2587,#2587,#2177,.T.);
#3255=EDGE_CURVE('',#2564,#2587,#589,.T.);
#3256=EDGE_CURVE('',#2588,#2588,#2178,.T.);
#3257=EDGE_CURVE('',#2588,#2589,#2179,.T.);
#3258=EDGE_CURVE('',#2547,#2590,#590,.T.);
#3259=EDGE_CURVE('',#2520,#2590,#591,.T.);
#3260=EDGE_CURVE('',#2590,#2556,#592,.T.);
#3261=EDGE_CURVE('',#2591,#2492,#593,.T.);
#3262=EDGE_CURVE('',#2491,#2592,#594,.T.);
#3263=EDGE_CURVE('',#2591,#2592,#595,.T.);
#3264=EDGE_CURVE('',#2497,#2593,#596,.T.);
#3265=EDGE_CURVE('',#2593,#2594,#597,.T.);
#3266=EDGE_CURVE('',#2594,#2498,#598,.T.);
#3267=EDGE_CURVE('',#2593,#2591,#599,.T.);
#3268=EDGE_CURVE('',#2592,#2594,#600,.T.);
#3269=EDGE_CURVE('',#2472,#2595,#601,.T.);
#3270=EDGE_CURVE('',#2595,#2596,#602,.T.);
#3271=EDGE_CURVE('',#2596,#2473,#603,.T.);
#3272=EDGE_CURVE('',#2595,#2597,#604,.T.);
#3273=EDGE_CURVE('',#2597,#2598,#605,.T.);
#3274=EDGE_CURVE('',#2598,#2596,#606,.T.);
#3275=EDGE_CURVE('',#2597,#2477,#607,.T.);
#3276=EDGE_CURVE('',#2476,#2598,#608,.T.);
#3277=EDGE_CURVE('',#2599,#2502,#609,.T.);
#3278=EDGE_CURVE('',#2501,#2600,#610,.T.);
#3279=EDGE_CURVE('',#2599,#2600,#611,.T.);
#3280=EDGE_CURVE('',#2507,#2601,#612,.T.);
#3281=EDGE_CURVE('',#2601,#2602,#613,.T.);
#3282=EDGE_CURVE('',#2602,#2508,#614,.T.);
#3283=EDGE_CURVE('',#2601,#2599,#615,.T.);
#3284=EDGE_CURVE('',#2600,#2602,#616,.T.);
#3285=EDGE_CURVE('',#2482,#2603,#617,.T.);
#3286=EDGE_CURVE('',#2603,#2604,#618,.T.);
#3287=EDGE_CURVE('',#2604,#2483,#619,.T.);
#3288=EDGE_CURVE('',#2603,#2605,#620,.T.);
#3289=EDGE_CURVE('',#2605,#2606,#621,.T.);
#3290=EDGE_CURVE('',#2606,#2604,#622,.T.);
#3291=EDGE_CURVE('',#2605,#2487,#623,.T.);
#3292=EDGE_CURVE('',#2486,#2606,#624,.T.);
#3293=EDGE_CURVE('',#2607,#2607,#2180,.T.);
#3294=EDGE_CURVE('',#2607,#2608,#625,.T.);
#3295=EDGE_CURVE('',#2608,#2608,#2181,.T.);
#3296=EDGE_CURVE('',#2609,#2609,#2182,.T.);
#3297=EDGE_CURVE('',#2610,#2610,#2183,.T.);
#3298=EDGE_CURVE('',#2610,#2611,#626,.T.);
#3299=EDGE_CURVE('',#2611,#2611,#2184,.T.);
#3300=EDGE_CURVE('',#2612,#2612,#2185,.T.);
#3301=EDGE_CURVE('',#2613,#2613,#2186,.T.);
#3302=EDGE_CURVE('',#2613,#2614,#627,.T.);
#3303=EDGE_CURVE('',#2614,#2614,#2187,.T.);
#3304=EDGE_CURVE('',#2615,#2615,#2188,.T.);
#3305=EDGE_CURVE('',#2616,#2616,#2189,.T.);
#3306=EDGE_CURVE('',#2616,#2617,#628,.T.);
#3307=EDGE_CURVE('',#2617,#2617,#2190,.T.);
#3308=EDGE_CURVE('',#2618,#2618,#2191,.T.);
#3309=EDGE_CURVE('',#2615,#2619,#629,.T.);
#3310=EDGE_CURVE('',#2619,#2619,#2192,.T.);
#3311=EDGE_CURVE('',#2618,#2620,#630,.T.);
#3312=EDGE_CURVE('',#2620,#2620,#2193,.T.);
#3313=EDGE_CURVE('',#2609,#2621,#631,.T.);
#3314=EDGE_CURVE('',#2621,#2621,#2194,.T.);
#3315=EDGE_CURVE('',#2612,#2622,#632,.T.);
#3316=EDGE_CURVE('',#2622,#2622,#2195,.T.);
#3317=EDGE_CURVE('',#2623,#2624,#633,.T.);
#3318=EDGE_CURVE('',#2625,#2623,#634,.T.);
#3319=EDGE_CURVE('',#2626,#2625,#635,.T.);
#3320=EDGE_CURVE('',#2624,#2626,#636,.T.);
#3321=EDGE_CURVE('',#2627,#2627,#2196,.T.);
#3322=EDGE_CURVE('',#2625,#2628,#637,.T.);
#3323=EDGE_CURVE('',#2628,#2629,#638,.T.);
#3324=EDGE_CURVE('',#2626,#2629,#639,.T.);
#3325=EDGE_CURVE('',#2623,#2630,#640,.T.);
#3326=EDGE_CURVE('',#2630,#2628,#641,.T.);
#3327=EDGE_CURVE('',#2631,#2631,#2197,.T.);
#3328=EDGE_CURVE('',#2631,#2627,#2198,.T.);
#3329=EDGE_CURVE('',#2632,#2630,#642,.T.);
#3330=EDGE_CURVE('',#2629,#2632,#643,.T.);
#3331=EDGE_CURVE('',#2624,#2632,#644,.T.);
#3332=EDGE_CURVE('',#2633,#2633,#2199,.T.);
#3333=EDGE_CURVE('',#2633,#2634,#645,.T.);
#3334=EDGE_CURVE('',#2634,#2634,#2200,.T.);
#3335=EDGE_CURVE('',#2635,#2635,#2201,.T.);
#3336=EDGE_CURVE('',#2635,#2636,#646,.T.);
#3337=EDGE_CURVE('',#2636,#2636,#2202,.T.);
#3338=EDGE_CURVE('',#2637,#2637,#2203,.T.);
#3339=EDGE_CURVE('',#2637,#2638,#647,.T.);
#3340=EDGE_CURVE('',#2638,#2638,#2204,.T.);
#3341=EDGE_CURVE('',#2639,#2639,#2205,.T.);
#3342=EDGE_CURVE('',#2639,#2640,#648,.T.);
#3343=EDGE_CURVE('',#2640,#2640,#2206,.T.);
#3344=EDGE_CURVE('',#2641,#2642,#649,.T.);
#3345=EDGE_CURVE('',#2643,#2641,#650,.T.);
#3346=EDGE_CURVE('',#2644,#2643,#651,.T.);
#3347=EDGE_CURVE('',#2645,#2644,#652,.T.);
#3348=EDGE_CURVE('',#2646,#2645,#653,.T.);
#3349=EDGE_CURVE('',#2642,#2646,#654,.T.);
#3350=EDGE_CURVE('',#2647,#2644,#655,.T.);
#3351=EDGE_CURVE('',#2648,#2647,#656,.T.);
#3352=EDGE_CURVE('',#2648,#2645,#657,.T.);
#3353=EDGE_CURVE('',#2647,#2643,#658,.T.);
#3354=EDGE_CURVE('',#2649,#2641,#659,.T.);
#3355=EDGE_CURVE('',#2647,#2649,#660,.T.);
#3356=EDGE_CURVE('',#2650,#2651,#2207,.T.);
#3357=EDGE_CURVE('',#2651,#2652,#661,.T.);
#3358=EDGE_CURVE('',#2652,#2653,#2208,.T.);
#3359=EDGE_CURVE('',#2653,#2654,#662,.T.);
#3360=EDGE_CURVE('',#2654,#2655,#2209,.T.);
#3361=EDGE_CURVE('',#2655,#2656,#663,.T.);
#3362=EDGE_CURVE('',#2656,#2657,#2210,.T.);
#3363=EDGE_CURVE('',#2657,#2650,#664,.T.);
#3364=EDGE_CURVE('',#2658,#2659,#665,.T.);
#3365=EDGE_CURVE('',#2659,#2660,#666,.T.);
#3366=EDGE_CURVE('',#2660,#2661,#667,.T.);
#3367=EDGE_CURVE('',#2661,#2658,#668,.T.);
#3368=EDGE_CURVE('',#2662,#2663,#2211,.T.);
#3369=EDGE_CURVE('',#2663,#2662,#669,.T.);
#3370=EDGE_CURVE('',#2664,#2665,#670,.T.);
#3371=EDGE_CURVE('',#2666,#2664,#671,.T.);
#3372=EDGE_CURVE('',#2667,#2666,#672,.T.);
#3373=EDGE_CURVE('',#2665,#2667,#673,.T.);
#3374=EDGE_CURVE('',#2659,#2664,#674,.T.);
#3375=EDGE_CURVE('',#2660,#2665,#675,.T.);
#3376=EDGE_CURVE('',#2661,#2667,#676,.T.);
#3377=EDGE_CURVE('',#2658,#2666,#677,.T.);
#3378=EDGE_CURVE('',#2668,#2649,#678,.T.);
#3379=EDGE_CURVE('',#2648,#2668,#679,.T.);
#3380=EDGE_CURVE('',#2669,#2670,#680,.T.);
#3381=EDGE_CURVE('',#2670,#2671,#2212,.T.);
#3382=EDGE_CURVE('',#2671,#2672,#681,.T.);
#3383=EDGE_CURVE('',#2672,#2673,#2213,.T.);
#3384=EDGE_CURVE('',#2673,#2674,#682,.T.);
#3385=EDGE_CURVE('',#2674,#2675,#2214,.T.);
#3386=EDGE_CURVE('',#2675,#2676,#683,.T.);
#3387=EDGE_CURVE('',#2676,#2669,#2215,.T.);
#3388=EDGE_CURVE('',#2677,#2678,#2216,.T.);
#3389=EDGE_CURVE('',#2678,#2679,#684,.T.);
#3390=EDGE_CURVE('',#2679,#2680,#2217,.T.);
#3391=EDGE_CURVE('',#2680,#2681,#685,.T.);
#3392=EDGE_CURVE('',#2681,#2682,#2218,.T.);
#3393=EDGE_CURVE('',#2682,#2683,#686,.T.);
#3394=EDGE_CURVE('',#2683,#2684,#2219,.T.);
#3395=EDGE_CURVE('',#2684,#2677,#687,.T.);
#3396=EDGE_CURVE('',#2685,#2686,#688,.T.);
#3397=EDGE_CURVE('',#2686,#2687,#2220,.T.);
#3398=EDGE_CURVE('',#2687,#2688,#689,.T.);
#3399=EDGE_CURVE('',#2688,#2689,#2221,.T.);
#3400=EDGE_CURVE('',#2689,#2690,#690,.T.);
#3401=EDGE_CURVE('',#2690,#2691,#2222,.T.);
#3402=EDGE_CURVE('',#2691,#2692,#691,.T.);
#3403=EDGE_CURVE('',#2692,#2685,#2223,.T.);
#3404=EDGE_CURVE('',#2676,#2678,#692,.T.);
#3405=EDGE_CURVE('',#2669,#2677,#693,.T.);
#3406=EDGE_CURVE('',#2675,#2679,#694,.T.);
#3407=EDGE_CURVE('',#2674,#2680,#695,.T.);
#3408=EDGE_CURVE('',#2673,#2681,#696,.T.);
#3409=EDGE_CURVE('',#2672,#2682,#697,.T.);
#3410=EDGE_CURVE('',#2671,#2683,#698,.T.);
#3411=EDGE_CURVE('',#2670,#2684,#699,.T.);
#3412=EDGE_CURVE('',#2653,#2686,#700,.T.);
#3413=EDGE_CURVE('',#2654,#2685,#701,.T.);
#3414=EDGE_CURVE('',#2652,#2687,#702,.T.);
#3415=EDGE_CURVE('',#2651,#2688,#703,.T.);
#3416=EDGE_CURVE('',#2650,#2689,#704,.T.);
#3417=EDGE_CURVE('',#2657,#2690,#705,.T.);
#3418=EDGE_CURVE('',#2656,#2691,#706,.T.);
#3419=EDGE_CURVE('',#2655,#2692,#707,.T.);
#3420=EDGE_CURVE('',#2662,#2663,#166,.T.);
#3421=EDGE_CURVE('',#2642,#2668,#708,.T.);
#3422=EDGE_CURVE('',#2646,#2648,#709,.T.);
#3423=EDGE_CURVE('',#2693,#2693,#2224,.T.);
#3424=EDGE_CURVE('',#2693,#2694,#710,.T.);
#3425=EDGE_CURVE('',#2694,#2694,#2225,.T.);
#3426=EDGE_CURVE('',#2695,#2695,#2226,.T.);
#3427=EDGE_CURVE('',#2695,#2696,#711,.T.);
#3428=EDGE_CURVE('',#2696,#2696,#2227,.T.);
#3429=EDGE_CURVE('',#2697,#2697,#2228,.T.);
#3430=EDGE_CURVE('',#2697,#2698,#712,.T.);
#3431=EDGE_CURVE('',#2698,#2698,#2229,.T.);
#3432=EDGE_CURVE('',#2699,#2699,#2230,.T.);
#3433=EDGE_CURVE('',#2699,#2700,#713,.T.);
#3434=EDGE_CURVE('',#2700,#2700,#2231,.T.);
#3435=EDGE_CURVE('',#2701,#2702,#714,.T.);
#3436=EDGE_CURVE('',#2703,#2701,#715,.T.);
#3437=EDGE_CURVE('',#2704,#2703,#716,.T.);
#3438=EDGE_CURVE('',#2705,#2704,#717,.T.);
#3439=EDGE_CURVE('',#2706,#2705,#718,.T.);
#3440=EDGE_CURVE('',#2702,#2706,#719,.T.);
#3441=EDGE_CURVE('',#2704,#2707,#720,.T.);
#3442=EDGE_CURVE('',#2707,#2708,#721,.T.);
#3443=EDGE_CURVE('',#2708,#2705,#722,.T.);
#3444=EDGE_CURVE('',#2703,#2709,#723,.T.);
#3445=EDGE_CURVE('',#2709,#2707,#724,.T.);
#3446=EDGE_CURVE('',#2709,#2701,#725,.T.);
#3447=EDGE_CURVE('',#2710,#2711,#167,.T.);
#3448=EDGE_CURVE('',#2711,#2710,#726,.T.);
#3449=EDGE_CURVE('',#2710,#2711,#2232,.T.);
#3450=EDGE_CURVE('',#2712,#2713,#2233,.T.);
#3451=EDGE_CURVE('',#2712,#2714,#727,.T.);
#3452=EDGE_CURVE('',#2714,#2715,#2234,.T.);
#3453=EDGE_CURVE('',#2713,#2715,#728,.T.);
#3454=EDGE_CURVE('',#2716,#2712,#729,.T.);
#3455=EDGE_CURVE('',#2716,#2717,#730,.T.);
#3456=EDGE_CURVE('',#2717,#2714,#731,.T.);
#3457=EDGE_CURVE('',#2718,#2716,#2235,.T.);
#3458=EDGE_CURVE('',#2718,#2719,#732,.T.);
#3459=EDGE_CURVE('',#2719,#2717,#2236,.T.);
#3460=EDGE_CURVE('',#2720,#2718,#733,.T.);
#3461=EDGE_CURVE('',#2720,#2721,#734,.T.);
#3462=EDGE_CURVE('',#2721,#2719,#735,.T.);
#3463=EDGE_CURVE('',#2722,#2720,#2237,.T.);
#3464=EDGE_CURVE('',#2722,#2723,#736,.T.);
#3465=EDGE_CURVE('',#2723,#2721,#2238,.T.);
#3466=EDGE_CURVE('',#2724,#2722,#737,.T.);
#3467=EDGE_CURVE('',#2724,#2725,#738,.T.);
#3468=EDGE_CURVE('',#2725,#2723,#739,.T.);
#3469=EDGE_CURVE('',#2726,#2724,#2239,.T.);
#3470=EDGE_CURVE('',#2726,#2727,#740,.T.);
#3471=EDGE_CURVE('',#2727,#2725,#2240,.T.);
#3472=EDGE_CURVE('',#2713,#2726,#741,.T.);
#3473=EDGE_CURVE('',#2715,#2727,#742,.T.);
#3474=EDGE_CURVE('',#2728,#2729,#743,.T.);
#3475=EDGE_CURVE('',#2728,#2730,#744,.T.);
#3476=EDGE_CURVE('',#2730,#2731,#745,.T.);
#3477=EDGE_CURVE('',#2729,#2731,#746,.T.);
#3478=EDGE_CURVE('',#2732,#2728,#2241,.T.);
#3479=EDGE_CURVE('',#2732,#2733,#747,.T.);
#3480=EDGE_CURVE('',#2733,#2730,#2242,.T.);
#3481=EDGE_CURVE('',#2734,#2732,#748,.T.);
#3482=EDGE_CURVE('',#2734,#2735,#749,.T.);
#3483=EDGE_CURVE('',#2735,#2733,#750,.T.);
#3484=EDGE_CURVE('',#2736,#2734,#2243,.T.);
#3485=EDGE_CURVE('',#2736,#2737,#751,.T.);
#3486=EDGE_CURVE('',#2737,#2735,#2244,.T.);
#3487=EDGE_CURVE('',#2738,#2736,#752,.T.);
#3488=EDGE_CURVE('',#2738,#2739,#753,.T.);
#3489=EDGE_CURVE('',#2739,#2737,#754,.T.);
#3490=EDGE_CURVE('',#2740,#2738,#2245,.T.);
#3491=EDGE_CURVE('',#2740,#2741,#755,.T.);
#3492=EDGE_CURVE('',#2741,#2739,#2246,.T.);
#3493=EDGE_CURVE('',#2742,#2740,#756,.T.);
#3494=EDGE_CURVE('',#2742,#2743,#757,.T.);
#3495=EDGE_CURVE('',#2743,#2741,#758,.T.);
#3496=EDGE_CURVE('',#2729,#2742,#2247,.T.);
#3497=EDGE_CURVE('',#2731,#2743,#2248,.T.);
#3498=EDGE_CURVE('',#2709,#2744,#759,.T.);
#3499=EDGE_CURVE('',#2744,#2708,#760,.T.);
#3500=EDGE_CURVE('',#2745,#2746,#761,.T.);
#3501=EDGE_CURVE('',#2745,#2747,#762,.T.);
#3502=EDGE_CURVE('',#2748,#2747,#763,.T.);
#3503=EDGE_CURVE('',#2746,#2748,#764,.T.);
#3504=EDGE_CURVE('',#2746,#2749,#765,.T.);
#3505=EDGE_CURVE('',#2750,#2748,#766,.T.);
#3506=EDGE_CURVE('',#2749,#2750,#767,.T.);
#3507=EDGE_CURVE('',#2749,#2751,#768,.T.);
#3508=EDGE_CURVE('',#2752,#2750,#769,.T.);
#3509=EDGE_CURVE('',#2751,#2752,#770,.T.);
#3510=EDGE_CURVE('',#2751,#2745,#771,.T.);
#3511=EDGE_CURVE('',#2747,#2752,#772,.T.);
#3512=EDGE_CURVE('',#2744,#2706,#773,.T.);
#3513=EDGE_CURVE('',#2744,#2702,#774,.T.);
#3514=EDGE_CURVE('',#2753,#2754,#2249,.T.);
#3515=ORIENTED_EDGE('',*,*,#2755,.F.);
#3516=ORIENTED_EDGE('',*,*,#2755,.T.);
#3517=ORIENTED_EDGE('',*,*,#2756,.T.);
#3518=ORIENTED_EDGE('',*,*,#2757,.F.);
#3519=ORIENTED_EDGE('',*,*,#2756,.F.);
#3520=ORIENTED_EDGE('',*,*,#2758,.F.);
#3521=ORIENTED_EDGE('',*,*,#2758,.T.);
#3522=ORIENTED_EDGE('',*,*,#2759,.T.);
#3523=ORIENTED_EDGE('',*,*,#2760,.F.);
#3524=ORIENTED_EDGE('',*,*,#2759,.F.);
#3525=ORIENTED_EDGE('',*,*,#2761,.F.);
#3526=ORIENTED_EDGE('',*,*,#2762,.F.);
#3527=ORIENTED_EDGE('',*,*,#2763,.F.);
#3528=ORIENTED_EDGE('',*,*,#2764,.T.);
#3529=ORIENTED_EDGE('',*,*,#2765,.F.);
#3530=ORIENTED_EDGE('',*,*,#2766,.T.);
#3531=ORIENTED_EDGE('',*,*,#2767,.T.);
#3532=ORIENTED_EDGE('',*,*,#2768,.F.);
#3533=ORIENTED_EDGE('',*,*,#2764,.F.);
#3534=ORIENTED_EDGE('',*,*,#2769,.F.);
#3535=ORIENTED_EDGE('',*,*,#2770,.F.);
#3536=ORIENTED_EDGE('',*,*,#2762,.T.);
#3537=ORIENTED_EDGE('',*,*,#2771,.F.);
#3538=ORIENTED_EDGE('',*,*,#2772,.F.);
#3539=ORIENTED_EDGE('',*,*,#2773,.T.);
#3540=ORIENTED_EDGE('',*,*,#2774,.F.);
#3541=ORIENTED_EDGE('',*,*,#2761,.T.);
#3542=ORIENTED_EDGE('',*,*,#2775,.T.);
#3543=ORIENTED_EDGE('',*,*,#2776,.F.);
#3544=ORIENTED_EDGE('',*,*,#2777,.F.);
#3545=ORIENTED_EDGE('',*,*,#2771,.T.);
#3546=ORIENTED_EDGE('',*,*,#2765,.T.);
#3547=ORIENTED_EDGE('',*,*,#2768,.T.);
#3548=ORIENTED_EDGE('',*,*,#2767,.F.);
#3549=ORIENTED_EDGE('',*,*,#2778,.F.);
#3550=ORIENTED_EDGE('',*,*,#2779,.F.);
#3551=ORIENTED_EDGE('',*,*,#2775,.F.);
#3552=ORIENTED_EDGE('',*,*,#2780,.F.);
#3553=ORIENTED_EDGE('',*,*,#2763,.T.);
#3554=ORIENTED_EDGE('',*,*,#2774,.T.);
#3555=ORIENTED_EDGE('',*,*,#2781,.T.);
#3556=ORIENTED_EDGE('',*,*,#2782,.T.);
#3557=ORIENTED_EDGE('',*,*,#2783,.T.);
#3558=ORIENTED_EDGE('',*,*,#2780,.T.);
#3559=ORIENTED_EDGE('',*,*,#2784,.T.);
#3560=ORIENTED_EDGE('',*,*,#2785,.F.);
#3561=ORIENTED_EDGE('',*,*,#2786,.F.);
#3562=ORIENTED_EDGE('',*,*,#2787,.T.);
#3563=ORIENTED_EDGE('',*,*,#2788,.F.);
#3564=ORIENTED_EDGE('',*,*,#2786,.T.);
#3565=ORIENTED_EDGE('',*,*,#2789,.F.);
#3566=ORIENTED_EDGE('',*,*,#2790,.T.);
#3567=ORIENTED_EDGE('',*,*,#2769,.T.);
#3568=ORIENTED_EDGE('',*,*,#2784,.F.);
#3569=ORIENTED_EDGE('',*,*,#2791,.T.);
#3570=ORIENTED_EDGE('',*,*,#2792,.T.);
#3571=ORIENTED_EDGE('',*,*,#2766,.F.);
#3572=ORIENTED_EDGE('',*,*,#2770,.T.);
#3573=ORIENTED_EDGE('',*,*,#2792,.F.);
#3574=ORIENTED_EDGE('',*,*,#2793,.T.);
#3575=ORIENTED_EDGE('',*,*,#2794,.F.);
#3576=ORIENTED_EDGE('',*,*,#2795,.F.);
#3577=ORIENTED_EDGE('',*,*,#2778,.T.);
#3578=ORIENTED_EDGE('',*,*,#2779,.T.);
#3579=ORIENTED_EDGE('',*,*,#2795,.T.);
#3580=ORIENTED_EDGE('',*,*,#2796,.T.);
#3581=ORIENTED_EDGE('',*,*,#2790,.F.);
#3582=ORIENTED_EDGE('',*,*,#2797,.F.);
#3583=ORIENTED_EDGE('',*,*,#2798,.F.);
#3584=ORIENTED_EDGE('',*,*,#2796,.F.);
#3585=ORIENTED_EDGE('',*,*,#2794,.T.);
#3586=ORIENTED_EDGE('',*,*,#2799,.T.);
#3587=ORIENTED_EDGE('',*,*,#2800,.F.);
#3588=ORIENTED_EDGE('',*,*,#2801,.F.);
#3589=ORIENTED_EDGE('',*,*,#2802,.F.);
#3590=ORIENTED_EDGE('',*,*,#2803,.F.);
#3591=ORIENTED_EDGE('',*,*,#2804,.F.);
#3592=ORIENTED_EDGE('',*,*,#2805,.T.);
#3593=ORIENTED_EDGE('',*,*,#2802,.T.);
#3594=ORIENTED_EDGE('',*,*,#2806,.F.);
#3595=ORIENTED_EDGE('',*,*,#2807,.F.);
#3596=ORIENTED_EDGE('',*,*,#2808,.F.);
#3597=ORIENTED_EDGE('',*,*,#2806,.T.);
#3598=ORIENTED_EDGE('',*,*,#2801,.T.);
#3599=ORIENTED_EDGE('',*,*,#2809,.F.);
#3600=ORIENTED_EDGE('',*,*,#2810,.F.);
#3601=ORIENTED_EDGE('',*,*,#2811,.F.);
#3602=ORIENTED_EDGE('',*,*,#2812,.F.);
#3603=ORIENTED_EDGE('',*,*,#2811,.T.);
#3604=ORIENTED_EDGE('',*,*,#2813,.T.);
#3605=ORIENTED_EDGE('',*,*,#2814,.F.);
#3606=ORIENTED_EDGE('',*,*,#2815,.F.);
#3607=ORIENTED_EDGE('',*,*,#2816,.F.);
#3608=ORIENTED_EDGE('',*,*,#2817,.F.);
#3609=ORIENTED_EDGE('',*,*,#2813,.F.);
#3610=ORIENTED_EDGE('',*,*,#2810,.T.);
#3611=ORIENTED_EDGE('',*,*,#2818,.F.);
#3612=ORIENTED_EDGE('',*,*,#2787,.F.);
#3613=ORIENTED_EDGE('',*,*,#2798,.T.);
#3614=ORIENTED_EDGE('',*,*,#2819,.F.);
#3615=ORIENTED_EDGE('',*,*,#2820,.F.);
#3616=ORIENTED_EDGE('',*,*,#2819,.T.);
#3617=ORIENTED_EDGE('',*,*,#2797,.T.);
#3618=ORIENTED_EDGE('',*,*,#2821,.T.);
#3619=ORIENTED_EDGE('',*,*,#2822,.F.);
#3620=ORIENTED_EDGE('',*,*,#2821,.F.);
#3621=ORIENTED_EDGE('',*,*,#2799,.F.);
#3622=ORIENTED_EDGE('',*,*,#2793,.F.);
#3623=ORIENTED_EDGE('',*,*,#2791,.F.);
#3624=ORIENTED_EDGE('',*,*,#2783,.F.);
#3625=ORIENTED_EDGE('',*,*,#2782,.F.);
#3626=ORIENTED_EDGE('',*,*,#2823,.F.);
#3627=ORIENTED_EDGE('',*,*,#2824,.F.);
#3628=ORIENTED_EDGE('',*,*,#2823,.T.);
#3629=ORIENTED_EDGE('',*,*,#2781,.F.);
#3630=ORIENTED_EDGE('',*,*,#2773,.F.);
#3631=ORIENTED_EDGE('',*,*,#2825,.F.);
#3632=ORIENTED_EDGE('',*,*,#2803,.T.);
#3633=ORIENTED_EDGE('',*,*,#2805,.F.);
#3634=ORIENTED_EDGE('',*,*,#2826,.F.);
#3635=ORIENTED_EDGE('',*,*,#2827,.F.);
#3636=ORIENTED_EDGE('',*,*,#2826,.T.);
#3637=ORIENTED_EDGE('',*,*,#2804,.T.);
#3638=ORIENTED_EDGE('',*,*,#2808,.T.);
#3639=ORIENTED_EDGE('',*,*,#2828,.F.);
#3640=ORIENTED_EDGE('',*,*,#2812,.T.);
#3641=ORIENTED_EDGE('',*,*,#2815,.T.);
#3642=ORIENTED_EDGE('',*,*,#2829,.F.);
#3643=ORIENTED_EDGE('',*,*,#2830,.F.);
#3644=ORIENTED_EDGE('',*,*,#2829,.T.);
#3645=ORIENTED_EDGE('',*,*,#2814,.T.);
#3646=ORIENTED_EDGE('',*,*,#2817,.T.);
#3647=ORIENTED_EDGE('',*,*,#2818,.T.);
#3648=ORIENTED_EDGE('',*,*,#2820,.T.);
#3649=ORIENTED_EDGE('',*,*,#2822,.T.);
#3650=ORIENTED_EDGE('',*,*,#2824,.T.);
#3651=ORIENTED_EDGE('',*,*,#2772,.T.);
#3652=ORIENTED_EDGE('',*,*,#2777,.T.);
#3653=ORIENTED_EDGE('',*,*,#2831,.F.);
#3654=ORIENTED_EDGE('',*,*,#2788,.T.);
#3655=ORIENTED_EDGE('',*,*,#2757,.T.);
#3656=ORIENTED_EDGE('',*,*,#2760,.T.);
#3657=ORIENTED_EDGE('',*,*,#2828,.T.);
#3658=ORIENTED_EDGE('',*,*,#2830,.T.);
#3659=ORIENTED_EDGE('',*,*,#2816,.T.);
#3660=ORIENTED_EDGE('',*,*,#2809,.T.);
#3661=ORIENTED_EDGE('',*,*,#2825,.T.);
#3662=ORIENTED_EDGE('',*,*,#2827,.T.);
#3663=ORIENTED_EDGE('',*,*,#2807,.T.);
#3664=ORIENTED_EDGE('',*,*,#2800,.T.);
#3665=ORIENTED_EDGE('',*,*,#2776,.T.);
#3666=ORIENTED_EDGE('',*,*,#2789,.T.);
#3667=ORIENTED_EDGE('',*,*,#2785,.T.);
#3668=ORIENTED_EDGE('',*,*,#2831,.T.);
#3669=ORIENTED_EDGE('',*,*,#2832,.F.);
#3670=ORIENTED_EDGE('',*,*,#2833,.T.);
#3671=ORIENTED_EDGE('',*,*,#2834,.T.);
#3672=ORIENTED_EDGE('',*,*,#2833,.F.);
#3673=ORIENTED_EDGE('',*,*,#2834,.F.);
#3674=ORIENTED_EDGE('',*,*,#2835,.F.);
#3675=ORIENTED_EDGE('',*,*,#2836,.T.);
#3676=ORIENTED_EDGE('',*,*,#2837,.T.);
#3677=ORIENTED_EDGE('',*,*,#2836,.F.);
#3678=ORIENTED_EDGE('',*,*,#2837,.F.);
#3679=ORIENTED_EDGE('',*,*,#2838,.F.);
#3680=ORIENTED_EDGE('',*,*,#2839,.F.);
#3681=ORIENTED_EDGE('',*,*,#2840,.F.);
#3682=ORIENTED_EDGE('',*,*,#2841,.T.);
#3683=ORIENTED_EDGE('',*,*,#2842,.T.);
#3684=ORIENTED_EDGE('',*,*,#2842,.F.);
#3685=ORIENTED_EDGE('',*,*,#2843,.T.);
#3686=ORIENTED_EDGE('',*,*,#2844,.T.);
#3687=ORIENTED_EDGE('',*,*,#2845,.F.);
#3688=ORIENTED_EDGE('',*,*,#2846,.F.);
#3689=ORIENTED_EDGE('',*,*,#2840,.T.);
#3690=ORIENTED_EDGE('',*,*,#2847,.F.);
#3691=ORIENTED_EDGE('',*,*,#2848,.F.);
#3692=ORIENTED_EDGE('',*,*,#2849,.T.);
#3693=ORIENTED_EDGE('',*,*,#2850,.T.);
#3694=ORIENTED_EDGE('',*,*,#2851,.T.);
#3695=ORIENTED_EDGE('',*,*,#2852,.F.);
#3696=ORIENTED_EDGE('',*,*,#2844,.F.);
#3697=ORIENTED_EDGE('',*,*,#2853,.T.);
#3698=ORIENTED_EDGE('',*,*,#2854,.T.);
#3699=ORIENTED_EDGE('',*,*,#2855,.T.);
#3700=ORIENTED_EDGE('',*,*,#2856,.F.);
#3701=ORIENTED_EDGE('',*,*,#2857,.F.);
#3702=ORIENTED_EDGE('',*,*,#2853,.F.);
#3703=ORIENTED_EDGE('',*,*,#2843,.F.);
#3704=ORIENTED_EDGE('',*,*,#2841,.F.);
#3705=ORIENTED_EDGE('',*,*,#2855,.F.);
#3706=ORIENTED_EDGE('',*,*,#2851,.F.);
#3707=ORIENTED_EDGE('',*,*,#2858,.T.);
#3708=ORIENTED_EDGE('',*,*,#2848,.T.);
#3709=ORIENTED_EDGE('',*,*,#2859,.T.);
#3710=ORIENTED_EDGE('',*,*,#2860,.F.);
#3711=ORIENTED_EDGE('',*,*,#2861,.F.);
#3712=ORIENTED_EDGE('',*,*,#2862,.T.);
#3713=ORIENTED_EDGE('',*,*,#2849,.F.);
#3714=ORIENTED_EDGE('',*,*,#2858,.F.);
#3715=ORIENTED_EDGE('',*,*,#2863,.T.);
#3716=ORIENTED_EDGE('',*,*,#2864,.F.);
#3717=ORIENTED_EDGE('',*,*,#2865,.F.);
#3718=ORIENTED_EDGE('',*,*,#2863,.F.);
#3719=ORIENTED_EDGE('',*,*,#2866,.F.);
#3720=ORIENTED_EDGE('',*,*,#2867,.F.);
#3721=ORIENTED_EDGE('',*,*,#2868,.T.);
#3722=ORIENTED_EDGE('',*,*,#2861,.T.);
#3723=ORIENTED_EDGE('',*,*,#2865,.T.);
#3724=ORIENTED_EDGE('',*,*,#2839,.T.);
#3725=ORIENTED_EDGE('',*,*,#2869,.F.);
#3726=ORIENTED_EDGE('',*,*,#2859,.F.);
#3727=ORIENTED_EDGE('',*,*,#2847,.T.);
#3728=ORIENTED_EDGE('',*,*,#2850,.F.);
#3729=ORIENTED_EDGE('',*,*,#2862,.F.);
#3730=ORIENTED_EDGE('',*,*,#2868,.F.);
#3731=ORIENTED_EDGE('',*,*,#2870,.F.);
#3732=ORIENTED_EDGE('',*,*,#2854,.F.);
#3733=ORIENTED_EDGE('',*,*,#2857,.T.);
#3734=ORIENTED_EDGE('',*,*,#2856,.T.);
#3735=ORIENTED_EDGE('',*,*,#2871,.T.);
#3736=ORIENTED_EDGE('',*,*,#2872,.F.);
#3737=ORIENTED_EDGE('',*,*,#2873,.T.);
#3738=ORIENTED_EDGE('',*,*,#2845,.T.);
#3739=ORIENTED_EDGE('',*,*,#2852,.T.);
#3740=ORIENTED_EDGE('',*,*,#2870,.T.);
#3741=ORIENTED_EDGE('',*,*,#2867,.T.);
#3742=ORIENTED_EDGE('',*,*,#2864,.T.);
#3743=ORIENTED_EDGE('',*,*,#2832,.T.);
#3744=ORIENTED_EDGE('',*,*,#2835,.T.);
#3745=ORIENTED_EDGE('',*,*,#2874,.F.);
#3746=ORIENTED_EDGE('',*,*,#2871,.F.);
#3747=ORIENTED_EDGE('',*,*,#2866,.T.);
#3748=ORIENTED_EDGE('',*,*,#2875,.F.);
#3749=ORIENTED_EDGE('',*,*,#2860,.T.);
#3750=ORIENTED_EDGE('',*,*,#2876,.F.);
#3751=ORIENTED_EDGE('',*,*,#2875,.T.);
#3752=ORIENTED_EDGE('',*,*,#2838,.T.);
#3753=ORIENTED_EDGE('',*,*,#2846,.T.);
#3754=ORIENTED_EDGE('',*,*,#2873,.F.);
#3755=ORIENTED_EDGE('',*,*,#2877,.F.);
#3756=ORIENTED_EDGE('',*,*,#2869,.T.);
#3757=ORIENTED_EDGE('',*,*,#2877,.T.);
#3758=ORIENTED_EDGE('',*,*,#2872,.T.);
#3759=ORIENTED_EDGE('',*,*,#2874,.T.);
#3760=ORIENTED_EDGE('',*,*,#2876,.T.);
#3761=ORIENTED_EDGE('',*,*,#2878,.F.);
#3762=ORIENTED_EDGE('',*,*,#2879,.T.);
#3763=ORIENTED_EDGE('',*,*,#2880,.T.);
#3764=ORIENTED_EDGE('',*,*,#2879,.F.);
#3765=ORIENTED_EDGE('',*,*,#2880,.F.);
#3766=ORIENTED_EDGE('',*,*,#2881,.F.);
#3767=ORIENTED_EDGE('',*,*,#2882,.T.);
#3768=ORIENTED_EDGE('',*,*,#2883,.T.);
#3769=ORIENTED_EDGE('',*,*,#2882,.F.);
#3770=ORIENTED_EDGE('',*,*,#2883,.F.);
#3771=ORIENTED_EDGE('',*,*,#2884,.F.);
#3772=ORIENTED_EDGE('',*,*,#2884,.T.);
#3773=ORIENTED_EDGE('',*,*,#2885,.T.);
#3774=ORIENTED_EDGE('',*,*,#2886,.F.);
#3775=ORIENTED_EDGE('',*,*,#2885,.F.);
#3776=ORIENTED_EDGE('',*,*,#2887,.F.);
#3777=ORIENTED_EDGE('',*,*,#2887,.T.);
#3778=ORIENTED_EDGE('',*,*,#2888,.T.);
#3779=ORIENTED_EDGE('',*,*,#2889,.F.);
#3780=ORIENTED_EDGE('',*,*,#2888,.F.);
#3781=ORIENTED_EDGE('',*,*,#2890,.T.);
#3782=ORIENTED_EDGE('',*,*,#2891,.T.);
#3783=ORIENTED_EDGE('',*,*,#2892,.T.);
#3784=ORIENTED_EDGE('',*,*,#2893,.T.);
#3785=ORIENTED_EDGE('',*,*,#2894,.F.);
#3786=ORIENTED_EDGE('',*,*,#2895,.T.);
#3787=ORIENTED_EDGE('',*,*,#2896,.T.);
#3788=ORIENTED_EDGE('',*,*,#2897,.F.);
#3789=ORIENTED_EDGE('',*,*,#2892,.F.);
#3790=ORIENTED_EDGE('',*,*,#2898,.T.);
#3791=ORIENTED_EDGE('',*,*,#2899,.F.);
#3792=ORIENTED_EDGE('',*,*,#2900,.F.);
#3793=ORIENTED_EDGE('',*,*,#2901,.F.);
#3794=ORIENTED_EDGE('',*,*,#2902,.F.);
#3795=ORIENTED_EDGE('',*,*,#2903,.F.);
#3796=ORIENTED_EDGE('',*,*,#2898,.F.);
#3797=ORIENTED_EDGE('',*,*,#2891,.F.);
#3798=ORIENTED_EDGE('',*,*,#2904,.F.);
#3799=ORIENTED_EDGE('',*,*,#2897,.T.);
#3800=ORIENTED_EDGE('',*,*,#2905,.T.);
#3801=ORIENTED_EDGE('',*,*,#2895,.F.);
#3802=ORIENTED_EDGE('',*,*,#2906,.F.);
#3803=ORIENTED_EDGE('',*,*,#2893,.F.);
#3804=ORIENTED_EDGE('',*,*,#2900,.T.);
#3805=ORIENTED_EDGE('',*,*,#2907,.T.);
#3806=ORIENTED_EDGE('',*,*,#2908,.T.);
#3807=ORIENTED_EDGE('',*,*,#2909,.T.);
#3808=ORIENTED_EDGE('',*,*,#2910,.F.);
#3809=ORIENTED_EDGE('',*,*,#2911,.T.);
#3810=ORIENTED_EDGE('',*,*,#2912,.T.);
#3811=ORIENTED_EDGE('',*,*,#2913,.F.);
#3812=ORIENTED_EDGE('',*,*,#2914,.F.);
#3813=ORIENTED_EDGE('',*,*,#2915,.T.);
#3814=ORIENTED_EDGE('',*,*,#2916,.F.);
#3815=ORIENTED_EDGE('',*,*,#2917,.F.);
#3816=ORIENTED_EDGE('',*,*,#2912,.F.);
#3817=ORIENTED_EDGE('',*,*,#2918,.T.);
#3818=ORIENTED_EDGE('',*,*,#2919,.T.);
#3819=ORIENTED_EDGE('',*,*,#2920,.F.);
#3820=ORIENTED_EDGE('',*,*,#2921,.T.);
#3821=ORIENTED_EDGE('',*,*,#2910,.T.);
#3822=ORIENTED_EDGE('',*,*,#2922,.T.);
#3823=ORIENTED_EDGE('',*,*,#2923,.F.);
#3824=ORIENTED_EDGE('',*,*,#2924,.F.);
#3825=ORIENTED_EDGE('',*,*,#2925,.F.);
#3826=ORIENTED_EDGE('',*,*,#2926,.F.);
#3827=ORIENTED_EDGE('',*,*,#2927,.F.);
#3828=ORIENTED_EDGE('',*,*,#2928,.T.);
#3829=ORIENTED_EDGE('',*,*,#2929,.T.);
#3830=ORIENTED_EDGE('',*,*,#2930,.T.);
#3831=ORIENTED_EDGE('',*,*,#2931,.F.);
#3832=ORIENTED_EDGE('',*,*,#2932,.F.);
#3833=ORIENTED_EDGE('',*,*,#2922,.F.);
#3834=ORIENTED_EDGE('',*,*,#2913,.T.);
#3835=ORIENTED_EDGE('',*,*,#2920,.T.);
#3836=ORIENTED_EDGE('',*,*,#2933,.F.);
#3837=ORIENTED_EDGE('',*,*,#2934,.F.);
#3838=ORIENTED_EDGE('',*,*,#2935,.F.);
#3839=ORIENTED_EDGE('',*,*,#2915,.F.);
#3840=ORIENTED_EDGE('',*,*,#2936,.T.);
#3841=ORIENTED_EDGE('',*,*,#2937,.F.);
#3842=ORIENTED_EDGE('',*,*,#2938,.T.);
#3843=ORIENTED_EDGE('',*,*,#2939,.T.);
#3844=ORIENTED_EDGE('',*,*,#2940,.F.);
#3845=ORIENTED_EDGE('',*,*,#2941,.T.);
#3846=ORIENTED_EDGE('',*,*,#2942,.T.);
#3847=ORIENTED_EDGE('',*,*,#2943,.F.);
#3848=ORIENTED_EDGE('',*,*,#2944,.F.);
#3849=ORIENTED_EDGE('',*,*,#2945,.T.);
#3850=ORIENTED_EDGE('',*,*,#2946,.F.);
#3851=ORIENTED_EDGE('',*,*,#2941,.F.);
#3852=ORIENTED_EDGE('',*,*,#2947,.F.);
#3853=ORIENTED_EDGE('',*,*,#2948,.F.);
#3854=ORIENTED_EDGE('',*,*,#2949,.F.);
#3855=ORIENTED_EDGE('',*,*,#2950,.F.);
#3856=ORIENTED_EDGE('',*,*,#2951,.F.);
#3857=ORIENTED_EDGE('',*,*,#2952,.F.);
#3858=ORIENTED_EDGE('',*,*,#2953,.F.);
#3859=ORIENTED_EDGE('',*,*,#2954,.T.);
#3860=ORIENTED_EDGE('',*,*,#2955,.T.);
#3861=ORIENTED_EDGE('',*,*,#2937,.T.);
#3862=ORIENTED_EDGE('',*,*,#2956,.T.);
#3863=ORIENTED_EDGE('',*,*,#2957,.T.);
#3864=ORIENTED_EDGE('',*,*,#2906,.T.);
#3865=ORIENTED_EDGE('',*,*,#2894,.T.);
#3866=ORIENTED_EDGE('',*,*,#2904,.T.);
#3867=ORIENTED_EDGE('',*,*,#2958,.T.);
#3868=ORIENTED_EDGE('',*,*,#2959,.F.);
#3869=ORIENTED_EDGE('',*,*,#2886,.T.);
#3870=ORIENTED_EDGE('',*,*,#2889,.T.);
#3871=ORIENTED_EDGE('',*,*,#2960,.F.);
#3872=ORIENTED_EDGE('',*,*,#2961,.F.);
#3873=ORIENTED_EDGE('',*,*,#2962,.F.);
#3874=ORIENTED_EDGE('',*,*,#2958,.F.);
#3875=ORIENTED_EDGE('',*,*,#2890,.F.);
#3876=ORIENTED_EDGE('',*,*,#2957,.F.);
#3877=ORIENTED_EDGE('',*,*,#2945,.F.);
#3878=ORIENTED_EDGE('',*,*,#2954,.F.);
#3879=ORIENTED_EDGE('',*,*,#2951,.T.);
#3880=ORIENTED_EDGE('',*,*,#2963,.T.);
#3881=ORIENTED_EDGE('',*,*,#2964,.T.);
#3882=ORIENTED_EDGE('',*,*,#2965,.F.);
#3883=ORIENTED_EDGE('',*,*,#2950,.T.);
#3884=ORIENTED_EDGE('',*,*,#2966,.F.);
#3885=ORIENTED_EDGE('',*,*,#2967,.T.);
#3886=ORIENTED_EDGE('',*,*,#2968,.T.);
#3887=ORIENTED_EDGE('',*,*,#2969,.F.);
#3888=ORIENTED_EDGE('',*,*,#2970,.T.);
#3889=ORIENTED_EDGE('',*,*,#2971,.T.);
#3890=ORIENTED_EDGE('',*,*,#2972,.F.);
#3891=ORIENTED_EDGE('',*,*,#2973,.T.);
#3892=ORIENTED_EDGE('',*,*,#2963,.F.);
#3893=ORIENTED_EDGE('',*,*,#2949,.T.);
#3894=ORIENTED_EDGE('',*,*,#2974,.T.);
#3895=ORIENTED_EDGE('',*,*,#2975,.T.);
#3896=ORIENTED_EDGE('',*,*,#2976,.T.);
#3897=ORIENTED_EDGE('',*,*,#2977,.T.);
#3898=ORIENTED_EDGE('',*,*,#2972,.T.);
#3899=ORIENTED_EDGE('',*,*,#2978,.T.);
#3900=ORIENTED_EDGE('',*,*,#2969,.T.);
#3901=ORIENTED_EDGE('',*,*,#2979,.T.);
#3902=ORIENTED_EDGE('',*,*,#2966,.T.);
#3903=ORIENTED_EDGE('',*,*,#2948,.T.);
#3904=ORIENTED_EDGE('',*,*,#2980,.T.);
#3905=ORIENTED_EDGE('',*,*,#2981,.T.);
#3906=ORIENTED_EDGE('',*,*,#2982,.T.);
#3907=ORIENTED_EDGE('',*,*,#2974,.F.);
#3908=ORIENTED_EDGE('',*,*,#2983,.F.);
#3909=ORIENTED_EDGE('',*,*,#2984,.T.);
#3910=ORIENTED_EDGE('',*,*,#2985,.T.);
#3911=ORIENTED_EDGE('',*,*,#2986,.F.);
#3912=ORIENTED_EDGE('',*,*,#2987,.T.);
#3913=ORIENTED_EDGE('',*,*,#2988,.T.);
#3914=ORIENTED_EDGE('',*,*,#2989,.F.);
#3915=ORIENTED_EDGE('',*,*,#2990,.F.);
#3916=ORIENTED_EDGE('',*,*,#2929,.F.);
#3917=ORIENTED_EDGE('',*,*,#2991,.T.);
#3918=ORIENTED_EDGE('',*,*,#2987,.F.);
#3919=ORIENTED_EDGE('',*,*,#2992,.F.);
#3920=ORIENTED_EDGE('',*,*,#2993,.F.);
#3921=ORIENTED_EDGE('',*,*,#2923,.T.);
#3922=ORIENTED_EDGE('',*,*,#2932,.T.);
#3923=ORIENTED_EDGE('',*,*,#2914,.T.);
#3924=ORIENTED_EDGE('',*,*,#2994,.T.);
#3925=ORIENTED_EDGE('',*,*,#2931,.T.);
#3926=ORIENTED_EDGE('',*,*,#2995,.T.);
#3927=ORIENTED_EDGE('',*,*,#2983,.T.);
#3928=ORIENTED_EDGE('',*,*,#2996,.T.);
#3929=ORIENTED_EDGE('',*,*,#2927,.T.);
#3930=ORIENTED_EDGE('',*,*,#2997,.F.);
#3931=ORIENTED_EDGE('',*,*,#2998,.F.);
#3932=ORIENTED_EDGE('',*,*,#2964,.F.);
#3933=ORIENTED_EDGE('',*,*,#2973,.F.);
#3934=ORIENTED_EDGE('',*,*,#2977,.F.);
#3935=ORIENTED_EDGE('',*,*,#2999,.F.);
#3936=ORIENTED_EDGE('',*,*,#2878,.T.);
#3937=ORIENTED_EDGE('',*,*,#2881,.T.);
#3938=ORIENTED_EDGE('',*,*,#2996,.F.);
#3939=ORIENTED_EDGE('',*,*,#2986,.T.);
#3940=ORIENTED_EDGE('',*,*,#3000,.T.);
#3941=ORIENTED_EDGE('',*,*,#3001,.T.);
#3942=ORIENTED_EDGE('',*,*,#3002,.T.);
#3943=ORIENTED_EDGE('',*,*,#2988,.F.);
#3944=ORIENTED_EDGE('',*,*,#2991,.F.);
#3945=ORIENTED_EDGE('',*,*,#2928,.F.);
#3946=ORIENTED_EDGE('',*,*,#3003,.T.);
#3947=ORIENTED_EDGE('',*,*,#3004,.F.);
#3948=ORIENTED_EDGE('',*,*,#3005,.F.);
#3949=ORIENTED_EDGE('',*,*,#3006,.F.);
#3950=ORIENTED_EDGE('',*,*,#2984,.F.);
#3951=ORIENTED_EDGE('',*,*,#2995,.F.);
#3952=ORIENTED_EDGE('',*,*,#2930,.F.);
#3953=ORIENTED_EDGE('',*,*,#2992,.T.);
#3954=ORIENTED_EDGE('',*,*,#2990,.T.);
#3955=ORIENTED_EDGE('',*,*,#2952,.T.);
#3956=ORIENTED_EDGE('',*,*,#2965,.T.);
#3957=ORIENTED_EDGE('',*,*,#2998,.T.);
#3958=ORIENTED_EDGE('',*,*,#3007,.F.);
#3959=ORIENTED_EDGE('',*,*,#3008,.T.);
#3960=ORIENTED_EDGE('',*,*,#3009,.T.);
#3961=ORIENTED_EDGE('',*,*,#3010,.F.);
#3962=ORIENTED_EDGE('',*,*,#3011,.T.);
#3963=ORIENTED_EDGE('',*,*,#3012,.T.);
#3964=ORIENTED_EDGE('',*,*,#3013,.F.);
#3965=ORIENTED_EDGE('',*,*,#2925,.T.);
#3966=ORIENTED_EDGE('',*,*,#3014,.T.);
#3967=ORIENTED_EDGE('',*,*,#3015,.T.);
#3968=ORIENTED_EDGE('',*,*,#3016,.T.);
#3969=ORIENTED_EDGE('',*,*,#2924,.T.);
#3970=ORIENTED_EDGE('',*,*,#2993,.T.);
#3971=ORIENTED_EDGE('',*,*,#3017,.T.);
#3972=ORIENTED_EDGE('',*,*,#3018,.F.);
#3973=ORIENTED_EDGE('',*,*,#3019,.F.);
#3974=ORIENTED_EDGE('',*,*,#3020,.F.);
#3975=ORIENTED_EDGE('',*,*,#3014,.F.);
#3976=ORIENTED_EDGE('',*,*,#3021,.F.);
#3977=ORIENTED_EDGE('',*,*,#3012,.F.);
#3978=ORIENTED_EDGE('',*,*,#3022,.T.);
#3979=ORIENTED_EDGE('',*,*,#3023,.F.);
#3980=ORIENTED_EDGE('',*,*,#3022,.F.);
#3981=ORIENTED_EDGE('',*,*,#3011,.F.);
#3982=ORIENTED_EDGE('',*,*,#3024,.F.);
#3983=ORIENTED_EDGE('',*,*,#3025,.F.);
#3984=ORIENTED_EDGE('',*,*,#3026,.F.);
#3985=ORIENTED_EDGE('',*,*,#3027,.F.);
#3986=ORIENTED_EDGE('',*,*,#2942,.F.);
#3987=ORIENTED_EDGE('',*,*,#2946,.T.);
#3988=ORIENTED_EDGE('',*,*,#2956,.F.);
#3989=ORIENTED_EDGE('',*,*,#2940,.T.);
#3990=ORIENTED_EDGE('',*,*,#3025,.T.);
#3991=ORIENTED_EDGE('',*,*,#2939,.F.);
#3992=ORIENTED_EDGE('',*,*,#3028,.F.);
#3993=ORIENTED_EDGE('',*,*,#3029,.F.);
#3994=ORIENTED_EDGE('',*,*,#3026,.T.);
#3995=ORIENTED_EDGE('',*,*,#3029,.T.);
#3996=ORIENTED_EDGE('',*,*,#3030,.F.);
#3997=ORIENTED_EDGE('',*,*,#3031,.F.);
#3998=ORIENTED_EDGE('',*,*,#3027,.T.);
#3999=ORIENTED_EDGE('',*,*,#3031,.T.);
#4000=ORIENTED_EDGE('',*,*,#3032,.F.);
#4001=ORIENTED_EDGE('',*,*,#2943,.T.);
#4002=ORIENTED_EDGE('',*,*,#2938,.F.);
#4003=ORIENTED_EDGE('',*,*,#2955,.F.);
#4004=ORIENTED_EDGE('',*,*,#2947,.T.);
#4005=ORIENTED_EDGE('',*,*,#2944,.T.);
#4006=ORIENTED_EDGE('',*,*,#3032,.T.);
#4007=ORIENTED_EDGE('',*,*,#3030,.T.);
#4008=ORIENTED_EDGE('',*,*,#3028,.T.);
#4009=ORIENTED_EDGE('',*,*,#3023,.T.);
#4010=ORIENTED_EDGE('',*,*,#3033,.F.);
#4011=ORIENTED_EDGE('',*,*,#3034,.F.);
#4012=ORIENTED_EDGE('',*,*,#3009,.F.);
#4013=ORIENTED_EDGE('',*,*,#3035,.T.);
#4014=ORIENTED_EDGE('',*,*,#3003,.F.);
#4015=ORIENTED_EDGE('',*,*,#3035,.F.);
#4016=ORIENTED_EDGE('',*,*,#3008,.F.);
#4017=ORIENTED_EDGE('',*,*,#3004,.T.);
#4018=ORIENTED_EDGE('',*,*,#2989,.T.);
#4019=ORIENTED_EDGE('',*,*,#3002,.F.);
#4020=ORIENTED_EDGE('',*,*,#3036,.F.);
#4021=ORIENTED_EDGE('',*,*,#3005,.T.);
#4022=ORIENTED_EDGE('',*,*,#3036,.T.);
#4023=ORIENTED_EDGE('',*,*,#3001,.F.);
#4024=ORIENTED_EDGE('',*,*,#3037,.F.);
#4025=ORIENTED_EDGE('',*,*,#3006,.T.);
#4026=ORIENTED_EDGE('',*,*,#3037,.T.);
#4027=ORIENTED_EDGE('',*,*,#3000,.F.);
#4028=ORIENTED_EDGE('',*,*,#2985,.F.);
#4029=ORIENTED_EDGE('',*,*,#2979,.F.);
#4030=ORIENTED_EDGE('',*,*,#2968,.F.);
#4031=ORIENTED_EDGE('',*,*,#3038,.T.);
#4032=ORIENTED_EDGE('',*,*,#2905,.F.);
#4033=ORIENTED_EDGE('',*,*,#3038,.F.);
#4034=ORIENTED_EDGE('',*,*,#2967,.F.);
#4035=ORIENTED_EDGE('',*,*,#2909,.F.);
#4036=ORIENTED_EDGE('',*,*,#3039,.T.);
#4037=ORIENTED_EDGE('',*,*,#2901,.T.);
#4038=ORIENTED_EDGE('',*,*,#2896,.F.);
#4039=ORIENTED_EDGE('',*,*,#2908,.F.);
#4040=ORIENTED_EDGE('',*,*,#3040,.T.);
#4041=ORIENTED_EDGE('',*,*,#2902,.T.);
#4042=ORIENTED_EDGE('',*,*,#3039,.F.);
#4043=ORIENTED_EDGE('',*,*,#2907,.F.);
#4044=ORIENTED_EDGE('',*,*,#2899,.T.);
#4045=ORIENTED_EDGE('',*,*,#2903,.T.);
#4046=ORIENTED_EDGE('',*,*,#3040,.F.);
#4047=ORIENTED_EDGE('',*,*,#2978,.F.);
#4048=ORIENTED_EDGE('',*,*,#2971,.F.);
#4049=ORIENTED_EDGE('',*,*,#3041,.T.);
#4050=ORIENTED_EDGE('',*,*,#2936,.F.);
#4051=ORIENTED_EDGE('',*,*,#3041,.F.);
#4052=ORIENTED_EDGE('',*,*,#2970,.F.);
#4053=ORIENTED_EDGE('',*,*,#3042,.F.);
#4054=ORIENTED_EDGE('',*,*,#3043,.T.);
#4055=ORIENTED_EDGE('',*,*,#2933,.T.);
#4056=ORIENTED_EDGE('',*,*,#2919,.F.);
#4057=ORIENTED_EDGE('',*,*,#3044,.F.);
#4058=ORIENTED_EDGE('',*,*,#3045,.T.);
#4059=ORIENTED_EDGE('',*,*,#2934,.T.);
#4060=ORIENTED_EDGE('',*,*,#3043,.F.);
#4061=ORIENTED_EDGE('',*,*,#3046,.F.);
#4062=ORIENTED_EDGE('',*,*,#2916,.T.);
#4063=ORIENTED_EDGE('',*,*,#2935,.T.);
#4064=ORIENTED_EDGE('',*,*,#3045,.F.);
#4065=ORIENTED_EDGE('',*,*,#3046,.T.);
#4066=ORIENTED_EDGE('',*,*,#3044,.T.);
#4067=ORIENTED_EDGE('',*,*,#3042,.T.);
#4068=ORIENTED_EDGE('',*,*,#2918,.F.);
#4069=ORIENTED_EDGE('',*,*,#2911,.F.);
#4070=ORIENTED_EDGE('',*,*,#2921,.F.);
#4071=ORIENTED_EDGE('',*,*,#2994,.F.);
#4072=ORIENTED_EDGE('',*,*,#2917,.T.);
#4073=ORIENTED_EDGE('',*,*,#2953,.T.);
#4074=ORIENTED_EDGE('',*,*,#3013,.T.);
#4075=ORIENTED_EDGE('',*,*,#3021,.T.);
#4076=ORIENTED_EDGE('',*,*,#3024,.T.);
#4077=ORIENTED_EDGE('',*,*,#3010,.T.);
#4078=ORIENTED_EDGE('',*,*,#3034,.T.);
#4079=ORIENTED_EDGE('',*,*,#3033,.T.);
#4080=ORIENTED_EDGE('',*,*,#3007,.T.);
#4081=ORIENTED_EDGE('',*,*,#2997,.T.);
#4082=ORIENTED_EDGE('',*,*,#3047,.F.);
#4083=ORIENTED_EDGE('',*,*,#3048,.F.);
#4084=ORIENTED_EDGE('',*,*,#3049,.F.);
#4085=ORIENTED_EDGE('',*,*,#2999,.T.);
#4086=ORIENTED_EDGE('',*,*,#2976,.F.);
#4087=ORIENTED_EDGE('',*,*,#3050,.F.);
#4088=ORIENTED_EDGE('',*,*,#3018,.T.);
#4089=ORIENTED_EDGE('',*,*,#3017,.F.);
#4090=ORIENTED_EDGE('',*,*,#3050,.T.);
#4091=ORIENTED_EDGE('',*,*,#3051,.F.);
#4092=ORIENTED_EDGE('',*,*,#3052,.F.);
#4093=ORIENTED_EDGE('',*,*,#3053,.T.);
#4094=ORIENTED_EDGE('',*,*,#3054,.T.);
#4095=ORIENTED_EDGE('',*,*,#3055,.T.);
#4096=ORIENTED_EDGE('',*,*,#3056,.T.);
#4097=ORIENTED_EDGE('',*,*,#3057,.T.);
#4098=ORIENTED_EDGE('',*,*,#3058,.T.);
#4099=ORIENTED_EDGE('',*,*,#3059,.T.);
#4100=ORIENTED_EDGE('',*,*,#3060,.T.);
#4101=ORIENTED_EDGE('',*,*,#3019,.T.);
#4102=ORIENTED_EDGE('',*,*,#3061,.T.);
#4103=ORIENTED_EDGE('',*,*,#3062,.F.);
#4104=ORIENTED_EDGE('',*,*,#2961,.T.);
#4105=ORIENTED_EDGE('',*,*,#3063,.T.);
#4106=ORIENTED_EDGE('',*,*,#3064,.T.);
#4107=ORIENTED_EDGE('',*,*,#3065,.T.);
#4108=ORIENTED_EDGE('',*,*,#3057,.F.);
#4109=ORIENTED_EDGE('',*,*,#3056,.F.);
#4110=ORIENTED_EDGE('',*,*,#3066,.F.);
#4111=ORIENTED_EDGE('',*,*,#3015,.F.);
#4112=ORIENTED_EDGE('',*,*,#3020,.T.);
#4113=ORIENTED_EDGE('',*,*,#3060,.F.);
#4114=ORIENTED_EDGE('',*,*,#3059,.F.);
#4115=ORIENTED_EDGE('',*,*,#3058,.F.);
#4116=ORIENTED_EDGE('',*,*,#3055,.F.);
#4117=ORIENTED_EDGE('',*,*,#3047,.T.);
#4118=ORIENTED_EDGE('',*,*,#2926,.T.);
#4119=ORIENTED_EDGE('',*,*,#3016,.F.);
#4120=ORIENTED_EDGE('',*,*,#3066,.T.);
#4121=ORIENTED_EDGE('',*,*,#3054,.F.);
#4122=ORIENTED_EDGE('',*,*,#3067,.F.);
#4123=ORIENTED_EDGE('',*,*,#3068,.F.);
#4124=ORIENTED_EDGE('',*,*,#3048,.T.);
#4125=ORIENTED_EDGE('',*,*,#3051,.T.);
#4126=ORIENTED_EDGE('',*,*,#2975,.F.);
#4127=ORIENTED_EDGE('',*,*,#3069,.T.);
#4128=ORIENTED_EDGE('',*,*,#3070,.T.);
#4129=ORIENTED_EDGE('',*,*,#3071,.T.);
#4130=ORIENTED_EDGE('',*,*,#3072,.T.);
#4131=ORIENTED_EDGE('',*,*,#3073,.F.);
#4132=ORIENTED_EDGE('',*,*,#3074,.T.);
#4133=ORIENTED_EDGE('',*,*,#3075,.F.);
#4134=ORIENTED_EDGE('',*,*,#3076,.T.);
#4135=ORIENTED_EDGE('',*,*,#3077,.F.);
#4136=ORIENTED_EDGE('',*,*,#3068,.T.);
#4137=ORIENTED_EDGE('',*,*,#3078,.T.);
#4138=ORIENTED_EDGE('',*,*,#3079,.F.);
#4139=ORIENTED_EDGE('',*,*,#3069,.F.);
#4140=ORIENTED_EDGE('',*,*,#2982,.F.);
#4141=ORIENTED_EDGE('',*,*,#3080,.T.);
#4142=ORIENTED_EDGE('',*,*,#3081,.F.);
#4143=ORIENTED_EDGE('',*,*,#3082,.F.);
#4144=ORIENTED_EDGE('',*,*,#3063,.F.);
#4145=ORIENTED_EDGE('',*,*,#2960,.T.);
#4146=ORIENTED_EDGE('',*,*,#3049,.T.);
#4147=ORIENTED_EDGE('',*,*,#3077,.T.);
#4148=ORIENTED_EDGE('',*,*,#3074,.F.);
#4149=ORIENTED_EDGE('',*,*,#3073,.T.);
#4150=ORIENTED_EDGE('',*,*,#3072,.F.);
#4151=ORIENTED_EDGE('',*,*,#3083,.F.);
#4152=ORIENTED_EDGE('',*,*,#3064,.F.);
#4153=ORIENTED_EDGE('',*,*,#3082,.T.);
#4154=ORIENTED_EDGE('',*,*,#3076,.F.);
#4155=ORIENTED_EDGE('',*,*,#3075,.T.);
#4156=ORIENTED_EDGE('',*,*,#2962,.T.);
#4157=ORIENTED_EDGE('',*,*,#3065,.F.);
#4158=ORIENTED_EDGE('',*,*,#3083,.T.);
#4159=ORIENTED_EDGE('',*,*,#3071,.F.);
#4160=ORIENTED_EDGE('',*,*,#2981,.F.);
#4161=ORIENTED_EDGE('',*,*,#2980,.F.);
#4162=ORIENTED_EDGE('',*,*,#2959,.T.);
#4163=ORIENTED_EDGE('',*,*,#3084,.F.);
#4164=ORIENTED_EDGE('',*,*,#3052,.T.);
#4165=ORIENTED_EDGE('',*,*,#3070,.F.);
#4166=ORIENTED_EDGE('',*,*,#3079,.T.);
#4167=ORIENTED_EDGE('',*,*,#3085,.F.);
#4168=ORIENTED_EDGE('',*,*,#3062,.T.);
#4169=ORIENTED_EDGE('',*,*,#3086,.F.);
#4170=ORIENTED_EDGE('',*,*,#3081,.T.);
#4171=ORIENTED_EDGE('',*,*,#3085,.T.);
#4172=ORIENTED_EDGE('',*,*,#3080,.F.);
#4173=ORIENTED_EDGE('',*,*,#3086,.T.);
#4174=ORIENTED_EDGE('',*,*,#3061,.F.);
#4175=ORIENTED_EDGE('',*,*,#3084,.T.);
#4176=ORIENTED_EDGE('',*,*,#3078,.F.);
#4177=ORIENTED_EDGE('',*,*,#3067,.T.);
#4178=ORIENTED_EDGE('',*,*,#3053,.F.);
#4179=ORIENTED_EDGE('',*,*,#3087,.F.);
#4180=ORIENTED_EDGE('',*,*,#3088,.T.);
#4181=ORIENTED_EDGE('',*,*,#3089,.T.);
#4182=ORIENTED_EDGE('',*,*,#3090,.T.);
#4183=ORIENTED_EDGE('',*,*,#3091,.F.);
#4184=ORIENTED_EDGE('',*,*,#3092,.F.);
#4185=ORIENTED_EDGE('',*,*,#3093,.T.);
#4186=ORIENTED_EDGE('',*,*,#3094,.F.);
#4187=ORIENTED_EDGE('',*,*,#3095,.F.);
#4188=ORIENTED_EDGE('',*,*,#3096,.T.);
#4189=ORIENTED_EDGE('',*,*,#3097,.F.);
#4190=ORIENTED_EDGE('',*,*,#3096,.F.);
#4191=ORIENTED_EDGE('',*,*,#3098,.F.);
#4192=ORIENTED_EDGE('',*,*,#3088,.F.);
#4193=ORIENTED_EDGE('',*,*,#3099,.F.);
#4194=ORIENTED_EDGE('',*,*,#3100,.T.);
#4195=ORIENTED_EDGE('',*,*,#3101,.T.);
#4196=ORIENTED_EDGE('',*,*,#3102,.T.);
#4197=ORIENTED_EDGE('',*,*,#3103,.F.);
#4198=ORIENTED_EDGE('',*,*,#3104,.F.);
#4199=ORIENTED_EDGE('',*,*,#3105,.T.);
#4200=ORIENTED_EDGE('',*,*,#3106,.F.);
#4201=ORIENTED_EDGE('',*,*,#3107,.F.);
#4202=ORIENTED_EDGE('',*,*,#3108,.T.);
#4203=ORIENTED_EDGE('',*,*,#3109,.F.);
#4204=ORIENTED_EDGE('',*,*,#3108,.F.);
#4205=ORIENTED_EDGE('',*,*,#3110,.F.);
#4206=ORIENTED_EDGE('',*,*,#3100,.F.);
#4207=ORIENTED_EDGE('',*,*,#3111,.F.);
#4208=ORIENTED_EDGE('',*,*,#3112,.T.);
#4209=ORIENTED_EDGE('',*,*,#3113,.F.);
#4210=ORIENTED_EDGE('',*,*,#3114,.F.);
#4211=ORIENTED_EDGE('',*,*,#3115,.F.);
#4212=ORIENTED_EDGE('',*,*,#3116,.F.);
#4213=ORIENTED_EDGE('',*,*,#3115,.T.);
#4214=ORIENTED_EDGE('',*,*,#3117,.T.);
#4215=ORIENTED_EDGE('',*,*,#3118,.T.);
#4216=ORIENTED_EDGE('',*,*,#3119,.F.);
#4217=ORIENTED_EDGE('',*,*,#3118,.F.);
#4218=ORIENTED_EDGE('',*,*,#3120,.T.);
#4219=ORIENTED_EDGE('',*,*,#3121,.T.);
#4220=ORIENTED_EDGE('',*,*,#3122,.F.);
#4221=ORIENTED_EDGE('',*,*,#3123,.F.);
#4222=ORIENTED_EDGE('',*,*,#3124,.T.);
#4223=ORIENTED_EDGE('',*,*,#3125,.F.);
#4224=ORIENTED_EDGE('',*,*,#3126,.F.);
#4225=ORIENTED_EDGE('',*,*,#3127,.F.);
#4226=ORIENTED_EDGE('',*,*,#3128,.F.);
#4227=ORIENTED_EDGE('',*,*,#3127,.T.);
#4228=ORIENTED_EDGE('',*,*,#3129,.T.);
#4229=ORIENTED_EDGE('',*,*,#3130,.T.);
#4230=ORIENTED_EDGE('',*,*,#3131,.F.);
#4231=ORIENTED_EDGE('',*,*,#3130,.F.);
#4232=ORIENTED_EDGE('',*,*,#3132,.T.);
#4233=ORIENTED_EDGE('',*,*,#3133,.T.);
#4234=ORIENTED_EDGE('',*,*,#3134,.F.);
#4235=ORIENTED_EDGE('',*,*,#3135,.F.);
#4236=ORIENTED_EDGE('',*,*,#3136,.T.);
#4237=ORIENTED_EDGE('',*,*,#3137,.T.);
#4238=ORIENTED_EDGE('',*,*,#3136,.F.);
#4239=ORIENTED_EDGE('',*,*,#3138,.F.);
#4240=ORIENTED_EDGE('',*,*,#3139,.T.);
#4241=ORIENTED_EDGE('',*,*,#3140,.T.);
#4242=ORIENTED_EDGE('',*,*,#3139,.F.);
#4243=ORIENTED_EDGE('',*,*,#3141,.F.);
#4244=ORIENTED_EDGE('',*,*,#3142,.T.);
#4245=ORIENTED_EDGE('',*,*,#3143,.T.);
#4246=ORIENTED_EDGE('',*,*,#3142,.F.);
#4247=ORIENTED_EDGE('',*,*,#3144,.F.);
#4248=ORIENTED_EDGE('',*,*,#3145,.T.);
#4249=ORIENTED_EDGE('',*,*,#3146,.T.);
#4250=ORIENTED_EDGE('',*,*,#3145,.F.);
#4251=ORIENTED_EDGE('',*,*,#3147,.T.);
#4252=ORIENTED_EDGE('',*,*,#3148,.T.);
#4253=ORIENTED_EDGE('',*,*,#3149,.T.);
#4254=ORIENTED_EDGE('',*,*,#3150,.T.);
#4255=ORIENTED_EDGE('',*,*,#3151,.T.);
#4256=ORIENTED_EDGE('',*,*,#3152,.T.);
#4257=ORIENTED_EDGE('',*,*,#3119,.T.);
#4258=ORIENTED_EDGE('',*,*,#3153,.T.);
#4259=ORIENTED_EDGE('',*,*,#3111,.T.);
#4260=ORIENTED_EDGE('',*,*,#3116,.T.);
#4261=ORIENTED_EDGE('',*,*,#3131,.T.);
#4262=ORIENTED_EDGE('',*,*,#3154,.T.);
#4263=ORIENTED_EDGE('',*,*,#3123,.T.);
#4264=ORIENTED_EDGE('',*,*,#3128,.T.);
#4265=ORIENTED_EDGE('',*,*,#3155,.T.);
#4266=ORIENTED_EDGE('',*,*,#3156,.T.);
#4267=ORIENTED_EDGE('',*,*,#3157,.T.);
#4268=ORIENTED_EDGE('',*,*,#3158,.T.);
#4269=ORIENTED_EDGE('',*,*,#3159,.T.);
#4270=ORIENTED_EDGE('',*,*,#3160,.T.);
#4271=ORIENTED_EDGE('',*,*,#3161,.T.);
#4272=ORIENTED_EDGE('',*,*,#3162,.T.);
#4273=ORIENTED_EDGE('',*,*,#3163,.T.);
#4274=ORIENTED_EDGE('',*,*,#3164,.T.);
#4275=ORIENTED_EDGE('',*,*,#3165,.T.);
#4276=ORIENTED_EDGE('',*,*,#3166,.T.);
#4277=ORIENTED_EDGE('',*,*,#3167,.T.);
#4278=ORIENTED_EDGE('',*,*,#3168,.T.);
#4279=ORIENTED_EDGE('',*,*,#3169,.T.);
#4280=ORIENTED_EDGE('',*,*,#3170,.T.);
#4281=ORIENTED_EDGE('',*,*,#3148,.F.);
#4282=ORIENTED_EDGE('',*,*,#3171,.F.);
#4283=ORIENTED_EDGE('',*,*,#3172,.T.);
#4284=ORIENTED_EDGE('',*,*,#3173,.T.);
#4285=ORIENTED_EDGE('',*,*,#3174,.T.);
#4286=ORIENTED_EDGE('',*,*,#3175,.F.);
#4287=ORIENTED_EDGE('',*,*,#3176,.F.);
#4288=ORIENTED_EDGE('',*,*,#3177,.T.);
#4289=ORIENTED_EDGE('',*,*,#3147,.F.);
#4290=ORIENTED_EDGE('',*,*,#3178,.T.);
#4291=ORIENTED_EDGE('',*,*,#3179,.T.);
#4292=ORIENTED_EDGE('',*,*,#3171,.T.);
#4293=ORIENTED_EDGE('',*,*,#3180,.F.);
#4294=ORIENTED_EDGE('',*,*,#3181,.F.);
#4295=ORIENTED_EDGE('',*,*,#3182,.F.);
#4296=ORIENTED_EDGE('',*,*,#3183,.F.);
#4297=ORIENTED_EDGE('',*,*,#3151,.F.);
#4298=ORIENTED_EDGE('',*,*,#3184,.T.);
#4299=ORIENTED_EDGE('',*,*,#3185,.F.);
#4300=ORIENTED_EDGE('',*,*,#3175,.T.);
#4301=ORIENTED_EDGE('',*,*,#3186,.T.);
#4302=ORIENTED_EDGE('',*,*,#3187,.T.);
#4303=ORIENTED_EDGE('',*,*,#3152,.F.);
#4304=ORIENTED_EDGE('',*,*,#3183,.T.);
#4305=ORIENTED_EDGE('',*,*,#3188,.F.);
#4306=ORIENTED_EDGE('',*,*,#3187,.F.);
#4307=ORIENTED_EDGE('',*,*,#3189,.T.);
#4308=ORIENTED_EDGE('',*,*,#3190,.T.);
#4309=ORIENTED_EDGE('',*,*,#3191,.T.);
#4310=ORIENTED_EDGE('',*,*,#3178,.F.);
#4311=ORIENTED_EDGE('',*,*,#3172,.F.);
#4312=ORIENTED_EDGE('',*,*,#3179,.F.);
#4313=ORIENTED_EDGE('',*,*,#3191,.F.);
#4314=ORIENTED_EDGE('',*,*,#3192,.F.);
#4315=ORIENTED_EDGE('',*,*,#3193,.T.);
#4316=ORIENTED_EDGE('',*,*,#3173,.F.);
#4317=ORIENTED_EDGE('',*,*,#3192,.T.);
#4318=ORIENTED_EDGE('',*,*,#3190,.F.);
#4319=ORIENTED_EDGE('',*,*,#3194,.T.);
#4320=ORIENTED_EDGE('',*,*,#3174,.F.);
#4321=ORIENTED_EDGE('',*,*,#3194,.F.);
#4322=ORIENTED_EDGE('',*,*,#3189,.F.);
#4323=ORIENTED_EDGE('',*,*,#3186,.F.);
#4324=ORIENTED_EDGE('',*,*,#3195,.T.);
#4325=ORIENTED_EDGE('',*,*,#3196,.F.);
#4326=ORIENTED_EDGE('',*,*,#3197,.F.);
#4327=ORIENTED_EDGE('',*,*,#3198,.F.);
#4328=ORIENTED_EDGE('',*,*,#3181,.T.);
#4329=ORIENTED_EDGE('',*,*,#3198,.T.);
#4330=ORIENTED_EDGE('',*,*,#3199,.T.);
#4331=ORIENTED_EDGE('',*,*,#3176,.T.);
#4332=ORIENTED_EDGE('',*,*,#3185,.T.);
#4333=ORIENTED_EDGE('',*,*,#3188,.T.);
#4334=ORIENTED_EDGE('',*,*,#3182,.T.);
#4335=ORIENTED_EDGE('',*,*,#3092,.T.);
#4336=ORIENTED_EDGE('',*,*,#3097,.T.);
#4337=ORIENTED_EDGE('',*,*,#3087,.T.);
#4338=ORIENTED_EDGE('',*,*,#3200,.T.);
#4339=ORIENTED_EDGE('',*,*,#3104,.T.);
#4340=ORIENTED_EDGE('',*,*,#3109,.T.);
#4341=ORIENTED_EDGE('',*,*,#3099,.T.);
#4342=ORIENTED_EDGE('',*,*,#3201,.T.);
#4343=ORIENTED_EDGE('',*,*,#3202,.T.);
#4344=ORIENTED_EDGE('',*,*,#3203,.T.);
#4345=ORIENTED_EDGE('',*,*,#3204,.T.);
#4346=ORIENTED_EDGE('',*,*,#3205,.T.);
#4347=ORIENTED_EDGE('',*,*,#3206,.T.);
#4348=ORIENTED_EDGE('',*,*,#3207,.T.);
#4349=ORIENTED_EDGE('',*,*,#3208,.T.);
#4350=ORIENTED_EDGE('',*,*,#3209,.F.);
#4351=ORIENTED_EDGE('',*,*,#3210,.F.);
#4352=ORIENTED_EDGE('',*,*,#3202,.F.);
#4353=ORIENTED_EDGE('',*,*,#3211,.F.);
#4354=ORIENTED_EDGE('',*,*,#3203,.F.);
#4355=ORIENTED_EDGE('',*,*,#3212,.T.);
#4356=ORIENTED_EDGE('',*,*,#3209,.T.);
#4357=ORIENTED_EDGE('',*,*,#3212,.F.);
#4358=ORIENTED_EDGE('',*,*,#3204,.F.);
#4359=ORIENTED_EDGE('',*,*,#3211,.T.);
#4360=ORIENTED_EDGE('',*,*,#3210,.T.);
#4361=ORIENTED_EDGE('',*,*,#3213,.T.);
#4362=ORIENTED_EDGE('',*,*,#3195,.F.);
#4363=ORIENTED_EDGE('',*,*,#3213,.F.);
#4364=ORIENTED_EDGE('',*,*,#3193,.F.);
#4365=ORIENTED_EDGE('',*,*,#3214,.T.);
#4366=ORIENTED_EDGE('',*,*,#3215,.T.);
#4367=ORIENTED_EDGE('',*,*,#3214,.F.);
#4368=ORIENTED_EDGE('',*,*,#3216,.F.);
#4369=ORIENTED_EDGE('',*,*,#3217,.F.);
#4370=ORIENTED_EDGE('',*,*,#3218,.F.);
#4371=ORIENTED_EDGE('',*,*,#3219,.F.);
#4372=ORIENTED_EDGE('',*,*,#3220,.F.);
#4373=ORIENTED_EDGE('',*,*,#3221,.F.);
#4374=ORIENTED_EDGE('',*,*,#3222,.F.);
#4375=ORIENTED_EDGE('',*,*,#3223,.F.);
#4376=ORIENTED_EDGE('',*,*,#3224,.F.);
#4377=ORIENTED_EDGE('',*,*,#3225,.F.);
#4378=ORIENTED_EDGE('',*,*,#3226,.F.);
#4379=ORIENTED_EDGE('',*,*,#3227,.F.);
#4380=ORIENTED_EDGE('',*,*,#3215,.F.);
#4381=ORIENTED_EDGE('',*,*,#3156,.F.);
#4382=ORIENTED_EDGE('',*,*,#3228,.F.);
#4383=ORIENTED_EDGE('',*,*,#3216,.T.);
#4384=ORIENTED_EDGE('',*,*,#3229,.F.);
#4385=ORIENTED_EDGE('',*,*,#3157,.F.);
#4386=ORIENTED_EDGE('',*,*,#3229,.T.);
#4387=ORIENTED_EDGE('',*,*,#3227,.T.);
#4388=ORIENTED_EDGE('',*,*,#3230,.F.);
#4389=ORIENTED_EDGE('',*,*,#3158,.F.);
#4390=ORIENTED_EDGE('',*,*,#3230,.T.);
#4391=ORIENTED_EDGE('',*,*,#3226,.T.);
#4392=ORIENTED_EDGE('',*,*,#3231,.F.);
#4393=ORIENTED_EDGE('',*,*,#3159,.F.);
#4394=ORIENTED_EDGE('',*,*,#3231,.T.);
#4395=ORIENTED_EDGE('',*,*,#3225,.T.);
#4396=ORIENTED_EDGE('',*,*,#3232,.F.);
#4397=ORIENTED_EDGE('',*,*,#3160,.F.);
#4398=ORIENTED_EDGE('',*,*,#3232,.T.);
#4399=ORIENTED_EDGE('',*,*,#3224,.T.);
#4400=ORIENTED_EDGE('',*,*,#3233,.F.);
#4401=ORIENTED_EDGE('',*,*,#3155,.F.);
#4402=ORIENTED_EDGE('',*,*,#3234,.T.);
#4403=ORIENTED_EDGE('',*,*,#3217,.T.);
#4404=ORIENTED_EDGE('',*,*,#3228,.T.);
#4405=ORIENTED_EDGE('',*,*,#3166,.F.);
#4406=ORIENTED_EDGE('',*,*,#3235,.T.);
#4407=ORIENTED_EDGE('',*,*,#3218,.T.);
#4408=ORIENTED_EDGE('',*,*,#3234,.F.);
#4409=ORIENTED_EDGE('',*,*,#3165,.F.);
#4410=ORIENTED_EDGE('',*,*,#3236,.T.);
#4411=ORIENTED_EDGE('',*,*,#3219,.T.);
#4412=ORIENTED_EDGE('',*,*,#3235,.F.);
#4413=ORIENTED_EDGE('',*,*,#3164,.F.);
#4414=ORIENTED_EDGE('',*,*,#3237,.T.);
#4415=ORIENTED_EDGE('',*,*,#3220,.T.);
#4416=ORIENTED_EDGE('',*,*,#3236,.F.);
#4417=ORIENTED_EDGE('',*,*,#3163,.F.);
#4418=ORIENTED_EDGE('',*,*,#3238,.T.);
#4419=ORIENTED_EDGE('',*,*,#3221,.T.);
#4420=ORIENTED_EDGE('',*,*,#3237,.F.);
#4421=ORIENTED_EDGE('',*,*,#3162,.F.);
#4422=ORIENTED_EDGE('',*,*,#3239,.T.);
#4423=ORIENTED_EDGE('',*,*,#3222,.T.);
#4424=ORIENTED_EDGE('',*,*,#3238,.F.);
#4425=ORIENTED_EDGE('',*,*,#3161,.F.);
#4426=ORIENTED_EDGE('',*,*,#3233,.T.);
#4427=ORIENTED_EDGE('',*,*,#3223,.T.);
#4428=ORIENTED_EDGE('',*,*,#3239,.F.);
#4429=ORIENTED_EDGE('',*,*,#3240,.F.);
#4430=ORIENTED_EDGE('',*,*,#3167,.F.);
#4431=ORIENTED_EDGE('',*,*,#3241,.T.);
#4432=ORIENTED_EDGE('',*,*,#3240,.T.);
#4433=ORIENTED_EDGE('',*,*,#3241,.F.);
#4434=ORIENTED_EDGE('',*,*,#3242,.F.);
#4435=ORIENTED_EDGE('',*,*,#3168,.F.);
#4436=ORIENTED_EDGE('',*,*,#3243,.T.);
#4437=ORIENTED_EDGE('',*,*,#3242,.T.);
#4438=ORIENTED_EDGE('',*,*,#3243,.F.);
#4439=ORIENTED_EDGE('',*,*,#3244,.F.);
#4440=ORIENTED_EDGE('',*,*,#3169,.F.);
#4441=ORIENTED_EDGE('',*,*,#3245,.T.);
#4442=ORIENTED_EDGE('',*,*,#3244,.T.);
#4443=ORIENTED_EDGE('',*,*,#3245,.F.);
#4444=ORIENTED_EDGE('',*,*,#3246,.F.);
#4445=ORIENTED_EDGE('',*,*,#3170,.F.);
#4446=ORIENTED_EDGE('',*,*,#3247,.T.);
#4447=ORIENTED_EDGE('',*,*,#3246,.T.);
#4448=ORIENTED_EDGE('',*,*,#3247,.F.);
#4449=ORIENTED_EDGE('',*,*,#3248,.T.);
#4450=ORIENTED_EDGE('',*,*,#3205,.F.);
#4451=ORIENTED_EDGE('',*,*,#3249,.T.);
#4452=ORIENTED_EDGE('',*,*,#3248,.F.);
#4453=ORIENTED_EDGE('',*,*,#3249,.F.);
#4454=ORIENTED_EDGE('',*,*,#3250,.T.);
#4455=ORIENTED_EDGE('',*,*,#3206,.F.);
#4456=ORIENTED_EDGE('',*,*,#3251,.T.);
#4457=ORIENTED_EDGE('',*,*,#3250,.F.);
#4458=ORIENTED_EDGE('',*,*,#3251,.F.);
#4459=ORIENTED_EDGE('',*,*,#3252,.T.);
#4460=ORIENTED_EDGE('',*,*,#3207,.F.);
#4461=ORIENTED_EDGE('',*,*,#3253,.T.);
#4462=ORIENTED_EDGE('',*,*,#3252,.F.);
#4463=ORIENTED_EDGE('',*,*,#3253,.F.);
#4464=ORIENTED_EDGE('',*,*,#3254,.T.);
#4465=ORIENTED_EDGE('',*,*,#3208,.F.);
#4466=ORIENTED_EDGE('',*,*,#3255,.T.);
#4467=ORIENTED_EDGE('',*,*,#3254,.F.);
#4468=ORIENTED_EDGE('',*,*,#3255,.F.);
#4469=ORIENTED_EDGE('',*,*,#3256,.F.);
#4470=ORIENTED_EDGE('',*,*,#3257,.T.);
#4471=ORIENTED_EDGE('',*,*,#3257,.F.);
#4472=ORIENTED_EDGE('',*,*,#3258,.F.);
#4473=ORIENTED_EDGE('',*,*,#3184,.F.);
#4474=ORIENTED_EDGE('',*,*,#3150,.F.);
#4475=ORIENTED_EDGE('',*,*,#3259,.T.);
#4476=ORIENTED_EDGE('',*,*,#3260,.F.);
#4477=ORIENTED_EDGE('',*,*,#3259,.F.);
#4478=ORIENTED_EDGE('',*,*,#3149,.F.);
#4479=ORIENTED_EDGE('',*,*,#3177,.F.);
#4480=ORIENTED_EDGE('',*,*,#3199,.F.);
#4481=ORIENTED_EDGE('',*,*,#3197,.T.);
#4482=ORIENTED_EDGE('',*,*,#3258,.T.);
#4483=ORIENTED_EDGE('',*,*,#3260,.T.);
#4484=ORIENTED_EDGE('',*,*,#3196,.T.);
#4485=ORIENTED_EDGE('',*,*,#3180,.T.);
#4486=ORIENTED_EDGE('',*,*,#3256,.T.);
#4487=ORIENTED_EDGE('',*,*,#3144,.T.);
#4488=ORIENTED_EDGE('',*,*,#3141,.T.);
#4489=ORIENTED_EDGE('',*,*,#3138,.T.);
#4490=ORIENTED_EDGE('',*,*,#3135,.T.);
#4491=ORIENTED_EDGE('',*,*,#3261,.T.);
#4492=ORIENTED_EDGE('',*,*,#3113,.T.);
#4493=ORIENTED_EDGE('',*,*,#3262,.T.);
#4494=ORIENTED_EDGE('',*,*,#3263,.F.);
#4495=ORIENTED_EDGE('',*,*,#3264,.T.);
#4496=ORIENTED_EDGE('',*,*,#3265,.T.);
#4497=ORIENTED_EDGE('',*,*,#3266,.T.);
#4498=ORIENTED_EDGE('',*,*,#3121,.F.);
#4499=ORIENTED_EDGE('',*,*,#3267,.T.);
#4500=ORIENTED_EDGE('',*,*,#3263,.T.);
#4501=ORIENTED_EDGE('',*,*,#3268,.T.);
#4502=ORIENTED_EDGE('',*,*,#3265,.F.);
#4503=ORIENTED_EDGE('',*,*,#3267,.F.);
#4504=ORIENTED_EDGE('',*,*,#3264,.F.);
#4505=ORIENTED_EDGE('',*,*,#3120,.F.);
#4506=ORIENTED_EDGE('',*,*,#3117,.F.);
#4507=ORIENTED_EDGE('',*,*,#3114,.T.);
#4508=ORIENTED_EDGE('',*,*,#3261,.F.);
#4509=ORIENTED_EDGE('',*,*,#3140,.F.);
#4510=ORIENTED_EDGE('',*,*,#3268,.F.);
#4511=ORIENTED_EDGE('',*,*,#3262,.F.);
#4512=ORIENTED_EDGE('',*,*,#3112,.F.);
#4513=ORIENTED_EDGE('',*,*,#3153,.F.);
#4514=ORIENTED_EDGE('',*,*,#3122,.T.);
#4515=ORIENTED_EDGE('',*,*,#3266,.F.);
#4516=ORIENTED_EDGE('',*,*,#3269,.T.);
#4517=ORIENTED_EDGE('',*,*,#3270,.T.);
#4518=ORIENTED_EDGE('',*,*,#3271,.T.);
#4519=ORIENTED_EDGE('',*,*,#3090,.F.);
#4520=ORIENTED_EDGE('',*,*,#3272,.T.);
#4521=ORIENTED_EDGE('',*,*,#3273,.T.);
#4522=ORIENTED_EDGE('',*,*,#3274,.T.);
#4523=ORIENTED_EDGE('',*,*,#3270,.F.);
#4524=ORIENTED_EDGE('',*,*,#3275,.T.);
#4525=ORIENTED_EDGE('',*,*,#3094,.T.);
#4526=ORIENTED_EDGE('',*,*,#3276,.T.);
#4527=ORIENTED_EDGE('',*,*,#3273,.F.);
#4528=ORIENTED_EDGE('',*,*,#3275,.F.);
#4529=ORIENTED_EDGE('',*,*,#3272,.F.);
#4530=ORIENTED_EDGE('',*,*,#3269,.F.);
#4531=ORIENTED_EDGE('',*,*,#3089,.F.);
#4532=ORIENTED_EDGE('',*,*,#3098,.T.);
#4533=ORIENTED_EDGE('',*,*,#3095,.T.);
#4534=ORIENTED_EDGE('',*,*,#3146,.F.);
#4535=ORIENTED_EDGE('',*,*,#3093,.F.);
#4536=ORIENTED_EDGE('',*,*,#3200,.F.);
#4537=ORIENTED_EDGE('',*,*,#3091,.T.);
#4538=ORIENTED_EDGE('',*,*,#3271,.F.);
#4539=ORIENTED_EDGE('',*,*,#3274,.F.);
#4540=ORIENTED_EDGE('',*,*,#3276,.F.);
#4541=ORIENTED_EDGE('',*,*,#3277,.T.);
#4542=ORIENTED_EDGE('',*,*,#3125,.T.);
#4543=ORIENTED_EDGE('',*,*,#3278,.T.);
#4544=ORIENTED_EDGE('',*,*,#3279,.F.);
#4545=ORIENTED_EDGE('',*,*,#3280,.T.);
#4546=ORIENTED_EDGE('',*,*,#3281,.T.);
#4547=ORIENTED_EDGE('',*,*,#3282,.T.);
#4548=ORIENTED_EDGE('',*,*,#3133,.F.);
#4549=ORIENTED_EDGE('',*,*,#3283,.T.);
#4550=ORIENTED_EDGE('',*,*,#3279,.T.);
#4551=ORIENTED_EDGE('',*,*,#3284,.T.);
#4552=ORIENTED_EDGE('',*,*,#3281,.F.);
#4553=ORIENTED_EDGE('',*,*,#3283,.F.);
#4554=ORIENTED_EDGE('',*,*,#3280,.F.);
#4555=ORIENTED_EDGE('',*,*,#3132,.F.);
#4556=ORIENTED_EDGE('',*,*,#3129,.F.);
#4557=ORIENTED_EDGE('',*,*,#3126,.T.);
#4558=ORIENTED_EDGE('',*,*,#3277,.F.);
#4559=ORIENTED_EDGE('',*,*,#3137,.F.);
#4560=ORIENTED_EDGE('',*,*,#3284,.F.);
#4561=ORIENTED_EDGE('',*,*,#3278,.F.);
#4562=ORIENTED_EDGE('',*,*,#3124,.F.);
#4563=ORIENTED_EDGE('',*,*,#3154,.F.);
#4564=ORIENTED_EDGE('',*,*,#3134,.T.);
#4565=ORIENTED_EDGE('',*,*,#3282,.F.);
#4566=ORIENTED_EDGE('',*,*,#3285,.T.);
#4567=ORIENTED_EDGE('',*,*,#3286,.T.);
#4568=ORIENTED_EDGE('',*,*,#3287,.T.);
#4569=ORIENTED_EDGE('',*,*,#3102,.F.);
#4570=ORIENTED_EDGE('',*,*,#3288,.T.);
#4571=ORIENTED_EDGE('',*,*,#3289,.T.);
#4572=ORIENTED_EDGE('',*,*,#3290,.T.);
#4573=ORIENTED_EDGE('',*,*,#3286,.F.);
#4574=ORIENTED_EDGE('',*,*,#3291,.T.);
#4575=ORIENTED_EDGE('',*,*,#3106,.T.);
#4576=ORIENTED_EDGE('',*,*,#3292,.T.);
#4577=ORIENTED_EDGE('',*,*,#3289,.F.);
#4578=ORIENTED_EDGE('',*,*,#3291,.F.);
#4579=ORIENTED_EDGE('',*,*,#3288,.F.);
#4580=ORIENTED_EDGE('',*,*,#3285,.F.);
#4581=ORIENTED_EDGE('',*,*,#3101,.F.);
#4582=ORIENTED_EDGE('',*,*,#3110,.T.);
#4583=ORIENTED_EDGE('',*,*,#3107,.T.);
#4584=ORIENTED_EDGE('',*,*,#3143,.F.);
#4585=ORIENTED_EDGE('',*,*,#3105,.F.);
#4586=ORIENTED_EDGE('',*,*,#3201,.F.);
#4587=ORIENTED_EDGE('',*,*,#3103,.T.);
#4588=ORIENTED_EDGE('',*,*,#3287,.F.);
#4589=ORIENTED_EDGE('',*,*,#3290,.F.);
#4590=ORIENTED_EDGE('',*,*,#3292,.F.);
#4591=ORIENTED_EDGE('',*,*,#3293,.F.);
#4592=ORIENTED_EDGE('',*,*,#3294,.T.);
#4593=ORIENTED_EDGE('',*,*,#3295,.T.);
#4594=ORIENTED_EDGE('',*,*,#3294,.F.);
#4595=ORIENTED_EDGE('',*,*,#3295,.F.);
#4596=ORIENTED_EDGE('',*,*,#3296,.F.);
#4597=ORIENTED_EDGE('',*,*,#3297,.F.);
#4598=ORIENTED_EDGE('',*,*,#3298,.T.);
#4599=ORIENTED_EDGE('',*,*,#3299,.T.);
#4600=ORIENTED_EDGE('',*,*,#3298,.F.);
#4601=ORIENTED_EDGE('',*,*,#3299,.F.);
#4602=ORIENTED_EDGE('',*,*,#3300,.F.);
#4603=ORIENTED_EDGE('',*,*,#3301,.F.);
#4604=ORIENTED_EDGE('',*,*,#3302,.T.);
#4605=ORIENTED_EDGE('',*,*,#3303,.T.);
#4606=ORIENTED_EDGE('',*,*,#3302,.F.);
#4607=ORIENTED_EDGE('',*,*,#3303,.F.);
#4608=ORIENTED_EDGE('',*,*,#3304,.F.);
#4609=ORIENTED_EDGE('',*,*,#3305,.F.);
#4610=ORIENTED_EDGE('',*,*,#3306,.T.);
#4611=ORIENTED_EDGE('',*,*,#3307,.T.);
#4612=ORIENTED_EDGE('',*,*,#3306,.F.);
#4613=ORIENTED_EDGE('',*,*,#3307,.F.);
#4614=ORIENTED_EDGE('',*,*,#3308,.F.);
#4615=ORIENTED_EDGE('',*,*,#3304,.T.);
#4616=ORIENTED_EDGE('',*,*,#3309,.T.);
#4617=ORIENTED_EDGE('',*,*,#3310,.F.);
#4618=ORIENTED_EDGE('',*,*,#3309,.F.);
#4619=ORIENTED_EDGE('',*,*,#3308,.T.);
#4620=ORIENTED_EDGE('',*,*,#3311,.T.);
#4621=ORIENTED_EDGE('',*,*,#3312,.F.);
#4622=ORIENTED_EDGE('',*,*,#3311,.F.);
#4623=ORIENTED_EDGE('',*,*,#3296,.T.);
#4624=ORIENTED_EDGE('',*,*,#3313,.T.);
#4625=ORIENTED_EDGE('',*,*,#3314,.F.);
#4626=ORIENTED_EDGE('',*,*,#3313,.F.);
#4627=ORIENTED_EDGE('',*,*,#3300,.T.);
#4628=ORIENTED_EDGE('',*,*,#3315,.T.);
#4629=ORIENTED_EDGE('',*,*,#3316,.F.);
#4630=ORIENTED_EDGE('',*,*,#3315,.F.);
#4631=ORIENTED_EDGE('',*,*,#3317,.F.);
#4632=ORIENTED_EDGE('',*,*,#3318,.F.);
#4633=ORIENTED_EDGE('',*,*,#3319,.F.);
#4634=ORIENTED_EDGE('',*,*,#3320,.F.);
#4635=ORIENTED_EDGE('',*,*,#3321,.F.);
#4636=ORIENTED_EDGE('',*,*,#3316,.T.);
#4637=ORIENTED_EDGE('',*,*,#3314,.T.);
#4638=ORIENTED_EDGE('',*,*,#3312,.T.);
#4639=ORIENTED_EDGE('',*,*,#3310,.T.);
#4640=ORIENTED_EDGE('',*,*,#3319,.T.);
#4641=ORIENTED_EDGE('',*,*,#3322,.T.);
#4642=ORIENTED_EDGE('',*,*,#3323,.T.);
#4643=ORIENTED_EDGE('',*,*,#3324,.F.);
#4644=ORIENTED_EDGE('',*,*,#3318,.T.);
#4645=ORIENTED_EDGE('',*,*,#3325,.T.);
#4646=ORIENTED_EDGE('',*,*,#3326,.T.);
#4647=ORIENTED_EDGE('',*,*,#3322,.F.);
#4648=ORIENTED_EDGE('',*,*,#3327,.F.);
#4649=ORIENTED_EDGE('',*,*,#3328,.T.);
#4650=ORIENTED_EDGE('',*,*,#3321,.T.);
#4651=ORIENTED_EDGE('',*,*,#3328,.F.);
#4652=ORIENTED_EDGE('',*,*,#3323,.F.);
#4653=ORIENTED_EDGE('',*,*,#3326,.F.);
#4654=ORIENTED_EDGE('',*,*,#3329,.F.);
#4655=ORIENTED_EDGE('',*,*,#3330,.F.);
#4656=ORIENTED_EDGE('',*,*,#3327,.T.);
#4657=ORIENTED_EDGE('',*,*,#3305,.T.);
#4658=ORIENTED_EDGE('',*,*,#3301,.T.);
#4659=ORIENTED_EDGE('',*,*,#3297,.T.);
#4660=ORIENTED_EDGE('',*,*,#3293,.T.);
#4661=ORIENTED_EDGE('',*,*,#3317,.T.);
#4662=ORIENTED_EDGE('',*,*,#3331,.T.);
#4663=ORIENTED_EDGE('',*,*,#3329,.T.);
#4664=ORIENTED_EDGE('',*,*,#3325,.F.);
#4665=ORIENTED_EDGE('',*,*,#3320,.T.);
#4666=ORIENTED_EDGE('',*,*,#3324,.T.);
#4667=ORIENTED_EDGE('',*,*,#3330,.T.);
#4668=ORIENTED_EDGE('',*,*,#3331,.F.);
#4669=ORIENTED_EDGE('',*,*,#3332,.F.);
#4670=ORIENTED_EDGE('',*,*,#3333,.T.);
#4671=ORIENTED_EDGE('',*,*,#3334,.T.);
#4672=ORIENTED_EDGE('',*,*,#3333,.F.);
#4673=ORIENTED_EDGE('',*,*,#3334,.F.);
#4674=ORIENTED_EDGE('',*,*,#3335,.F.);
#4675=ORIENTED_EDGE('',*,*,#3336,.T.);
#4676=ORIENTED_EDGE('',*,*,#3337,.T.);
#4677=ORIENTED_EDGE('',*,*,#3336,.F.);
#4678=ORIENTED_EDGE('',*,*,#3337,.F.);
#4679=ORIENTED_EDGE('',*,*,#3338,.F.);
#4680=ORIENTED_EDGE('',*,*,#3339,.T.);
#4681=ORIENTED_EDGE('',*,*,#3340,.T.);
#4682=ORIENTED_EDGE('',*,*,#3339,.F.);
#4683=ORIENTED_EDGE('',*,*,#3340,.F.);
#4684=ORIENTED_EDGE('',*,*,#3341,.F.);
#4685=ORIENTED_EDGE('',*,*,#3342,.T.);
#4686=ORIENTED_EDGE('',*,*,#3343,.T.);
#4687=ORIENTED_EDGE('',*,*,#3342,.F.);
#4688=ORIENTED_EDGE('',*,*,#3343,.F.);
#4689=ORIENTED_EDGE('',*,*,#3344,.F.);
#4690=ORIENTED_EDGE('',*,*,#3345,.F.);
#4691=ORIENTED_EDGE('',*,*,#3346,.F.);
#4692=ORIENTED_EDGE('',*,*,#3347,.F.);
#4693=ORIENTED_EDGE('',*,*,#3348,.F.);
#4694=ORIENTED_EDGE('',*,*,#3349,.F.);
#4695=ORIENTED_EDGE('',*,*,#3332,.T.);
#4696=ORIENTED_EDGE('',*,*,#3335,.T.);
#4697=ORIENTED_EDGE('',*,*,#3338,.T.);
#4698=ORIENTED_EDGE('',*,*,#3341,.T.);
#4699=ORIENTED_EDGE('',*,*,#3347,.T.);
#4700=ORIENTED_EDGE('',*,*,#3350,.F.);
#4701=ORIENTED_EDGE('',*,*,#3351,.F.);
#4702=ORIENTED_EDGE('',*,*,#3352,.T.);
#4703=ORIENTED_EDGE('',*,*,#3346,.T.);
#4704=ORIENTED_EDGE('',*,*,#3353,.F.);
#4705=ORIENTED_EDGE('',*,*,#3350,.T.);
#4706=ORIENTED_EDGE('',*,*,#3345,.T.);
#4707=ORIENTED_EDGE('',*,*,#3354,.F.);
#4708=ORIENTED_EDGE('',*,*,#3355,.F.);
#4709=ORIENTED_EDGE('',*,*,#3353,.T.);
#4710=ORIENTED_EDGE('',*,*,#3356,.T.);
#4711=ORIENTED_EDGE('',*,*,#3357,.T.);
#4712=ORIENTED_EDGE('',*,*,#3358,.T.);
#4713=ORIENTED_EDGE('',*,*,#3359,.T.);
#4714=ORIENTED_EDGE('',*,*,#3360,.T.);
#4715=ORIENTED_EDGE('',*,*,#3361,.T.);
#4716=ORIENTED_EDGE('',*,*,#3362,.T.);
#4717=ORIENTED_EDGE('',*,*,#3363,.T.);
#4718=ORIENTED_EDGE('',*,*,#3364,.T.);
#4719=ORIENTED_EDGE('',*,*,#3365,.T.);
#4720=ORIENTED_EDGE('',*,*,#3366,.T.);
#4721=ORIENTED_EDGE('',*,*,#3367,.T.);
#4722=ORIENTED_EDGE('',*,*,#3368,.T.);
#4723=ORIENTED_EDGE('',*,*,#3369,.T.);
#4724=ORIENTED_EDGE('',*,*,#3370,.F.);
#4725=ORIENTED_EDGE('',*,*,#3371,.F.);
#4726=ORIENTED_EDGE('',*,*,#3372,.F.);
#4727=ORIENTED_EDGE('',*,*,#3373,.F.);
#4728=ORIENTED_EDGE('',*,*,#3365,.F.);
#4729=ORIENTED_EDGE('',*,*,#3374,.T.);
#4730=ORIENTED_EDGE('',*,*,#3370,.T.);
#4731=ORIENTED_EDGE('',*,*,#3375,.F.);
#4732=ORIENTED_EDGE('',*,*,#3366,.F.);
#4733=ORIENTED_EDGE('',*,*,#3375,.T.);
#4734=ORIENTED_EDGE('',*,*,#3373,.T.);
#4735=ORIENTED_EDGE('',*,*,#3376,.F.);
#4736=ORIENTED_EDGE('',*,*,#3367,.F.);
#4737=ORIENTED_EDGE('',*,*,#3376,.T.);
#4738=ORIENTED_EDGE('',*,*,#3372,.T.);
#4739=ORIENTED_EDGE('',*,*,#3377,.F.);
#4740=ORIENTED_EDGE('',*,*,#3364,.F.);
#4741=ORIENTED_EDGE('',*,*,#3377,.T.);
#4742=ORIENTED_EDGE('',*,*,#3371,.T.);
#4743=ORIENTED_EDGE('',*,*,#3374,.F.);
#4744=ORIENTED_EDGE('',*,*,#3351,.T.);
#4745=ORIENTED_EDGE('',*,*,#3355,.T.);
#4746=ORIENTED_EDGE('',*,*,#3378,.F.);
#4747=ORIENTED_EDGE('',*,*,#3379,.F.);
#4748=ORIENTED_EDGE('',*,*,#3380,.T.);
#4749=ORIENTED_EDGE('',*,*,#3381,.T.);
#4750=ORIENTED_EDGE('',*,*,#3382,.T.);
#4751=ORIENTED_EDGE('',*,*,#3383,.T.);
#4752=ORIENTED_EDGE('',*,*,#3384,.T.);
#4753=ORIENTED_EDGE('',*,*,#3385,.T.);
#4754=ORIENTED_EDGE('',*,*,#3386,.T.);
#4755=ORIENTED_EDGE('',*,*,#3387,.T.);
#4756=ORIENTED_EDGE('',*,*,#3388,.T.);
#4757=ORIENTED_EDGE('',*,*,#3389,.T.);
#4758=ORIENTED_EDGE('',*,*,#3390,.T.);
#4759=ORIENTED_EDGE('',*,*,#3391,.T.);
#4760=ORIENTED_EDGE('',*,*,#3392,.T.);
#4761=ORIENTED_EDGE('',*,*,#3393,.T.);
#4762=ORIENTED_EDGE('',*,*,#3394,.T.);
#4763=ORIENTED_EDGE('',*,*,#3395,.T.);
#4764=ORIENTED_EDGE('',*,*,#3396,.T.);
#4765=ORIENTED_EDGE('',*,*,#3397,.T.);
#4766=ORIENTED_EDGE('',*,*,#3398,.T.);
#4767=ORIENTED_EDGE('',*,*,#3399,.T.);
#4768=ORIENTED_EDGE('',*,*,#3400,.T.);
#4769=ORIENTED_EDGE('',*,*,#3401,.T.);
#4770=ORIENTED_EDGE('',*,*,#3402,.T.);
#4771=ORIENTED_EDGE('',*,*,#3403,.T.);
#4772=ORIENTED_EDGE('',*,*,#3387,.F.);
#4773=ORIENTED_EDGE('',*,*,#3404,.T.);
#4774=ORIENTED_EDGE('',*,*,#3388,.F.);
#4775=ORIENTED_EDGE('',*,*,#3405,.F.);
#4776=ORIENTED_EDGE('',*,*,#3386,.F.);
#4777=ORIENTED_EDGE('',*,*,#3406,.T.);
#4778=ORIENTED_EDGE('',*,*,#3389,.F.);
#4779=ORIENTED_EDGE('',*,*,#3404,.F.);
#4780=ORIENTED_EDGE('',*,*,#3385,.F.);
#4781=ORIENTED_EDGE('',*,*,#3407,.T.);
#4782=ORIENTED_EDGE('',*,*,#3390,.F.);
#4783=ORIENTED_EDGE('',*,*,#3406,.F.);
#4784=ORIENTED_EDGE('',*,*,#3384,.F.);
#4785=ORIENTED_EDGE('',*,*,#3408,.T.);
#4786=ORIENTED_EDGE('',*,*,#3391,.F.);
#4787=ORIENTED_EDGE('',*,*,#3407,.F.);
#4788=ORIENTED_EDGE('',*,*,#3383,.F.);
#4789=ORIENTED_EDGE('',*,*,#3409,.T.);
#4790=ORIENTED_EDGE('',*,*,#3392,.F.);
#4791=ORIENTED_EDGE('',*,*,#3408,.F.);
#4792=ORIENTED_EDGE('',*,*,#3382,.F.);
#4793=ORIENTED_EDGE('',*,*,#3410,.T.);
#4794=ORIENTED_EDGE('',*,*,#3393,.F.);
#4795=ORIENTED_EDGE('',*,*,#3409,.F.);
#4796=ORIENTED_EDGE('',*,*,#3381,.F.);
#4797=ORIENTED_EDGE('',*,*,#3411,.T.);
#4798=ORIENTED_EDGE('',*,*,#3394,.F.);
#4799=ORIENTED_EDGE('',*,*,#3410,.F.);
#4800=ORIENTED_EDGE('',*,*,#3380,.F.);
#4801=ORIENTED_EDGE('',*,*,#3405,.T.);
#4802=ORIENTED_EDGE('',*,*,#3395,.F.);
#4803=ORIENTED_EDGE('',*,*,#3411,.F.);
#4804=ORIENTED_EDGE('',*,*,#3359,.F.);
#4805=ORIENTED_EDGE('',*,*,#3412,.T.);
#4806=ORIENTED_EDGE('',*,*,#3396,.F.);
#4807=ORIENTED_EDGE('',*,*,#3413,.F.);
#4808=ORIENTED_EDGE('',*,*,#3358,.F.);
#4809=ORIENTED_EDGE('',*,*,#3414,.T.);
#4810=ORIENTED_EDGE('',*,*,#3397,.F.);
#4811=ORIENTED_EDGE('',*,*,#3412,.F.);
#4812=ORIENTED_EDGE('',*,*,#3357,.F.);
#4813=ORIENTED_EDGE('',*,*,#3415,.T.);
#4814=ORIENTED_EDGE('',*,*,#3398,.F.);
#4815=ORIENTED_EDGE('',*,*,#3414,.F.);
#4816=ORIENTED_EDGE('',*,*,#3356,.F.);
#4817=ORIENTED_EDGE('',*,*,#3416,.T.);
#4818=ORIENTED_EDGE('',*,*,#3399,.F.);
#4819=ORIENTED_EDGE('',*,*,#3415,.F.);
#4820=ORIENTED_EDGE('',*,*,#3363,.F.);
#4821=ORIENTED_EDGE('',*,*,#3417,.T.);
#4822=ORIENTED_EDGE('',*,*,#3400,.F.);
#4823=ORIENTED_EDGE('',*,*,#3416,.F.);
#4824=ORIENTED_EDGE('',*,*,#3362,.F.);
#4825=ORIENTED_EDGE('',*,*,#3418,.T.);
#4826=ORIENTED_EDGE('',*,*,#3401,.F.);
#4827=ORIENTED_EDGE('',*,*,#3417,.F.);
#4828=ORIENTED_EDGE('',*,*,#3361,.F.);
#4829=ORIENTED_EDGE('',*,*,#3419,.T.);
#4830=ORIENTED_EDGE('',*,*,#3402,.F.);
#4831=ORIENTED_EDGE('',*,*,#3418,.F.);
#4832=ORIENTED_EDGE('',*,*,#3360,.F.);
#4833=ORIENTED_EDGE('',*,*,#3413,.T.);
#4834=ORIENTED_EDGE('',*,*,#3403,.F.);
#4835=ORIENTED_EDGE('',*,*,#3419,.F.);
#4836=ORIENTED_EDGE('',*,*,#3420,.T.);
#4837=ORIENTED_EDGE('',*,*,#3368,.F.);
#4838=ORIENTED_EDGE('',*,*,#3420,.F.);
#4839=ORIENTED_EDGE('',*,*,#3369,.F.);
#4840=ORIENTED_EDGE('',*,*,#3344,.T.);
#4841=ORIENTED_EDGE('',*,*,#3421,.T.);
#4842=ORIENTED_EDGE('',*,*,#3378,.T.);
#4843=ORIENTED_EDGE('',*,*,#3354,.T.);
#4844=ORIENTED_EDGE('',*,*,#3348,.T.);
#4845=ORIENTED_EDGE('',*,*,#3352,.F.);
#4846=ORIENTED_EDGE('',*,*,#3422,.F.);
#4847=ORIENTED_EDGE('',*,*,#3349,.T.);
#4848=ORIENTED_EDGE('',*,*,#3422,.T.);
#4849=ORIENTED_EDGE('',*,*,#3379,.T.);
#4850=ORIENTED_EDGE('',*,*,#3421,.F.);
#4851=ORIENTED_EDGE('',*,*,#3423,.F.);
#4852=ORIENTED_EDGE('',*,*,#3424,.T.);
#4853=ORIENTED_EDGE('',*,*,#3425,.T.);
#4854=ORIENTED_EDGE('',*,*,#3424,.F.);
#4855=ORIENTED_EDGE('',*,*,#3425,.F.);
#4856=ORIENTED_EDGE('',*,*,#3426,.F.);
#4857=ORIENTED_EDGE('',*,*,#3427,.T.);
#4858=ORIENTED_EDGE('',*,*,#3428,.T.);
#4859=ORIENTED_EDGE('',*,*,#3427,.F.);
#4860=ORIENTED_EDGE('',*,*,#3428,.F.);
#4861=ORIENTED_EDGE('',*,*,#3429,.F.);
#4862=ORIENTED_EDGE('',*,*,#3430,.T.);
#4863=ORIENTED_EDGE('',*,*,#3431,.T.);
#4864=ORIENTED_EDGE('',*,*,#3430,.F.);
#4865=ORIENTED_EDGE('',*,*,#3431,.F.);
#4866=ORIENTED_EDGE('',*,*,#3432,.F.);
#4867=ORIENTED_EDGE('',*,*,#3433,.T.);
#4868=ORIENTED_EDGE('',*,*,#3434,.T.);
#4869=ORIENTED_EDGE('',*,*,#3433,.F.);
#4870=ORIENTED_EDGE('',*,*,#3434,.F.);
#4871=ORIENTED_EDGE('',*,*,#3435,.F.);
#4872=ORIENTED_EDGE('',*,*,#3436,.F.);
#4873=ORIENTED_EDGE('',*,*,#3437,.F.);
#4874=ORIENTED_EDGE('',*,*,#3438,.F.);
#4875=ORIENTED_EDGE('',*,*,#3439,.F.);
#4876=ORIENTED_EDGE('',*,*,#3440,.F.);
#4877=ORIENTED_EDGE('',*,*,#3423,.T.);
#4878=ORIENTED_EDGE('',*,*,#3426,.T.);
#4879=ORIENTED_EDGE('',*,*,#3429,.T.);
#4880=ORIENTED_EDGE('',*,*,#3432,.T.);
#4881=ORIENTED_EDGE('',*,*,#3438,.T.);
#4882=ORIENTED_EDGE('',*,*,#3441,.T.);
#4883=ORIENTED_EDGE('',*,*,#3442,.T.);
#4884=ORIENTED_EDGE('',*,*,#3443,.T.);
#4885=ORIENTED_EDGE('',*,*,#3437,.T.);
#4886=ORIENTED_EDGE('',*,*,#3444,.T.);
#4887=ORIENTED_EDGE('',*,*,#3445,.T.);
#4888=ORIENTED_EDGE('',*,*,#3441,.F.);
#4889=ORIENTED_EDGE('',*,*,#3436,.T.);
#4890=ORIENTED_EDGE('',*,*,#3446,.F.);
#4891=ORIENTED_EDGE('',*,*,#3444,.F.);
#4892=ORIENTED_EDGE('',*,*,#3447,.F.);
#4893=ORIENTED_EDGE('',*,*,#3448,.F.);
#4894=ORIENTED_EDGE('',*,*,#3447,.T.);
#4895=ORIENTED_EDGE('',*,*,#3449,.F.);
#4896=ORIENTED_EDGE('',*,*,#3450,.F.);
#4897=ORIENTED_EDGE('',*,*,#3451,.T.);
#4898=ORIENTED_EDGE('',*,*,#3452,.T.);
#4899=ORIENTED_EDGE('',*,*,#3453,.F.);
#4900=ORIENTED_EDGE('',*,*,#3454,.F.);
#4901=ORIENTED_EDGE('',*,*,#3455,.T.);
#4902=ORIENTED_EDGE('',*,*,#3456,.T.);
#4903=ORIENTED_EDGE('',*,*,#3451,.F.);
#4904=ORIENTED_EDGE('',*,*,#3457,.F.);
#4905=ORIENTED_EDGE('',*,*,#3458,.T.);
#4906=ORIENTED_EDGE('',*,*,#3459,.T.);
#4907=ORIENTED_EDGE('',*,*,#3455,.F.);
#4908=ORIENTED_EDGE('',*,*,#3460,.F.);
#4909=ORIENTED_EDGE('',*,*,#3461,.T.);
#4910=ORIENTED_EDGE('',*,*,#3462,.T.);
#4911=ORIENTED_EDGE('',*,*,#3458,.F.);
#4912=ORIENTED_EDGE('',*,*,#3463,.F.);
#4913=ORIENTED_EDGE('',*,*,#3464,.T.);
#4914=ORIENTED_EDGE('',*,*,#3465,.T.);
#4915=ORIENTED_EDGE('',*,*,#3461,.F.);
#4916=ORIENTED_EDGE('',*,*,#3466,.F.);
#4917=ORIENTED_EDGE('',*,*,#3467,.T.);
#4918=ORIENTED_EDGE('',*,*,#3468,.T.);
#4919=ORIENTED_EDGE('',*,*,#3464,.F.);
#4920=ORIENTED_EDGE('',*,*,#3469,.F.);
#4921=ORIENTED_EDGE('',*,*,#3470,.T.);
#4922=ORIENTED_EDGE('',*,*,#3471,.T.);
#4923=ORIENTED_EDGE('',*,*,#3467,.F.);
#4924=ORIENTED_EDGE('',*,*,#3472,.F.);
#4925=ORIENTED_EDGE('',*,*,#3453,.T.);
#4926=ORIENTED_EDGE('',*,*,#3473,.T.);
#4927=ORIENTED_EDGE('',*,*,#3470,.F.);
#4928=ORIENTED_EDGE('',*,*,#3474,.F.);
#4929=ORIENTED_EDGE('',*,*,#3475,.T.);
#4930=ORIENTED_EDGE('',*,*,#3476,.T.);
#4931=ORIENTED_EDGE('',*,*,#3477,.F.);
#4932=ORIENTED_EDGE('',*,*,#3478,.F.);
#4933=ORIENTED_EDGE('',*,*,#3479,.T.);
#4934=ORIENTED_EDGE('',*,*,#3480,.T.);
#4935=ORIENTED_EDGE('',*,*,#3475,.F.);
#4936=ORIENTED_EDGE('',*,*,#3481,.F.);
#4937=ORIENTED_EDGE('',*,*,#3482,.T.);
#4938=ORIENTED_EDGE('',*,*,#3483,.T.);
#4939=ORIENTED_EDGE('',*,*,#3479,.F.);
#4940=ORIENTED_EDGE('',*,*,#3484,.F.);
#4941=ORIENTED_EDGE('',*,*,#3485,.T.);
#4942=ORIENTED_EDGE('',*,*,#3486,.T.);
#4943=ORIENTED_EDGE('',*,*,#3482,.F.);
#4944=ORIENTED_EDGE('',*,*,#3487,.F.);
#4945=ORIENTED_EDGE('',*,*,#3488,.T.);
#4946=ORIENTED_EDGE('',*,*,#3489,.T.);
#4947=ORIENTED_EDGE('',*,*,#3485,.F.);
#4948=ORIENTED_EDGE('',*,*,#3490,.F.);
#4949=ORIENTED_EDGE('',*,*,#3491,.T.);
#4950=ORIENTED_EDGE('',*,*,#3492,.T.);
#4951=ORIENTED_EDGE('',*,*,#3488,.F.);
#4952=ORIENTED_EDGE('',*,*,#3493,.F.);
#4953=ORIENTED_EDGE('',*,*,#3494,.T.);
#4954=ORIENTED_EDGE('',*,*,#3495,.T.);
#4955=ORIENTED_EDGE('',*,*,#3491,.F.);
#4956=ORIENTED_EDGE('',*,*,#3496,.F.);
#4957=ORIENTED_EDGE('',*,*,#3477,.T.);
#4958=ORIENTED_EDGE('',*,*,#3497,.T.);
#4959=ORIENTED_EDGE('',*,*,#3494,.F.);
#4960=ORIENTED_EDGE('',*,*,#3497,.F.);
#4961=ORIENTED_EDGE('',*,*,#3476,.F.);
#4962=ORIENTED_EDGE('',*,*,#3480,.F.);
#4963=ORIENTED_EDGE('',*,*,#3483,.F.);
#4964=ORIENTED_EDGE('',*,*,#3486,.F.);
#4965=ORIENTED_EDGE('',*,*,#3489,.F.);
#4966=ORIENTED_EDGE('',*,*,#3492,.F.);
#4967=ORIENTED_EDGE('',*,*,#3495,.F.);
#4968=ORIENTED_EDGE('',*,*,#3473,.F.);
#4969=ORIENTED_EDGE('',*,*,#3452,.F.);
#4970=ORIENTED_EDGE('',*,*,#3456,.F.);
#4971=ORIENTED_EDGE('',*,*,#3459,.F.);
#4972=ORIENTED_EDGE('',*,*,#3462,.F.);
#4973=ORIENTED_EDGE('',*,*,#3465,.F.);
#4974=ORIENTED_EDGE('',*,*,#3468,.F.);
#4975=ORIENTED_EDGE('',*,*,#3471,.F.);
#4976=ORIENTED_EDGE('',*,*,#3498,.T.);
#4977=ORIENTED_EDGE('',*,*,#3499,.T.);
#4978=ORIENTED_EDGE('',*,*,#3442,.F.);
#4979=ORIENTED_EDGE('',*,*,#3445,.F.);
#4980=ORIENTED_EDGE('',*,*,#3474,.T.);
#4981=ORIENTED_EDGE('',*,*,#3496,.T.);
#4982=ORIENTED_EDGE('',*,*,#3493,.T.);
#4983=ORIENTED_EDGE('',*,*,#3490,.T.);
#4984=ORIENTED_EDGE('',*,*,#3487,.T.);
#4985=ORIENTED_EDGE('',*,*,#3484,.T.);
#4986=ORIENTED_EDGE('',*,*,#3481,.T.);
#4987=ORIENTED_EDGE('',*,*,#3478,.T.);
#4988=ORIENTED_EDGE('',*,*,#3500,.F.);
#4989=ORIENTED_EDGE('',*,*,#3501,.T.);
#4990=ORIENTED_EDGE('',*,*,#3502,.F.);
#4991=ORIENTED_EDGE('',*,*,#3503,.F.);
#4992=ORIENTED_EDGE('',*,*,#3504,.F.);
#4993=ORIENTED_EDGE('',*,*,#3503,.T.);
#4994=ORIENTED_EDGE('',*,*,#3505,.F.);
#4995=ORIENTED_EDGE('',*,*,#3506,.F.);
#4996=ORIENTED_EDGE('',*,*,#3507,.F.);
#4997=ORIENTED_EDGE('',*,*,#3506,.T.);
#4998=ORIENTED_EDGE('',*,*,#3508,.F.);
#4999=ORIENTED_EDGE('',*,*,#3509,.F.);
#5000=ORIENTED_EDGE('',*,*,#3510,.F.);
#5001=ORIENTED_EDGE('',*,*,#3509,.T.);
#5002=ORIENTED_EDGE('',*,*,#3511,.F.);
#5003=ORIENTED_EDGE('',*,*,#3501,.F.);
#5004=ORIENTED_EDGE('',*,*,#3511,.T.);
#5005=ORIENTED_EDGE('',*,*,#3508,.T.);
#5006=ORIENTED_EDGE('',*,*,#3505,.T.);
#5007=ORIENTED_EDGE('',*,*,#3502,.T.);
#5008=ORIENTED_EDGE('',*,*,#3469,.T.);
#5009=ORIENTED_EDGE('',*,*,#3466,.T.);
#5010=ORIENTED_EDGE('',*,*,#3463,.T.);
#5011=ORIENTED_EDGE('',*,*,#3460,.T.);
#5012=ORIENTED_EDGE('',*,*,#3457,.T.);
#5013=ORIENTED_EDGE('',*,*,#3454,.T.);
#5014=ORIENTED_EDGE('',*,*,#3450,.T.);
#5015=ORIENTED_EDGE('',*,*,#3472,.T.);
#5016=ORIENTED_EDGE('',*,*,#3500,.T.);
#5017=ORIENTED_EDGE('',*,*,#3504,.T.);
#5018=ORIENTED_EDGE('',*,*,#3507,.T.);
#5019=ORIENTED_EDGE('',*,*,#3510,.T.);
#5020=ORIENTED_EDGE('',*,*,#3449,.T.);
#5021=ORIENTED_EDGE('',*,*,#3448,.T.);
#5022=ORIENTED_EDGE('',*,*,#3439,.T.);
#5023=ORIENTED_EDGE('',*,*,#3443,.F.);
#5024=ORIENTED_EDGE('',*,*,#3499,.F.);
#5025=ORIENTED_EDGE('',*,*,#3512,.T.);
#5026=ORIENTED_EDGE('',*,*,#3435,.T.);
#5027=ORIENTED_EDGE('',*,*,#3513,.F.);
#5028=ORIENTED_EDGE('',*,*,#3498,.F.);
#5029=ORIENTED_EDGE('',*,*,#3446,.T.);
#5030=ORIENTED_EDGE('',*,*,#3440,.T.);
#5031=ORIENTED_EDGE('',*,*,#3512,.F.);
#5032=ORIENTED_EDGE('',*,*,#3513,.T.);
#5033=ORIENTED_EDGE('',*,*,#3514,.T.);
#5034=ORIENTED_EDGE('',*,*,#3514,.F.);
#5035=PLANE('',#5635);
#5036=PLANE('',#5639);
#5037=PLANE('',#5643);
#5038=PLANE('',#5645);
#5039=PLANE('',#5649);
#5040=PLANE('',#5650);
#5041=PLANE('',#5651);
#5042=PLANE('',#5652);
#5043=PLANE('',#5653);
#5044=PLANE('',#5657);
#5045=PLANE('',#5658);
#5046=PLANE('',#5659);
#5047=PLANE('',#5660);
#5048=PLANE('',#5661);
#5049=PLANE('',#5662);
#5050=PLANE('',#5663);
#5051=PLANE('',#5666);
#5052=PLANE('',#5667);
#5053=PLANE('',#5668);
#5054=PLANE('',#5669);
#5055=PLANE('',#5670);
#5056=PLANE('',#5671);
#5057=PLANE('',#5672);
#5058=PLANE('',#5673);
#5059=PLANE('',#5678);
#5060=PLANE('',#5682);
#5061=PLANE('',#5683);
#5062=PLANE('',#5684);
#5063=PLANE('',#5685);
#5064=PLANE('',#5686);
#5065=PLANE('',#5691);
#5066=PLANE('',#5694);
#5067=PLANE('',#5695);
#5068=PLANE('',#5697);
#5069=PLANE('',#5698);
#5070=PLANE('',#5700);
#5071=PLANE('',#5704);
#5072=PLANE('',#5708);
#5073=PLANE('',#5709);
#5074=PLANE('',#5713);
#5075=PLANE('',#5717);
#5076=PLANE('',#5718);
#5077=PLANE('',#5719);
#5078=PLANE('',#5720);
#5079=PLANE('',#5722);
#5080=PLANE('',#5723);
#5081=PLANE('',#5724);
#5082=PLANE('',#5725);
#5083=PLANE('',#5726);
#5084=PLANE('',#5727);
#5085=PLANE('',#5729);
#5086=PLANE('',#5730);
#5087=PLANE('',#5731);
#5088=PLANE('',#5732);
#5089=PLANE('',#5735);
#5090=PLANE('',#5736);
#5091=PLANE('',#5737);
#5092=PLANE('',#5744);
#5093=PLANE('',#5745);
#5094=PLANE('',#5746);
#5095=PLANE('',#5747);
#5096=PLANE('',#5748);
#5097=PLANE('',#5750);
#5098=PLANE('',#5752);
#5099=PLANE('',#5753);
#5100=PLANE('',#5758);
#5101=PLANE('',#5759);
#5102=PLANE('',#5762);
#5103=PLANE('',#5763);
#5104=PLANE('',#5764);
#5105=PLANE('',#5765);
#5106=PLANE('',#5766);
#5107=PLANE('',#5768);
#5108=PLANE('',#5769);
#5109=PLANE('',#5770);
#5110=PLANE('',#5772);
#5111=PLANE('',#5773);
#5112=PLANE('',#5774);
#5113=PLANE('',#5776);
#5114=PLANE('',#5777);
#5115=PLANE('',#5778);
#5116=PLANE('',#5779);
#5117=PLANE('',#5781);
#5118=PLANE('',#5782);
#5119=PLANE('',#5785);
#5120=PLANE('',#5786);
#5121=PLANE('',#5787);
#5122=PLANE('',#5788);
#5123=PLANE('',#5789);
#5124=PLANE('',#5792);
#5125=PLANE('',#5793);
#5126=PLANE('',#5799);
#5127=PLANE('',#5800);
#5128=PLANE('',#5801);
#5129=PLANE('',#5802);
#5130=PLANE('',#5803);
#5131=PLANE('',#5804);
#5132=PLANE('',#5805);
#5133=PLANE('',#5806);
#5134=PLANE('',#5807);
#5135=PLANE('',#5808);
#5136=PLANE('',#5809);
#5137=PLANE('',#5810);
#5138=PLANE('',#5823);
#5139=PLANE('',#5834);
#5140=PLANE('',#5835);
#5141=PLANE('',#5836);
#5142=PLANE('',#5837);
#5143=PLANE('',#5838);
#5144=PLANE('',#5839);
#5145=PLANE('',#5841);
#5146=PLANE('',#5842);
#5147=PLANE('',#5844);
#5148=PLANE('',#5845);
#5149=PLANE('',#5852);
#5150=PLANE('',#5857);
#5151=PLANE('',#5861);
#5152=PLANE('',#5869);
#5153=PLANE('',#5871);
#5154=PLANE('',#5873);
#5155=PLANE('',#5875);
#5156=PLANE('',#5877);
#5157=PLANE('',#5879);
#5158=PLANE('',#5880);
#5159=PLANE('',#5883);
#5160=PLANE('',#5886);
#5161=PLANE('',#5889);
#5162=PLANE('',#5892);
#5163=PLANE('',#5895);
#5164=PLANE('',#5898);
#5165=PLANE('',#5901);
#5166=PLANE('',#5907);
#5167=PLANE('',#5908);
#5168=PLANE('',#5909);
#5169=PLANE('',#5910);
#5170=PLANE('',#5911);
#5171=PLANE('',#5912);
#5172=PLANE('',#5913);
#5173=PLANE('',#5914);
#5174=PLANE('',#5915);
#5175=PLANE('',#5916);
#5176=PLANE('',#5917);
#5177=PLANE('',#5918);
#5178=PLANE('',#5919);
#5179=PLANE('',#5920);
#5180=PLANE('',#5921);
#5181=PLANE('',#5922);
#5182=PLANE('',#5923);
#5183=PLANE('',#5924);
#5184=PLANE('',#5925);
#5185=PLANE('',#5926);
#5186=PLANE('',#5927);
#5187=PLANE('',#5928);
#5188=PLANE('',#5929);
#5189=PLANE('',#5933);
#5190=PLANE('',#5938);
#5191=PLANE('',#5943);
#5192=PLANE('',#5948);
#5193=PLANE('',#5958);
#5194=PLANE('',#5960);
#5195=PLANE('',#5961);
#5196=PLANE('',#5965);
#5197=PLANE('',#5966);
#5198=PLANE('',#5967);
#5199=PLANE('',#5972);
#5200=PLANE('',#5976);
#5201=PLANE('',#5980);
#5202=PLANE('',#5984);
#5203=PLANE('',#5985);
#5204=PLANE('',#5986);
#5205=PLANE('',#5987);
#5206=PLANE('',#5988);
#5207=PLANE('',#5989);
#5208=PLANE('',#5995);
#5209=PLANE('',#5996);
#5210=PLANE('',#5997);
#5211=PLANE('',#5998);
#5212=PLANE('',#5999);
#5213=PLANE('',#6000);
#5214=PLANE('',#6005);
#5215=PLANE('',#6015);
#5216=PLANE('',#6017);
#5217=PLANE('',#6019);
#5218=PLANE('',#6021);
#5219=PLANE('',#6022);
#5220=PLANE('',#6024);
#5221=PLANE('',#6026);
#5222=PLANE('',#6028);
#5223=PLANE('',#6032);
#5224=PLANE('',#6033);
#5225=PLANE('',#6034);
#5226=PLANE('',#6035);
#5227=PLANE('',#6040);
#5228=PLANE('',#6044);
#5229=PLANE('',#6048);
#5230=PLANE('',#6052);
#5231=PLANE('',#6053);
#5232=PLANE('',#6054);
#5233=PLANE('',#6055);
#5234=PLANE('',#6056);
#5235=PLANE('',#6057);
#5236=PLANE('',#6064);
#5237=PLANE('',#6068);
#5238=PLANE('',#6072);
#5239=PLANE('',#6076);
#5240=PLANE('',#6077);
#5241=PLANE('',#6081);
#5242=PLANE('',#6085);
#5243=PLANE('',#6089);
#5244=PLANE('',#6093);
#5245=PLANE('',#6094);
#5246=PLANE('',#6095);
#5247=PLANE('',#6096);
#5248=PLANE('',#6097);
#5249=PLANE('',#6098);
#5250=PLANE('',#6099);
#5251=PLANE('',#6100);
#5252=PLANE('',#6101);
#5253=PLANE('',#6102);
#5254=PLANE('',#6103);
#5255=ADVANCED_FACE('',(#1404),#5035,.F.);
#5256=ADVANCED_FACE('',(#1405),#1327,.F.);
#5257=ADVANCED_FACE('',(#1406),#5036,.F.);
#5258=ADVANCED_FACE('',(#1407),#1328,.F.);
#5259=ADVANCED_FACE('',(#1408),#217,.F.);
#5260=ADVANCED_FACE('',(#1409),#5037,.F.);
#5261=ADVANCED_FACE('',(#1410),#5038,.T.);
#5262=ADVANCED_FACE('',(#1411),#1329,.T.);
#5263=ADVANCED_FACE('',(#1412),#168,.F.);
#5264=ADVANCED_FACE('',(#1413),#218,.F.);
#5265=ADVANCED_FACE('',(#1414),#5039,.T.);
#5266=ADVANCED_FACE('',(#1415),#5040,.T.);
#5267=ADVANCED_FACE('',(#1416),#5041,.T.);
#5268=ADVANCED_FACE('',(#1417),#5042,.T.);
#5269=ADVANCED_FACE('',(#1418),#5043,.T.);
#5270=ADVANCED_FACE('',(#1419),#1330,.T.);
#5271=ADVANCED_FACE('',(#1420),#169,.F.);
#5272=ADVANCED_FACE('',(#1421),#5044,.F.);
#5273=ADVANCED_FACE('',(#1422),#5045,.F.);
#5274=ADVANCED_FACE('',(#1423),#5046,.F.);
#5275=ADVANCED_FACE('',(#1424),#5047,.F.);
#5276=ADVANCED_FACE('',(#1425),#5048,.T.);
#5277=ADVANCED_FACE('',(#1426),#5049,.T.);
#5278=ADVANCED_FACE('',(#1427),#5050,.T.);
#5279=ADVANCED_FACE('',(#1428),#1331,.T.);
#5280=ADVANCED_FACE('',(#1429),#5051,.T.);
#5281=ADVANCED_FACE('',(#1430),#5052,.T.);
#5282=ADVANCED_FACE('',(#1431),#5053,.F.);
#5283=ADVANCED_FACE('',(#1432),#5054,.T.);
#5284=ADVANCED_FACE('',(#1433),#5055,.T.);
#5285=ADVANCED_FACE('',(#1434),#5056,.T.);
#5286=ADVANCED_FACE('',(#1435,#79,#80,#81,#82),#5057,.T.);
#5287=ADVANCED_FACE('',(#1436),#5058,.T.);
#5288=ADVANCED_FACE('',(#1437),#1332,.F.);
#5289=ADVANCED_FACE('',(#1438),#5059,.F.);
#5290=ADVANCED_FACE('',(#1439),#1333,.F.);
#5291=ADVANCED_FACE('',(#1440),#5060,.F.);
#5292=ADVANCED_FACE('',(#1441),#219,.F.);
#5293=ADVANCED_FACE('',(#1442),#5061,.T.);
#5294=ADVANCED_FACE('',(#1443),#5062,.T.);
#5295=ADVANCED_FACE('',(#1444),#5063,.T.);
#5296=ADVANCED_FACE('',(#1445),#220,.T.);
#5297=ADVANCED_FACE('',(#1446),#5064,.F.);
#5298=ADVANCED_FACE('',(#1447),#1334,.T.);
#5299=ADVANCED_FACE('',(#1448),#170,.F.);
#5300=ADVANCED_FACE('',(#1449),#5065,.T.);
#5301=ADVANCED_FACE('',(#1450),#1335,.T.);
#5302=ADVANCED_FACE('',(#1451),#171,.F.);
#5303=ADVANCED_FACE('',(#1452),#5066,.T.);
#5304=ADVANCED_FACE('',(#1453,#83,#84),#5067,.T.);
#5305=ADVANCED_FACE('',(#1454),#5068,.F.);
#5306=ADVANCED_FACE('',(#1455),#5069,.F.);
#5307=ADVANCED_FACE('',(#1456),#1336,.T.);
#5308=ADVANCED_FACE('',(#1457),#5070,.T.);
#5309=ADVANCED_FACE('',(#1458),#1337,.F.);
#5310=ADVANCED_FACE('',(#1459),#5071,.T.);
#5311=ADVANCED_FACE('',(#1460),#1338,.F.);
#5312=ADVANCED_FACE('',(#1461),#5072,.T.);
#5313=ADVANCED_FACE('',(#1462),#5073,.T.);
#5314=ADVANCED_FACE('',(#1463),#1339,.F.);
#5315=ADVANCED_FACE('',(#1464),#5074,.T.);
#5316=ADVANCED_FACE('',(#1465),#1340,.F.);
#5317=ADVANCED_FACE('',(#1466),#5075,.F.);
#5318=ADVANCED_FACE('',(#1467),#5076,.T.);
#5319=ADVANCED_FACE('',(#1468),#5077,.T.);
#5320=ADVANCED_FACE('',(#1469,#85),#5078,.F.);
#5321=ADVANCED_FACE('',(#1470),#5079,.T.);
#5322=ADVANCED_FACE('',(#1471),#5080,.F.);
#5323=ADVANCED_FACE('',(#1472),#5081,.T.);
#5324=ADVANCED_FACE('',(#1473),#5082,.T.);
#5325=ADVANCED_FACE('',(#1474),#5083,.F.);
#5326=ADVANCED_FACE('',(#1475,#86),#5084,.F.);
#5327=ADVANCED_FACE('',(#1476),#5085,.F.);
#5328=ADVANCED_FACE('',(#1477),#5086,.F.);
#5329=ADVANCED_FACE('',(#1478),#5087,.T.);
#5330=ADVANCED_FACE('',(#1479,#87,#88),#5088,.F.);
#5331=ADVANCED_FACE('',(#1480),#5089,.F.);
#5332=ADVANCED_FACE('',(#1481),#5090,.T.);
#5333=ADVANCED_FACE('',(#1482),#5091,.T.);
#5334=ADVANCED_FACE('',(#1483),#1341,.T.);
#5335=ADVANCED_FACE('',(#1484),#5092,.T.);
#5336=ADVANCED_FACE('',(#1485),#5093,.F.);
#5337=ADVANCED_FACE('',(#1486),#5094,.F.);
#5338=ADVANCED_FACE('',(#1487),#5095,.T.);
#5339=ADVANCED_FACE('',(#1488,#89,#90),#5096,.F.);
#5340=ADVANCED_FACE('',(#1489,#91),#5097,.T.);
#5341=ADVANCED_FACE('',(#1490),#5098,.F.);
#5342=ADVANCED_FACE('',(#1491),#5099,.T.);
#5343=ADVANCED_FACE('',(#1492),#5100,.T.);
#5344=ADVANCED_FACE('',(#1493),#5101,.T.);
#5345=ADVANCED_FACE('',(#1494),#1342,.F.);
#5346=ADVANCED_FACE('',(#1495),#5102,.F.);
#5347=ADVANCED_FACE('',(#1496),#5103,.T.);
#5348=ADVANCED_FACE('',(#1497),#5104,.T.);
#5349=ADVANCED_FACE('',(#1498),#5105,.T.);
#5350=ADVANCED_FACE('',(#1499,#92),#5106,.T.);
#5351=ADVANCED_FACE('',(#1500),#1343,.F.);
#5352=ADVANCED_FACE('',(#1501),#5107,.T.);
#5353=ADVANCED_FACE('',(#1502),#5108,.T.);
#5354=ADVANCED_FACE('',(#1503),#5109,.T.);
#5355=ADVANCED_FACE('',(#1504),#1344,.F.);
#5356=ADVANCED_FACE('',(#1505),#5110,.F.);
#5357=ADVANCED_FACE('',(#1506),#5111,.F.);
#5358=ADVANCED_FACE('',(#1507),#5112,.F.);
#5359=ADVANCED_FACE('',(#1508),#1345,.F.);
#5360=ADVANCED_FACE('',(#1509),#5113,.F.);
#5361=ADVANCED_FACE('',(#1510),#5114,.F.);
#5362=ADVANCED_FACE('',(#1511),#5115,.F.);
#5363=ADVANCED_FACE('',(#1512),#5116,.T.);
#5364=ADVANCED_FACE('',(#1513),#1346,.T.);
#5365=ADVANCED_FACE('',(#1514),#5117,.T.);
#5366=ADVANCED_FACE('',(#1515,#93),#5118,.T.);
#5367=ADVANCED_FACE('',(#1516),#5119,.F.);
#5368=ADVANCED_FACE('',(#1517),#221,.T.);
#5369=ADVANCED_FACE('',(#1518),#5120,.T.);
#5370=ADVANCED_FACE('',(#1519),#5121,.T.);
#5371=ADVANCED_FACE('',(#1520),#5122,.F.);
#5372=ADVANCED_FACE('',(#1521,#94),#5123,.F.);
#5373=ADVANCED_FACE('',(#1522),#5124,.F.);
#5374=ADVANCED_FACE('',(#1523),#222,.F.);
#5375=ADVANCED_FACE('',(#1524),#5125,.F.);
#5376=ADVANCED_FACE('',(#1525),#172,.F.);
#5377=ADVANCED_FACE('',(#1526),#1347,.F.);
#5378=ADVANCED_FACE('',(#1527),#1348,.F.);
#5379=ADVANCED_FACE('',(#1528),#173,.T.);
#5380=ADVANCED_FACE('',(#1529),#5126,.T.);
#5381=ADVANCED_FACE('',(#1530),#5127,.T.);
#5382=ADVANCED_FACE('',(#1531),#5128,.F.);
#5383=ADVANCED_FACE('',(#1532),#5129,.T.);
#5384=ADVANCED_FACE('',(#1533),#5130,.T.);
#5385=ADVANCED_FACE('',(#1534),#5131,.F.);
#5386=ADVANCED_FACE('',(#1535),#5132,.F.);
#5387=ADVANCED_FACE('',(#1536),#5133,.T.);
#5388=ADVANCED_FACE('',(#1537),#5134,.F.);
#5389=ADVANCED_FACE('',(#1538),#5135,.F.);
#5390=ADVANCED_FACE('',(#1539),#5136,.T.);
#5391=ADVANCED_FACE('',(#1540),#5137,.F.);
#5392=ADVANCED_FACE('',(#1541),#1349,.F.);
#5393=ADVANCED_FACE('',(#1542),#1350,.F.);
#5394=ADVANCED_FACE('',(#1543),#1351,.F.);
#5395=ADVANCED_FACE('',(#1544),#1352,.F.);
#5396=ADVANCED_FACE('',(#1545,#95,#96,#97,#98,#99,#100,#101),#5138,.T.);
#5397=ADVANCED_FACE('',(#1546),#5139,.T.);
#5398=ADVANCED_FACE('',(#1547),#5140,.T.);
#5399=ADVANCED_FACE('',(#1548),#5141,.F.);
#5400=ADVANCED_FACE('',(#1549),#5142,.T.);
#5401=ADVANCED_FACE('',(#1550),#5143,.T.);
#5402=ADVANCED_FACE('',(#1551,#102),#5144,.F.);
#5403=ADVANCED_FACE('',(#1552),#5145,.F.);
#5404=ADVANCED_FACE('',(#1553,#103),#5146,.F.);
#5405=ADVANCED_FACE('',(#1554),#5147,.F.);
#5406=ADVANCED_FACE('',(#1555,#104,#105,#106,#107,#108,#109,#110),#5148,
 .T.);
#5407=ADVANCED_FACE('',(#1556,#111),#5149,.F.);
#5408=ADVANCED_FACE('',(#1557),#1353,.F.);
#5409=ADVANCED_FACE('',(#1558),#5150,.T.);
#5410=ADVANCED_FACE('',(#1559),#1354,.F.);
#5411=ADVANCED_FACE('',(#1560),#1355,.F.);
#5412=ADVANCED_FACE('',(#1561,#112),#5151,.F.);
#5413=ADVANCED_FACE('',(#1562),#1356,.F.);
#5414=ADVANCED_FACE('',(#1563),#5152,.F.);
#5415=ADVANCED_FACE('',(#1564),#1357,.F.);
#5416=ADVANCED_FACE('',(#1565),#5153,.F.);
#5417=ADVANCED_FACE('',(#1566),#1358,.F.);
#5418=ADVANCED_FACE('',(#1567),#5154,.F.);
#5419=ADVANCED_FACE('',(#1568),#1359,.F.);
#5420=ADVANCED_FACE('',(#1569),#5155,.F.);
#5421=ADVANCED_FACE('',(#1570),#1360,.F.);
#5422=ADVANCED_FACE('',(#1571),#5156,.F.);
#5423=ADVANCED_FACE('',(#1572),#1361,.F.);
#5424=ADVANCED_FACE('',(#1573),#5157,.F.);
#5425=ADVANCED_FACE('',(#1574),#5158,.T.);
#5426=ADVANCED_FACE('',(#1575),#1362,.F.);
#5427=ADVANCED_FACE('',(#1576),#5159,.T.);
#5428=ADVANCED_FACE('',(#1577),#1363,.F.);
#5429=ADVANCED_FACE('',(#1578),#5160,.T.);
#5430=ADVANCED_FACE('',(#1579),#1364,.F.);
#5431=ADVANCED_FACE('',(#1580),#5161,.T.);
#5432=ADVANCED_FACE('',(#1581),#1365,.F.);
#5433=ADVANCED_FACE('',(#1582),#5162,.F.);
#5434=ADVANCED_FACE('',(#1583),#1366,.F.);
#5435=ADVANCED_FACE('',(#1584),#5163,.F.);
#5436=ADVANCED_FACE('',(#1585),#1367,.F.);
#5437=ADVANCED_FACE('',(#1586),#5164,.F.);
#5438=ADVANCED_FACE('',(#1587),#1368,.F.);
#5439=ADVANCED_FACE('',(#1588),#5165,.F.);
#5440=ADVANCED_FACE('',(#1589),#1369,.F.);
#5441=ADVANCED_FACE('',(#1590),#17,.F.);
#5442=ADVANCED_FACE('',(#1591),#5166,.F.);
#5443=ADVANCED_FACE('',(#1592),#5167,.F.);
#5444=ADVANCED_FACE('',(#1593,#113,#114,#115,#116,#117),#5168,.T.);
#5445=ADVANCED_FACE('',(#1594),#5169,.F.);
#5446=ADVANCED_FACE('',(#1595),#5170,.F.);
#5447=ADVANCED_FACE('',(#1596),#5171,.F.);
#5448=ADVANCED_FACE('',(#1597,#118),#5172,.F.);
#5449=ADVANCED_FACE('',(#1598),#5173,.T.);
#5450=ADVANCED_FACE('',(#1599),#5174,.F.);
#5451=ADVANCED_FACE('',(#1600),#5175,.F.);
#5452=ADVANCED_FACE('',(#1601),#5176,.F.);
#5453=ADVANCED_FACE('',(#1602,#119),#5177,.F.);
#5454=ADVANCED_FACE('',(#1603),#5178,.T.);
#5455=ADVANCED_FACE('',(#1604),#5179,.F.);
#5456=ADVANCED_FACE('',(#1605),#5180,.F.);
#5457=ADVANCED_FACE('',(#1606),#5181,.F.);
#5458=ADVANCED_FACE('',(#1607,#120),#5182,.F.);
#5459=ADVANCED_FACE('',(#1608),#5183,.T.);
#5460=ADVANCED_FACE('',(#1609),#5184,.F.);
#5461=ADVANCED_FACE('',(#1610),#5185,.F.);
#5462=ADVANCED_FACE('',(#1611),#5186,.F.);
#5463=ADVANCED_FACE('',(#1612,#121),#5187,.F.);
#5464=ADVANCED_FACE('',(#1613),#5188,.T.);
#5465=ADVANCED_FACE('',(#1614),#1370,.F.);
#5466=ADVANCED_FACE('',(#1615,#122),#5189,.T.);
#5467=ADVANCED_FACE('',(#1616),#1371,.F.);
#5468=ADVANCED_FACE('',(#1617,#123),#5190,.T.);
#5469=ADVANCED_FACE('',(#1618),#1372,.F.);
#5470=ADVANCED_FACE('',(#1619,#124),#5191,.T.);
#5471=ADVANCED_FACE('',(#1620),#1373,.F.);
#5472=ADVANCED_FACE('',(#1621,#125),#5192,.T.);
#5473=ADVANCED_FACE('',(#1622),#1374,.F.);
#5474=ADVANCED_FACE('',(#1623),#1375,.F.);
#5475=ADVANCED_FACE('',(#1624),#1376,.F.);
#5476=ADVANCED_FACE('',(#1625),#1377,.F.);
#5477=ADVANCED_FACE('',(#1626,#126,#127,#128,#129,#130),#5193,.F.);
#5478=ADVANCED_FACE('',(#1627),#5194,.F.);
#5479=ADVANCED_FACE('',(#1628),#5195,.F.);
#5480=ADVANCED_FACE('',(#1629),#18,.F.);
#5481=ADVANCED_FACE('',(#1630,#131,#132,#133,#134,#135),#5196,.F.);
#5482=ADVANCED_FACE('',(#1631),#5197,.F.);
#5483=ADVANCED_FACE('',(#1632),#5198,.F.);
#5484=ADVANCED_FACE('',(#1633),#1378,.F.);
#5485=ADVANCED_FACE('',(#1634),#5199,.T.);
#5486=ADVANCED_FACE('',(#1635),#1379,.F.);
#5487=ADVANCED_FACE('',(#1636),#5200,.T.);
#5488=ADVANCED_FACE('',(#1637),#1380,.F.);
#5489=ADVANCED_FACE('',(#1638),#5201,.T.);
#5490=ADVANCED_FACE('',(#1639),#1381,.F.);
#5491=ADVANCED_FACE('',(#1640),#5202,.T.);
#5492=ADVANCED_FACE('',(#1641,#136,#137,#138,#139),#5203,.F.);
#5493=ADVANCED_FACE('',(#1642),#5204,.F.);
#5494=ADVANCED_FACE('',(#1643),#5205,.F.);
#5495=ADVANCED_FACE('',(#1644),#5206,.T.);
#5496=ADVANCED_FACE('',(#1645,#140,#141),#5207,.T.);
#5497=ADVANCED_FACE('',(#1646),#5208,.F.);
#5498=ADVANCED_FACE('',(#1647),#5209,.F.);
#5499=ADVANCED_FACE('',(#1648),#5210,.F.);
#5500=ADVANCED_FACE('',(#1649),#5211,.F.);
#5501=ADVANCED_FACE('',(#1650),#5212,.F.);
#5502=ADVANCED_FACE('',(#1651,#142),#5213,.T.);
#5503=ADVANCED_FACE('',(#1652,#143),#5214,.F.);
#5504=ADVANCED_FACE('',(#1653),#1382,.F.);
#5505=ADVANCED_FACE('',(#1654),#5215,.T.);
#5506=ADVANCED_FACE('',(#1655),#1383,.F.);
#5507=ADVANCED_FACE('',(#1656),#5216,.T.);
#5508=ADVANCED_FACE('',(#1657),#1384,.F.);
#5509=ADVANCED_FACE('',(#1658),#5217,.T.);
#5510=ADVANCED_FACE('',(#1659),#1385,.F.);
#5511=ADVANCED_FACE('',(#1660),#5218,.T.);
#5512=ADVANCED_FACE('',(#1661),#5219,.T.);
#5513=ADVANCED_FACE('',(#1662),#1386,.T.);
#5514=ADVANCED_FACE('',(#1663),#5220,.T.);
#5515=ADVANCED_FACE('',(#1664),#1387,.T.);
#5516=ADVANCED_FACE('',(#1665),#5221,.T.);
#5517=ADVANCED_FACE('',(#1666),#1388,.T.);
#5518=ADVANCED_FACE('',(#1667),#5222,.T.);
#5519=ADVANCED_FACE('',(#1668),#1389,.T.);
#5520=ADVANCED_FACE('',(#1669),#1390,.T.);
#5521=ADVANCED_FACE('',(#1670),#5223,.T.);
#5522=ADVANCED_FACE('',(#1671),#5224,.T.);
#5523=ADVANCED_FACE('',(#1672),#5225,.F.);
#5524=ADVANCED_FACE('',(#1673),#5226,.T.);
#5525=ADVANCED_FACE('',(#1674),#1391,.F.);
#5526=ADVANCED_FACE('',(#1675),#5227,.T.);
#5527=ADVANCED_FACE('',(#1676),#1392,.F.);
#5528=ADVANCED_FACE('',(#1677),#5228,.T.);
#5529=ADVANCED_FACE('',(#1678),#1393,.F.);
#5530=ADVANCED_FACE('',(#1679),#5229,.T.);
#5531=ADVANCED_FACE('',(#1680),#1394,.F.);
#5532=ADVANCED_FACE('',(#1681),#5230,.T.);
#5533=ADVANCED_FACE('',(#1682,#144,#145,#146,#147),#5231,.F.);
#5534=ADVANCED_FACE('',(#1683),#5232,.T.);
#5535=ADVANCED_FACE('',(#1684),#5233,.T.);
#5536=ADVANCED_FACE('',(#1685),#5234,.F.);
#5537=ADVANCED_FACE('',(#1686),#5235,.F.);
#5538=ADVANCED_FACE('',(#1687),#1395,.T.);
#5539=ADVANCED_FACE('',(#1688),#1396,.T.);
#5540=ADVANCED_FACE('',(#1689),#5236,.F.);
#5541=ADVANCED_FACE('',(#1690),#1397,.T.);
#5542=ADVANCED_FACE('',(#1691),#5237,.F.);
#5543=ADVANCED_FACE('',(#1692),#1398,.T.);
#5544=ADVANCED_FACE('',(#1693),#5238,.F.);
#5545=ADVANCED_FACE('',(#1694),#1399,.T.);
#5546=ADVANCED_FACE('',(#1695),#5239,.F.);
#5547=ADVANCED_FACE('',(#1696),#5240,.F.);
#5548=ADVANCED_FACE('',(#1697),#1400,.F.);
#5549=ADVANCED_FACE('',(#1698),#5241,.F.);
#5550=ADVANCED_FACE('',(#1699),#1401,.F.);
#5551=ADVANCED_FACE('',(#1700),#5242,.F.);
#5552=ADVANCED_FACE('',(#1701),#1402,.F.);
#5553=ADVANCED_FACE('',(#1702),#5243,.F.);
#5554=ADVANCED_FACE('',(#1703),#1403,.F.);
#5555=ADVANCED_FACE('',(#1704,#148),#5244,.T.);
#5556=ADVANCED_FACE('',(#1705,#149),#5245,.T.);
#5557=ADVANCED_FACE('',(#1706),#5246,.T.);
#5558=ADVANCED_FACE('',(#1707),#5247,.T.);
#5559=ADVANCED_FACE('',(#1708),#5248,.T.);
#5560=ADVANCED_FACE('',(#1709),#5249,.T.);
#5561=ADVANCED_FACE('',(#1710),#5250,.T.);
#5562=ADVANCED_FACE('',(#1711,#150,#151),#5251,.T.);
#5563=ADVANCED_FACE('',(#1712),#5252,.T.);
#5564=ADVANCED_FACE('',(#1713),#5253,.F.);
#5565=ADVANCED_FACE('',(#1714),#5254,.F.);
#5566=ADVANCED_FACE('',(#1715),#19,.T.);
#5567=CLOSED_SHELL('',(#5255,#5256,#5257,#5258,#5259,#5260,#5261,#5262,
#5263,#5264,#5265,#5266,#5267,#5268,#5269,#5270,#5271,#5272,#5273,#5274,
#5275,#5276,#5277,#5278,#5279,#5280,#5281,#5282,#5283,#5284,#5285,#5286,
#5287));
#5568=CLOSED_SHELL('',(#5288,#5289,#5290,#5291,#5292,#5293,#5294,#5295,
#5296,#5297,#5298,#5299,#5300,#5301,#5302,#5303,#5304,#5305,#5306,#5307,
#5308));
#5569=CLOSED_SHELL('',(#5309,#5310,#5311,#5312,#5313,#5314,#5315,#5316,
#5317,#5318,#5319,#5320,#5321,#5322,#5323,#5324,#5325,#5326,#5327,#5328,
#5329,#5330,#5331,#5332,#5333,#5334,#5335,#5336,#5337,#5338,#5339,#5340,
#5341,#5342,#5343,#5344,#5345,#5346,#5347,#5348,#5349,#5350,#5351,#5352,
#5353,#5354,#5355,#5356,#5357,#5358,#5359,#5360,#5361,#5362,#5363,#5364,
#5365,#5366,#5367,#5368,#5369,#5370,#5371,#5372,#5373,#5374,#5375,#5376,
#5377,#5378,#5379));
#5570=CLOSED_SHELL('',(#5380,#5381,#5382,#5383,#5384,#5385,#5386,#5387,
#5388,#5389,#5390,#5391,#5392,#5393,#5394,#5395,#5396,#5397,#5398,#5399,
#5400,#5401,#5402,#5403,#5404,#5405,#5406,#5407,#5408,#5409,#5410,#5411,
#5412,#5413,#5414,#5415,#5416,#5417,#5418,#5419,#5420,#5421,#5422,#5423,
#5424,#5425,#5426,#5427,#5428,#5429,#5430,#5431,#5432,#5433,#5434,#5435,
#5436,#5437,#5438,#5439,#5440,#5441,#5442,#5443,#5444,#5445,#5446,#5447,
#5448,#5449,#5450,#5451,#5452,#5453,#5454,#5455,#5456,#5457,#5458,#5459,
#5460,#5461,#5462,#5463,#5464));
#5571=CLOSED_SHELL('',(#5465,#5466,#5467,#5468,#5469,#5470,#5471,#5472,
#5473,#5474,#5475,#5476,#5477,#5478,#5479,#5480,#5481,#5482,#5483));
#5572=CLOSED_SHELL('',(#5484,#5485,#5486,#5487,#5488,#5489,#5490,#5491,
#5492,#5493,#5494,#5495,#5496,#5497,#5498,#5499,#5500,#5501,#5502,#5503,
#5504,#5505,#5506,#5507,#5508,#5509,#5510,#5511,#5512,#5513,#5514,#5515,
#5516,#5517,#5518,#5519,#5520,#5521,#5522,#5523,#5524));
#5573=CLOSED_SHELL('',(#5525,#5526,#5527,#5528,#5529,#5530,#5531,#5532,
#5533,#5534,#5535,#5536,#5537,#5538,#5539,#5540,#5541,#5542,#5543,#5544,
#5545,#5546,#5547,#5548,#5549,#5550,#5551,#5552,#5553,#5554,#5555,#5556,
#5557,#5558,#5559,#5560,#5561,#5562,#5563,#5564,#5565));
#5574=CLOSED_SHELL('',(#5566));
#5575=DERIVED_UNIT_ELEMENT(#5585,1.);
#5576=DERIVED_UNIT_ELEMENT(#9771,-3.);
#5577=DERIVED_UNIT_ELEMENT(#5585,1.);
#5578=DERIVED_UNIT_ELEMENT(#9771,-3.);
#5579=DERIVED_UNIT_ELEMENT(#5585,1.);
#5580=DERIVED_UNIT_ELEMENT(#9771,-3.);
#5581=DERIVED_UNIT_ELEMENT(#5585,1.);
#5582=DERIVED_UNIT_ELEMENT(#9771,-3.);
#5583=DERIVED_UNIT_ELEMENT(#5585,1.);
#5584=DERIVED_UNIT_ELEMENT(#9771,-3.);
#5585=(
MASS_UNIT()
NAMED_UNIT(*)
SI_UNIT(.KILO.,.GRAM.)
);
#5586=DERIVED_UNIT((#5575,#5576));
#5587=DERIVED_UNIT((#5577,#5578));
#5588=DERIVED_UNIT((#5579,#5580));
#5589=DERIVED_UNIT((#5581,#5582));
#5590=DERIVED_UNIT((#5583,#5584));
#5591=MEASURE_REPRESENTATION_ITEM('density measure',
POSITIVE_RATIO_MEASURE(7850.),#5586);
#5592=MEASURE_REPRESENTATION_ITEM('density measure',
POSITIVE_RATIO_MEASURE(7850.),#5587);
#5593=MEASURE_REPRESENTATION_ITEM('density measure',
POSITIVE_RATIO_MEASURE(7850.),#5588);
#5594=MEASURE_REPRESENTATION_ITEM('density measure',
POSITIVE_RATIO_MEASURE(7850.),#5589);
#5595=MEASURE_REPRESENTATION_ITEM('density measure',
POSITIVE_RATIO_MEASURE(7850.),#5590);
#5596=PROPERTY_DEFINITION_REPRESENTATION(#5621,#5606);
#5597=PROPERTY_DEFINITION_REPRESENTATION(#5622,#5607);
#5598=PROPERTY_DEFINITION_REPRESENTATION(#5623,#5608);
#5599=PROPERTY_DEFINITION_REPRESENTATION(#5624,#5609);
#5600=PROPERTY_DEFINITION_REPRESENTATION(#5625,#5610);
#5601=PROPERTY_DEFINITION_REPRESENTATION(#5626,#5611);
#5602=PROPERTY_DEFINITION_REPRESENTATION(#5627,#5612);
#5603=PROPERTY_DEFINITION_REPRESENTATION(#5628,#5613);
#5604=PROPERTY_DEFINITION_REPRESENTATION(#5629,#5614);
#5605=PROPERTY_DEFINITION_REPRESENTATION(#5630,#5615);
#5606=REPRESENTATION('material name',(#5616),#9764);
#5607=REPRESENTATION('density',(#5591),#9764);
#5608=REPRESENTATION('material name',(#5617),#9765);
#5609=REPRESENTATION('density',(#5592),#9765);
#5610=REPRESENTATION('material name',(#5618),#9766);
#5611=REPRESENTATION('density',(#5593),#9766);
#5612=REPRESENTATION('material name',(#5619),#9767);
#5613=REPRESENTATION('density',(#5594),#9767);
#5614=REPRESENTATION('material name',(#5620),#9768);
#5615=REPRESENTATION('density',(#5595),#9768);
#5616=DESCRIPTIVE_REPRESENTATION_ITEM('Steel','Steel');
#5617=DESCRIPTIVE_REPRESENTATION_ITEM('Steel','Steel');
#5618=DESCRIPTIVE_REPRESENTATION_ITEM('Steel','Steel');
#5619=DESCRIPTIVE_REPRESENTATION_ITEM('Steel','Steel');
#5620=DESCRIPTIVE_REPRESENTATION_ITEM('Steel','Steel');
#5621=PROPERTY_DEFINITION('material property','material name',#9809);
#5622=PROPERTY_DEFINITION('material property','density of part',#9809);
#5623=PROPERTY_DEFINITION('material property','material name',#9810);
#5624=PROPERTY_DEFINITION('material property','density of part',#9810);
#5625=PROPERTY_DEFINITION('material property','material name',#9811);
#5626=PROPERTY_DEFINITION('material property','density of part',#9811);
#5627=PROPERTY_DEFINITION('material property','material name',#9812);
#5628=PROPERTY_DEFINITION('material property','density of part',#9812);
#5629=PROPERTY_DEFINITION('material property','material name',#9813);
#5630=PROPERTY_DEFINITION('material property','density of part',#9813);
#5631=AXIS2_PLACEMENT_3D('',#7626,#6112,#6113);
#5632=AXIS2_PLACEMENT_3D('',#7627,#6114,#6115);
#5633=AXIS2_PLACEMENT_3D('',#7628,#6116,#6117);
#5634=AXIS2_PLACEMENT_3D('',#7629,#6118,#6119);
#5635=AXIS2_PLACEMENT_3D('',#7630,#6120,#6121);
#5636=AXIS2_PLACEMENT_3D('',#7632,#6122,#6123);
#5637=AXIS2_PLACEMENT_3D('',#7633,#6124,#6125);
#5638=AXIS2_PLACEMENT_3D('',#7636,#6127,#6128);
#5639=AXIS2_PLACEMENT_3D('',#7637,#6129,#6130);
#5640=AXIS2_PLACEMENT_3D('',#7639,#6131,#6132);
#5641=AXIS2_PLACEMENT_3D('',#7640,#6133,#6134);
#5642=AXIS2_PLACEMENT_3D('',#7643,#6136,#6137);
#5643=AXIS2_PLACEMENT_3D('',#7683,#6140,#6141);
#5644=AXIS2_PLACEMENT_3D('',#7686,#6142,#6143);
#5645=AXIS2_PLACEMENT_3D('',#7698,#6146,#6147);
#5646=AXIS2_PLACEMENT_3D('',#7709,#6151,#6152);
#5647=AXIS2_PLACEMENT_3D('',#7719,#6154,#6155);
#5648=AXIS2_PLACEMENT_3D('',#7728,#6157,#6158);
#5649=AXIS2_PLACEMENT_3D('',#7806,#6160,#6161);
#5650=AXIS2_PLACEMENT_3D('',#7808,#6163,#6164);
#5651=AXIS2_PLACEMENT_3D('',#7817,#6169,#6170);
#5652=AXIS2_PLACEMENT_3D('',#7820,#6173,#6174);
#5653=AXIS2_PLACEMENT_3D('',#7824,#6177,#6178);
#5654=AXIS2_PLACEMENT_3D('',#7830,#6182,#6183);
#5655=AXIS2_PLACEMENT_3D('',#7831,#6184,#6185);
#5656=AXIS2_PLACEMENT_3D('',#7849,#6187,#6188);
#5657=AXIS2_PLACEMENT_3D('',#7850,#6189,#6190);
#5658=AXIS2_PLACEMENT_3D('',#7859,#6195,#6196);
#5659=AXIS2_PLACEMENT_3D('',#7865,#6200,#6201);
#5660=AXIS2_PLACEMENT_3D('',#7869,#6204,#6205);
#5661=AXIS2_PLACEMENT_3D('',#7878,#6210,#6211);
#5662=AXIS2_PLACEMENT_3D('',#7884,#6215,#6216);
#5663=AXIS2_PLACEMENT_3D('',#7888,#6219,#6220);
#5664=AXIS2_PLACEMENT_3D('',#7892,#6223,#6224);
#5665=AXIS2_PLACEMENT_3D('',#7894,#6225,#6226);
#5666=AXIS2_PLACEMENT_3D('',#7896,#6228,#6229);
#5667=AXIS2_PLACEMENT_3D('',#7900,#6232,#6233);
#5668=AXIS2_PLACEMENT_3D('',#7902,#6235,#6236);
#5669=AXIS2_PLACEMENT_3D('',#7906,#6239,#6240);
#5670=AXIS2_PLACEMENT_3D('',#7908,#6242,#6243);
#5671=AXIS2_PLACEMENT_3D('',#7912,#6246,#6247);
#5672=AXIS2_PLACEMENT_3D('',#7914,#6249,#6250);
#5673=AXIS2_PLACEMENT_3D('',#7916,#6252,#6253);
#5674=AXIS2_PLACEMENT_3D('',#7917,#6254,#6255);
#5675=AXIS2_PLACEMENT_3D('',#7918,#6256,#6257);
#5676=AXIS2_PLACEMENT_3D('',#7920,#6258,#6259);
#5677=AXIS2_PLACEMENT_3D('',#7923,#6261,#6262);
#5678=AXIS2_PLACEMENT_3D('',#7924,#6263,#6264);
#5679=AXIS2_PLACEMENT_3D('',#7925,#6265,#6266);
#5680=AXIS2_PLACEMENT_3D('',#7927,#6267,#6268);
#5681=AXIS2_PLACEMENT_3D('',#7930,#6270,#6271);
#5682=AXIS2_PLACEMENT_3D('',#7931,#6272,#6273);
#5683=AXIS2_PLACEMENT_3D('',#7976,#6276,#6277);
#5684=AXIS2_PLACEMENT_3D('',#7987,#6281,#6282);
#5685=AXIS2_PLACEMENT_3D('',#7997,#6288,#6289);
#5686=AXIS2_PLACEMENT_3D('',#8077,#6293,#6294);
#5687=AXIS2_PLACEMENT_3D('',#8078,#6295,#6296);
#5688=AXIS2_PLACEMENT_3D('',#8080,#6297,#6298);
#5689=AXIS2_PLACEMENT_3D('',#8082,#6299,#6300);
#5690=AXIS2_PLACEMENT_3D('',#8100,#6302,#6303);
#5691=AXIS2_PLACEMENT_3D('',#8102,#6305,#6306);
#5692=AXIS2_PLACEMENT_3D('',#8108,#6310,#6311);
#5693=AXIS2_PLACEMENT_3D('',#8110,#6312,#6313);
#5694=AXIS2_PLACEMENT_3D('',#8124,#6315,#6316);
#5695=AXIS2_PLACEMENT_3D('',#8126,#6318,#6319);
#5696=AXIS2_PLACEMENT_3D('',#8131,#6322,#6323);
#5697=AXIS2_PLACEMENT_3D('',#8132,#6324,#6325);
#5698=AXIS2_PLACEMENT_3D('',#8136,#6328,#6329);
#5699=AXIS2_PLACEMENT_3D('',#8138,#6331,#6332);
#5700=AXIS2_PLACEMENT_3D('',#8140,#6334,#6335);
#5701=AXIS2_PLACEMENT_3D('',#8141,#6336,#6337);
#5702=AXIS2_PLACEMENT_3D('',#8143,#6338,#6339);
#5703=AXIS2_PLACEMENT_3D('',#8146,#6341,#6342);
#5704=AXIS2_PLACEMENT_3D('',#8147,#6343,#6344);
#5705=AXIS2_PLACEMENT_3D('',#8148,#6345,#6346);
#5706=AXIS2_PLACEMENT_3D('',#8150,#6347,#6348);
#5707=AXIS2_PLACEMENT_3D('',#8153,#6350,#6351);
#5708=AXIS2_PLACEMENT_3D('',#8154,#6352,#6353);
#5709=AXIS2_PLACEMENT_3D('',#8155,#6354,#6355);
#5710=AXIS2_PLACEMENT_3D('',#8157,#6356,#6357);
#5711=AXIS2_PLACEMENT_3D('',#8158,#6358,#6359);
#5712=AXIS2_PLACEMENT_3D('',#8161,#6361,#6362);
#5713=AXIS2_PLACEMENT_3D('',#8162,#6363,#6364);
#5714=AXIS2_PLACEMENT_3D('',#8164,#6365,#6366);
#5715=AXIS2_PLACEMENT_3D('',#8165,#6367,#6368);
#5716=AXIS2_PLACEMENT_3D('',#8168,#6370,#6371);
#5717=AXIS2_PLACEMENT_3D('',#8169,#6372,#6373);
#5718=AXIS2_PLACEMENT_3D('',#8178,#6378,#6379);
#5719=AXIS2_PLACEMENT_3D('',#8187,#6384,#6385);
#5720=AXIS2_PLACEMENT_3D('',#8193,#6389,#6390);
#5721=AXIS2_PLACEMENT_3D('',#8201,#6395,#6396);
#5722=AXIS2_PLACEMENT_3D('',#8202,#6397,#6398);
#5723=AXIS2_PLACEMENT_3D('',#8209,#6403,#6404);
#5724=AXIS2_PLACEMENT_3D('',#8218,#6409,#6410);
#5725=AXIS2_PLACEMENT_3D('',#8227,#6415,#6416);
#5726=AXIS2_PLACEMENT_3D('',#8233,#6420,#6421);
#5727=AXIS2_PLACEMENT_3D('',#8255,#6433,#6434);
#5728=AXIS2_PLACEMENT_3D('',#8263,#6439,#6440);
#5729=AXIS2_PLACEMENT_3D('',#8264,#6441,#6442);
#5730=AXIS2_PLACEMENT_3D('',#8273,#6447,#6448);
#5731=AXIS2_PLACEMENT_3D('',#8282,#6453,#6454);
#5732=AXIS2_PLACEMENT_3D('',#8288,#6458,#6459);
#5733=AXIS2_PLACEMENT_3D('',#8293,#6461,#6462);
#5734=AXIS2_PLACEMENT_3D('',#8301,#6466,#6467);
#5735=AXIS2_PLACEMENT_3D('',#8309,#6474,#6475);
#5736=AXIS2_PLACEMENT_3D('',#8315,#6479,#6480);
#5737=AXIS2_PLACEMENT_3D('',#8321,#6484,#6485);
#5738=AXIS2_PLACEMENT_3D('',#8325,#6487,#6488);
#5739=AXIS2_PLACEMENT_3D('',#8327,#6489,#6490);
#5740=AXIS2_PLACEMENT_3D('',#8331,#6492,#6493);
#5741=AXIS2_PLACEMENT_3D('',#8333,#6494,#6495);
#5742=AXIS2_PLACEMENT_3D('',#8337,#6498,#6499);
#5743=AXIS2_PLACEMENT_3D('',#8344,#6503,#6504);
#5744=AXIS2_PLACEMENT_3D('',#8383,#6505,#6506);
#5745=AXIS2_PLACEMENT_3D('',#8389,#6510,#6511);
#5746=AXIS2_PLACEMENT_3D('',#8398,#6516,#6517);
#5747=AXIS2_PLACEMENT_3D('',#8407,#6522,#6523);
#5748=AXIS2_PLACEMENT_3D('',#8410,#6526,#6527);
#5749=AXIS2_PLACEMENT_3D('',#8417,#6532,#6533);
#5750=AXIS2_PLACEMENT_3D('',#8420,#6536,#6537);
#5751=AXIS2_PLACEMENT_3D('',#8427,#6541,#6542);
#5752=AXIS2_PLACEMENT_3D('',#8428,#6543,#6544);
#5753=AXIS2_PLACEMENT_3D('',#8434,#6548,#6549);
#5754=AXIS2_PLACEMENT_3D('',#8438,#6551,#6552);
#5755=AXIS2_PLACEMENT_3D('',#8440,#6553,#6554);
#5756=AXIS2_PLACEMENT_3D('',#8444,#6556,#6557);
#5757=AXIS2_PLACEMENT_3D('',#8446,#6558,#6559);
#5758=AXIS2_PLACEMENT_3D('',#8448,#6561,#6562);
#5759=AXIS2_PLACEMENT_3D('',#8463,#6565,#6566);
#5760=AXIS2_PLACEMENT_3D('',#8471,#6571,#6572);
#5761=AXIS2_PLACEMENT_3D('',#8490,#6574,#6575);
#5762=AXIS2_PLACEMENT_3D('',#8499,#6576,#6577);
#5763=AXIS2_PLACEMENT_3D('',#8505,#6581,#6582);
#5764=AXIS2_PLACEMENT_3D('',#8509,#6585,#6586);
#5765=AXIS2_PLACEMENT_3D('',#8513,#6589,#6590);
#5766=AXIS2_PLACEMENT_3D('',#8515,#6592,#6593);
#5767=AXIS2_PLACEMENT_3D('',#8516,#6594,#6595);
#5768=AXIS2_PLACEMENT_3D('',#8542,#6597,#6598);
#5769=AXIS2_PLACEMENT_3D('',#8544,#6600,#6601);
#5770=AXIS2_PLACEMENT_3D('',#8546,#6603,#6604);
#5771=AXIS2_PLACEMENT_3D('',#8547,#6605,#6606);
#5772=AXIS2_PLACEMENT_3D('',#8549,#6608,#6609);
#5773=AXIS2_PLACEMENT_3D('',#8551,#6611,#6612);
#5774=AXIS2_PLACEMENT_3D('',#8553,#6614,#6615);
#5775=AXIS2_PLACEMENT_3D('',#8554,#6616,#6617);
#5776=AXIS2_PLACEMENT_3D('',#8556,#6619,#6620);
#5777=AXIS2_PLACEMENT_3D('',#8560,#6623,#6624);
#5778=AXIS2_PLACEMENT_3D('',#8564,#6627,#6628);
#5779=AXIS2_PLACEMENT_3D('',#8566,#6630,#6631);
#5780=AXIS2_PLACEMENT_3D('',#8567,#6632,#6633);
#5781=AXIS2_PLACEMENT_3D('',#8573,#6637,#6638);
#5782=AXIS2_PLACEMENT_3D('',#8575,#6640,#6641);
#5783=AXIS2_PLACEMENT_3D('',#8637,#6645,#6646);
#5784=AXIS2_PLACEMENT_3D('',#8638,#6647,#6648);
#5785=AXIS2_PLACEMENT_3D('',#8639,#6649,#6650);
#5786=AXIS2_PLACEMENT_3D('',#8675,#6654,#6655);
#5787=AXIS2_PLACEMENT_3D('',#8676,#6656,#6657);
#5788=AXIS2_PLACEMENT_3D('',#8680,#6660,#6661);
#5789=AXIS2_PLACEMENT_3D('',#8684,#6664,#6665);
#5790=AXIS2_PLACEMENT_3D('',#8744,#6668,#6669);
#5791=AXIS2_PLACEMENT_3D('',#8745,#6670,#6671);
#5792=AXIS2_PLACEMENT_3D('',#8746,#6672,#6673);
#5793=AXIS2_PLACEMENT_3D('',#8769,#6676,#6677);
#5794=AXIS2_PLACEMENT_3D('',#8806,#6678,#6679);
#5795=AXIS2_PLACEMENT_3D('',#8809,#6682,#6683);
#5796=AXIS2_PLACEMENT_3D('',#8840,#6684,#6685);
#5797=AXIS2_PLACEMENT_3D('',#8841,#6686,#6687);
#5798=AXIS2_PLACEMENT_3D('',#8842,#6688,#6689);
#5799=AXIS2_PLACEMENT_3D('',#8843,#6690,#6691);
#5800=AXIS2_PLACEMENT_3D('',#8854,#6697,#6698);
#5801=AXIS2_PLACEMENT_3D('',#8865,#6704,#6705);
#5802=AXIS2_PLACEMENT_3D('',#8868,#6708,#6709);
#5803=AXIS2_PLACEMENT_3D('',#8879,#6715,#6716);
#5804=AXIS2_PLACEMENT_3D('',#8890,#6722,#6723);
#5805=AXIS2_PLACEMENT_3D('',#8893,#6726,#6727);
#5806=AXIS2_PLACEMENT_3D('',#8904,#6733,#6734);
#5807=AXIS2_PLACEMENT_3D('',#8910,#6738,#6739);
#5808=AXIS2_PLACEMENT_3D('',#8918,#6744,#6745);
#5809=AXIS2_PLACEMENT_3D('',#8929,#6751,#6752);
#5810=AXIS2_PLACEMENT_3D('',#8935,#6756,#6757);
#5811=AXIS2_PLACEMENT_3D('',#8943,#6762,#6763);
#5812=AXIS2_PLACEMENT_3D('',#8945,#6764,#6765);
#5813=AXIS2_PLACEMENT_3D('',#8948,#6767,#6768);
#5814=AXIS2_PLACEMENT_3D('',#8949,#6769,#6770);
#5815=AXIS2_PLACEMENT_3D('',#8951,#6771,#6772);
#5816=AXIS2_PLACEMENT_3D('',#8954,#6774,#6775);
#5817=AXIS2_PLACEMENT_3D('',#8955,#6776,#6777);
#5818=AXIS2_PLACEMENT_3D('',#8957,#6778,#6779);
#5819=AXIS2_PLACEMENT_3D('',#8960,#6781,#6782);
#5820=AXIS2_PLACEMENT_3D('',#8961,#6783,#6784);
#5821=AXIS2_PLACEMENT_3D('',#8963,#6785,#6786);
#5822=AXIS2_PLACEMENT_3D('',#8966,#6788,#6789);
#5823=AXIS2_PLACEMENT_3D('',#8967,#6790,#6791);
#5824=AXIS2_PLACEMENT_3D('',#8986,#6801,#6802);
#5825=AXIS2_PLACEMENT_3D('',#8990,#6804,#6805);
#5826=AXIS2_PLACEMENT_3D('',#8994,#6807,#6808);
#5827=AXIS2_PLACEMENT_3D('',#8998,#6810,#6811);
#5828=AXIS2_PLACEMENT_3D('',#9002,#6813,#6814);
#5829=AXIS2_PLACEMENT_3D('',#9005,#6816,#6817);
#5830=AXIS2_PLACEMENT_3D('',#9007,#6818,#6819);
#5831=AXIS2_PLACEMENT_3D('',#9009,#6820,#6821);
#5832=AXIS2_PLACEMENT_3D('',#9011,#6822,#6823);
#5833=AXIS2_PLACEMENT_3D('',#9013,#6824,#6825);
#5834=AXIS2_PLACEMENT_3D('',#9014,#6826,#6827);
#5835=AXIS2_PLACEMENT_3D('',#9028,#6835,#6836);
#5836=AXIS2_PLACEMENT_3D('',#9032,#6839,#6840);
#5837=AXIS2_PLACEMENT_3D('',#9042,#6846,#6847);
#5838=AXIS2_PLACEMENT_3D('',#9048,#6851,#6852);
#5839=AXIS2_PLACEMENT_3D('',#9055,#6857,#6858);
#5840=AXIS2_PLACEMENT_3D('',#9058,#6860,#6861);
#5841=AXIS2_PLACEMENT_3D('',#9059,#6862,#6863);
#5842=AXIS2_PLACEMENT_3D('',#9061,#6865,#6866);
#5843=AXIS2_PLACEMENT_3D('',#9063,#6867,#6868);
#5844=AXIS2_PLACEMENT_3D('',#9064,#6869,#6870);
#5845=AXIS2_PLACEMENT_3D('',#9070,#6874,#6875);
#5846=AXIS2_PLACEMENT_3D('',#9076,#6879,#6880);
#5847=AXIS2_PLACEMENT_3D('',#9078,#6881,#6882);
#5848=AXIS2_PLACEMENT_3D('',#9081,#6884,#6885);
#5849=AXIS2_PLACEMENT_3D('',#9083,#6886,#6887);
#5850=AXIS2_PLACEMENT_3D('',#9085,#6888,#6889);
#5851=AXIS2_PLACEMENT_3D('',#9087,#6890,#6891);
#5852=AXIS2_PLACEMENT_3D('',#9088,#6892,#6893);
#5853=AXIS2_PLACEMENT_3D('',#9090,#6894,#6895);
#5854=AXIS2_PLACEMENT_3D('',#9092,#6896,#6897);
#5855=AXIS2_PLACEMENT_3D('',#9093,#6898,#6899);
#5856=AXIS2_PLACEMENT_3D('',#9094,#6900,#6901);
#5857=AXIS2_PLACEMENT_3D('',#9096,#6903,#6904);
#5858=AXIS2_PLACEMENT_3D('',#9097,#6905,#6906);
#5859=AXIS2_PLACEMENT_3D('',#9099,#6908,#6909);
#5860=AXIS2_PLACEMENT_3D('',#9102,#6911,#6912);
#5861=AXIS2_PLACEMENT_3D('',#9103,#6913,#6914);
#5862=AXIS2_PLACEMENT_3D('',#9106,#6915,#6916);
#5863=AXIS2_PLACEMENT_3D('',#9110,#6918,#6919);
#5864=AXIS2_PLACEMENT_3D('',#9114,#6921,#6922);
#5865=AXIS2_PLACEMENT_3D('',#9118,#6924,#6925);
#5866=AXIS2_PLACEMENT_3D('',#9122,#6927,#6928);
#5867=AXIS2_PLACEMENT_3D('',#9126,#6930,#6931);
#5868=AXIS2_PLACEMENT_3D('',#9128,#6933,#6934);
#5869=AXIS2_PLACEMENT_3D('',#9131,#6937,#6938);
#5870=AXIS2_PLACEMENT_3D('',#9133,#6940,#6941);
#5871=AXIS2_PLACEMENT_3D('',#9135,#6943,#6944);
#5872=AXIS2_PLACEMENT_3D('',#9137,#6946,#6947);
#5873=AXIS2_PLACEMENT_3D('',#9139,#6949,#6950);
#5874=AXIS2_PLACEMENT_3D('',#9141,#6952,#6953);
#5875=AXIS2_PLACEMENT_3D('',#9143,#6955,#6956);
#5876=AXIS2_PLACEMENT_3D('',#9145,#6958,#6959);
#5877=AXIS2_PLACEMENT_3D('',#9147,#6961,#6962);
#5878=AXIS2_PLACEMENT_3D('',#9149,#6964,#6965);
#5879=AXIS2_PLACEMENT_3D('',#9151,#6967,#6968);
#5880=AXIS2_PLACEMENT_3D('',#9152,#6969,#6970);
#5881=AXIS2_PLACEMENT_3D('',#9154,#6971,#6972);
#5882=AXIS2_PLACEMENT_3D('',#9155,#6973,#6974);
#5883=AXIS2_PLACEMENT_3D('',#9157,#6976,#6977);
#5884=AXIS2_PLACEMENT_3D('',#9159,#6978,#6979);
#5885=AXIS2_PLACEMENT_3D('',#9160,#6980,#6981);
#5886=AXIS2_PLACEMENT_3D('',#9162,#6983,#6984);
#5887=AXIS2_PLACEMENT_3D('',#9164,#6985,#6986);
#5888=AXIS2_PLACEMENT_3D('',#9165,#6987,#6988);
#5889=AXIS2_PLACEMENT_3D('',#9167,#6990,#6991);
#5890=AXIS2_PLACEMENT_3D('',#9169,#6992,#6993);
#5891=AXIS2_PLACEMENT_3D('',#9170,#6994,#6995);
#5892=AXIS2_PLACEMENT_3D('',#9172,#6997,#6998);
#5893=AXIS2_PLACEMENT_3D('',#9174,#6999,#7000);
#5894=AXIS2_PLACEMENT_3D('',#9175,#7001,#7002);
#5895=AXIS2_PLACEMENT_3D('',#9177,#7004,#7005);
#5896=AXIS2_PLACEMENT_3D('',#9179,#7006,#7007);
#5897=AXIS2_PLACEMENT_3D('',#9180,#7008,#7009);
#5898=AXIS2_PLACEMENT_3D('',#9182,#7011,#7012);
#5899=AXIS2_PLACEMENT_3D('',#9184,#7013,#7014);
#5900=AXIS2_PLACEMENT_3D('',#9185,#7015,#7016);
#5901=AXIS2_PLACEMENT_3D('',#9187,#7018,#7019);
#5902=AXIS2_PLACEMENT_3D('',#9189,#7020,#7021);
#5903=AXIS2_PLACEMENT_3D('',#9190,#7022,#7023);
#5904=AXIS2_PLACEMENT_3D('',#9192,#7025,#7026);
#5905=AXIS2_PLACEMENT_3D('',#9194,#7027,#7028);
#5906=AXIS2_PLACEMENT_3D('',#9196,#7029,#7030);
#5907=AXIS2_PLACEMENT_3D('',#9197,#7031,#7032);
#5908=AXIS2_PLACEMENT_3D('',#9201,#7035,#7036);
#5909=AXIS2_PLACEMENT_3D('',#9203,#7038,#7039);
#5910=AXIS2_PLACEMENT_3D('',#9204,#7040,#7041);
#5911=AXIS2_PLACEMENT_3D('',#9210,#7045,#7046);
#5912=AXIS2_PLACEMENT_3D('',#9216,#7050,#7051);
#5913=AXIS2_PLACEMENT_3D('',#9219,#7054,#7055);
#5914=AXIS2_PLACEMENT_3D('',#9220,#7056,#7057);
#5915=AXIS2_PLACEMENT_3D('',#9221,#7058,#7059);
#5916=AXIS2_PLACEMENT_3D('',#9227,#7063,#7064);
#5917=AXIS2_PLACEMENT_3D('',#9233,#7068,#7069);
#5918=AXIS2_PLACEMENT_3D('',#9236,#7072,#7073);
#5919=AXIS2_PLACEMENT_3D('',#9237,#7074,#7075);
#5920=AXIS2_PLACEMENT_3D('',#9238,#7076,#7077);
#5921=AXIS2_PLACEMENT_3D('',#9244,#7081,#7082);
#5922=AXIS2_PLACEMENT_3D('',#9250,#7086,#7087);
#5923=AXIS2_PLACEMENT_3D('',#9253,#7090,#7091);
#5924=AXIS2_PLACEMENT_3D('',#9254,#7092,#7093);
#5925=AXIS2_PLACEMENT_3D('',#9255,#7094,#7095);
#5926=AXIS2_PLACEMENT_3D('',#9261,#7099,#7100);
#5927=AXIS2_PLACEMENT_3D('',#9267,#7104,#7105);
#5928=AXIS2_PLACEMENT_3D('',#9270,#7108,#7109);
#5929=AXIS2_PLACEMENT_3D('',#9271,#7110,#7111);
#5930=AXIS2_PLACEMENT_3D('',#9272,#7112,#7113);
#5931=AXIS2_PLACEMENT_3D('',#9274,#7114,#7115);
#5932=AXIS2_PLACEMENT_3D('',#9277,#7117,#7118);
#5933=AXIS2_PLACEMENT_3D('',#9278,#7119,#7120);
#5934=AXIS2_PLACEMENT_3D('',#9280,#7121,#7122);
#5935=AXIS2_PLACEMENT_3D('',#9281,#7123,#7124);
#5936=AXIS2_PLACEMENT_3D('',#9283,#7125,#7126);
#5937=AXIS2_PLACEMENT_3D('',#9286,#7128,#7129);
#5938=AXIS2_PLACEMENT_3D('',#9287,#7130,#7131);
#5939=AXIS2_PLACEMENT_3D('',#9289,#7132,#7133);
#5940=AXIS2_PLACEMENT_3D('',#9290,#7134,#7135);
#5941=AXIS2_PLACEMENT_3D('',#9292,#7136,#7137);
#5942=AXIS2_PLACEMENT_3D('',#9295,#7139,#7140);
#5943=AXIS2_PLACEMENT_3D('',#9296,#7141,#7142);
#5944=AXIS2_PLACEMENT_3D('',#9298,#7143,#7144);
#5945=AXIS2_PLACEMENT_3D('',#9299,#7145,#7146);
#5946=AXIS2_PLACEMENT_3D('',#9301,#7147,#7148);
#5947=AXIS2_PLACEMENT_3D('',#9304,#7150,#7151);
#5948=AXIS2_PLACEMENT_3D('',#9305,#7152,#7153);
#5949=AXIS2_PLACEMENT_3D('',#9307,#7154,#7155);
#5950=AXIS2_PLACEMENT_3D('',#9308,#7156,#7157);
#5951=AXIS2_PLACEMENT_3D('',#9311,#7159,#7160);
#5952=AXIS2_PLACEMENT_3D('',#9312,#7161,#7162);
#5953=AXIS2_PLACEMENT_3D('',#9315,#7164,#7165);
#5954=AXIS2_PLACEMENT_3D('',#9316,#7166,#7167);
#5955=AXIS2_PLACEMENT_3D('',#9319,#7169,#7170);
#5956=AXIS2_PLACEMENT_3D('',#9320,#7171,#7172);
#5957=AXIS2_PLACEMENT_3D('',#9323,#7174,#7175);
#5958=AXIS2_PLACEMENT_3D('',#9324,#7176,#7177);
#5959=AXIS2_PLACEMENT_3D('',#9334,#7182,#7183);
#5960=AXIS2_PLACEMENT_3D('',#9335,#7184,#7185);
#5961=AXIS2_PLACEMENT_3D('',#9341,#7189,#7190);
#5962=AXIS2_PLACEMENT_3D('',#9345,#7193,#7194);
#5963=AXIS2_PLACEMENT_3D('',#9347,#7195,#7196);
#5964=AXIS2_PLACEMENT_3D('',#9348,#7197,#7198);
#5965=AXIS2_PLACEMENT_3D('',#9349,#7199,#7200);
#5966=AXIS2_PLACEMENT_3D('',#9353,#7203,#7204);
#5967=AXIS2_PLACEMENT_3D('',#9355,#7206,#7207);
#5968=AXIS2_PLACEMENT_3D('',#9356,#7208,#7209);
#5969=AXIS2_PLACEMENT_3D('',#9357,#7210,#7211);
#5970=AXIS2_PLACEMENT_3D('',#9359,#7212,#7213);
#5971=AXIS2_PLACEMENT_3D('',#9362,#7215,#7216);
#5972=AXIS2_PLACEMENT_3D('',#9363,#7217,#7218);
#5973=AXIS2_PLACEMENT_3D('',#9364,#7219,#7220);
#5974=AXIS2_PLACEMENT_3D('',#9366,#7221,#7222);
#5975=AXIS2_PLACEMENT_3D('',#9369,#7224,#7225);
#5976=AXIS2_PLACEMENT_3D('',#9370,#7226,#7227);
#5977=AXIS2_PLACEMENT_3D('',#9371,#7228,#7229);
#5978=AXIS2_PLACEMENT_3D('',#9373,#7230,#7231);
#5979=AXIS2_PLACEMENT_3D('',#9376,#7233,#7234);
#5980=AXIS2_PLACEMENT_3D('',#9377,#7235,#7236);
#5981=AXIS2_PLACEMENT_3D('',#9378,#7237,#7238);
#5982=AXIS2_PLACEMENT_3D('',#9380,#7239,#7240);
#5983=AXIS2_PLACEMENT_3D('',#9383,#7242,#7243);
#5984=AXIS2_PLACEMENT_3D('',#9384,#7244,#7245);
#5985=AXIS2_PLACEMENT_3D('',#9385,#7246,#7247);
#5986=AXIS2_PLACEMENT_3D('',#9398,#7254,#7255);
#5987=AXIS2_PLACEMENT_3D('',#9404,#7259,#7260);
#5988=AXIS2_PLACEMENT_3D('',#9406,#7262,#7263);
#5989=AXIS2_PLACEMENT_3D('',#9410,#7266,#7267);
#5990=AXIS2_PLACEMENT_3D('',#9413,#7268,#7269);
#5991=AXIS2_PLACEMENT_3D('',#9417,#7271,#7272);
#5992=AXIS2_PLACEMENT_3D('',#9421,#7274,#7275);
#5993=AXIS2_PLACEMENT_3D('',#9425,#7277,#7278);
#5994=AXIS2_PLACEMENT_3D('',#9437,#7284,#7285);
#5995=AXIS2_PLACEMENT_3D('',#9439,#7287,#7288);
#5996=AXIS2_PLACEMENT_3D('',#9448,#7293,#7294);
#5997=AXIS2_PLACEMENT_3D('',#9451,#7297,#7298);
#5998=AXIS2_PLACEMENT_3D('',#9453,#7300,#7301);
#5999=AXIS2_PLACEMENT_3D('',#9455,#7303,#7304);
#6000=AXIS2_PLACEMENT_3D('',#9456,#7305,#7306);
#6001=AXIS2_PLACEMENT_3D('',#9464,#7310,#7311);
#6002=AXIS2_PLACEMENT_3D('',#9468,#7313,#7314);
#6003=AXIS2_PLACEMENT_3D('',#9472,#7316,#7317);
#6004=AXIS2_PLACEMENT_3D('',#9475,#7319,#7320);
#6005=AXIS2_PLACEMENT_3D('',#9476,#7321,#7322);
#6006=AXIS2_PLACEMENT_3D('',#9479,#7323,#7324);
#6007=AXIS2_PLACEMENT_3D('',#9483,#7326,#7327);
#6008=AXIS2_PLACEMENT_3D('',#9487,#7329,#7330);
#6009=AXIS2_PLACEMENT_3D('',#9491,#7332,#7333);
#6010=AXIS2_PLACEMENT_3D('',#9497,#7336,#7337);
#6011=AXIS2_PLACEMENT_3D('',#9501,#7339,#7340);
#6012=AXIS2_PLACEMENT_3D('',#9505,#7342,#7343);
#6013=AXIS2_PLACEMENT_3D('',#9508,#7345,#7346);
#6014=AXIS2_PLACEMENT_3D('',#9509,#7347,#7348);
#6015=AXIS2_PLACEMENT_3D('',#9512,#7351,#7352);
#6016=AXIS2_PLACEMENT_3D('',#9514,#7354,#7355);
#6017=AXIS2_PLACEMENT_3D('',#9516,#7357,#7358);
#6018=AXIS2_PLACEMENT_3D('',#9518,#7360,#7361);
#6019=AXIS2_PLACEMENT_3D('',#9520,#7363,#7364);
#6020=AXIS2_PLACEMENT_3D('',#9522,#7366,#7367);
#6021=AXIS2_PLACEMENT_3D('',#9524,#7369,#7370);
#6022=AXIS2_PLACEMENT_3D('',#9525,#7371,#7372);
#6023=AXIS2_PLACEMENT_3D('',#9528,#7375,#7376);
#6024=AXIS2_PLACEMENT_3D('',#9530,#7378,#7379);
#6025=AXIS2_PLACEMENT_3D('',#9532,#7381,#7382);
#6026=AXIS2_PLACEMENT_3D('',#9534,#7384,#7385);
#6027=AXIS2_PLACEMENT_3D('',#9536,#7387,#7388);
#6028=AXIS2_PLACEMENT_3D('',#9538,#7390,#7391);
#6029=AXIS2_PLACEMENT_3D('',#9540,#7393,#7394);
#6030=AXIS2_PLACEMENT_3D('',#9541,#7395,#7396);
#6031=AXIS2_PLACEMENT_3D('',#9542,#7397,#7398);
#6032=AXIS2_PLACEMENT_3D('',#9543,#7399,#7400);
#6033=AXIS2_PLACEMENT_3D('',#9544,#7401,#7402);
#6034=AXIS2_PLACEMENT_3D('',#9546,#7404,#7405);
#6035=AXIS2_PLACEMENT_3D('',#9548,#7407,#7408);
#6036=AXIS2_PLACEMENT_3D('',#9549,#7409,#7410);
#6037=AXIS2_PLACEMENT_3D('',#9550,#7411,#7412);
#6038=AXIS2_PLACEMENT_3D('',#9552,#7413,#7414);
#6039=AXIS2_PLACEMENT_3D('',#9555,#7416,#7417);
#6040=AXIS2_PLACEMENT_3D('',#9556,#7418,#7419);
#6041=AXIS2_PLACEMENT_3D('',#9557,#7420,#7421);
#6042=AXIS2_PLACEMENT_3D('',#9559,#7422,#7423);
#6043=AXIS2_PLACEMENT_3D('',#9562,#7425,#7426);
#6044=AXIS2_PLACEMENT_3D('',#9563,#7427,#7428);
#6045=AXIS2_PLACEMENT_3D('',#9564,#7429,#7430);
#6046=AXIS2_PLACEMENT_3D('',#9566,#7431,#7432);
#6047=AXIS2_PLACEMENT_3D('',#9569,#7434,#7435);
#6048=AXIS2_PLACEMENT_3D('',#9570,#7436,#7437);
#6049=AXIS2_PLACEMENT_3D('',#9571,#7438,#7439);
#6050=AXIS2_PLACEMENT_3D('',#9573,#7440,#7441);
#6051=AXIS2_PLACEMENT_3D('',#9576,#7443,#7444);
#6052=AXIS2_PLACEMENT_3D('',#9577,#7445,#7446);
#6053=AXIS2_PLACEMENT_3D('',#9578,#7447,#7448);
#6054=AXIS2_PLACEMENT_3D('',#9591,#7455,#7456);
#6055=AXIS2_PLACEMENT_3D('',#9597,#7460,#7461);
#6056=AXIS2_PLACEMENT_3D('',#9601,#7464,#7465);
#6057=AXIS2_PLACEMENT_3D('',#9603,#7467,#7468);
#6058=AXIS2_PLACEMENT_3D('',#9606,#7469,#7470);
#6059=AXIS2_PLACEMENT_3D('',#9608,#7472,#7473);
#6060=AXIS2_PLACEMENT_3D('',#9609,#7474,#7475);
#6061=AXIS2_PLACEMENT_3D('',#9610,#7476,#7477);
#6062=AXIS2_PLACEMENT_3D('',#9613,#7478,#7479);
#6063=AXIS2_PLACEMENT_3D('',#9617,#7481,#7482);
#6064=AXIS2_PLACEMENT_3D('',#9619,#7484,#7485);
#6065=AXIS2_PLACEMENT_3D('',#9625,#7489,#7490);
#6066=AXIS2_PLACEMENT_3D('',#9627,#7491,#7492);
#6067=AXIS2_PLACEMENT_3D('',#9630,#7494,#7495);
#6068=AXIS2_PLACEMENT_3D('',#9631,#7496,#7497);
#6069=AXIS2_PLACEMENT_3D('',#9637,#7501,#7502);
#6070=AXIS2_PLACEMENT_3D('',#9639,#7503,#7504);
#6071=AXIS2_PLACEMENT_3D('',#9642,#7506,#7507);
#6072=AXIS2_PLACEMENT_3D('',#9643,#7508,#7509);
#6073=AXIS2_PLACEMENT_3D('',#9649,#7513,#7514);
#6074=AXIS2_PLACEMENT_3D('',#9651,#7515,#7516);
#6075=AXIS2_PLACEMENT_3D('',#9654,#7518,#7519);
#6076=AXIS2_PLACEMENT_3D('',#9655,#7520,#7521);
#6077=AXIS2_PLACEMENT_3D('',#9658,#7524,#7525);
#6078=AXIS2_PLACEMENT_3D('',#9667,#7530,#7531);
#6079=AXIS2_PLACEMENT_3D('',#9669,#7532,#7533);
#6080=AXIS2_PLACEMENT_3D('',#9672,#7535,#7536);
#6081=AXIS2_PLACEMENT_3D('',#9673,#7537,#7538);
#6082=AXIS2_PLACEMENT_3D('',#9679,#7542,#7543);
#6083=AXIS2_PLACEMENT_3D('',#9681,#7544,#7545);
#6084=AXIS2_PLACEMENT_3D('',#9684,#7547,#7548);
#6085=AXIS2_PLACEMENT_3D('',#9685,#7549,#7550);
#6086=AXIS2_PLACEMENT_3D('',#9691,#7554,#7555);
#6087=AXIS2_PLACEMENT_3D('',#9693,#7556,#7557);
#6088=AXIS2_PLACEMENT_3D('',#9696,#7559,#7560);
#6089=AXIS2_PLACEMENT_3D('',#9697,#7561,#7562);
#6090=AXIS2_PLACEMENT_3D('',#9703,#7566,#7567);
#6091=AXIS2_PLACEMENT_3D('',#9704,#7568,#7569);
#6092=AXIS2_PLACEMENT_3D('',#9705,#7570,#7571);
#6093=AXIS2_PLACEMENT_3D('',#9706,#7572,#7573);
#6094=AXIS2_PLACEMENT_3D('',#9707,#7574,#7575);
#6095=AXIS2_PLACEMENT_3D('',#9711,#7578,#7579);
#6096=AXIS2_PLACEMENT_3D('',#9720,#7584,#7585);
#6097=AXIS2_PLACEMENT_3D('',#9726,#7589,#7590);
#6098=AXIS2_PLACEMENT_3D('',#9732,#7594,#7595);
#6099=AXIS2_PLACEMENT_3D('',#9735,#7598,#7599);
#6100=AXIS2_PLACEMENT_3D('',#9736,#7600,#7601);
#6101=AXIS2_PLACEMENT_3D('',#9737,#7602,#7603);
#6102=AXIS2_PLACEMENT_3D('',#9739,#7605,#7606);
#6103=AXIS2_PLACEMENT_3D('',#9741,#7608,#7609);
#6104=AXIS2_PLACEMENT_3D('',#9742,#7610,#7611);
#6105=AXIS2_PLACEMENT_3D('',#9745,#7612,#7613);
#6106=AXIS2_PLACEMENT_3D('',#9746,#7614,#7615);
#6107=AXIS2_PLACEMENT_3D('',#9747,#7616,#7617);
#6108=AXIS2_PLACEMENT_3D('',#9748,#7618,#7619);
#6109=AXIS2_PLACEMENT_3D('',#9749,#7620,#7621);
#6110=AXIS2_PLACEMENT_3D('',#9750,#7622,#7623);
#6111=AXIS2_PLACEMENT_3D('',#9751,#7624,#7625);
#6112=DIRECTION('axis',(0.,0.,1.));
#6113=DIRECTION('refdir',(1.,0.,0.));
#6114=DIRECTION('axis',(0.,0.,1.));
#6115=DIRECTION('refdir',(1.,0.,0.));
#6116=DIRECTION('axis',(0.,0.,1.));
#6117=DIRECTION('refdir',(1.,0.,0.));
#6118=DIRECTION('axis',(0.,0.,1.));
#6119=DIRECTION('refdir',(1.,0.,0.));
#6120=DIRECTION('center_axis',(1.,0.,-4.46519081087077E-16));
#6121=DIRECTION('ref_axis',(-4.46519081087077E-16,0.,-1.));
#6122=DIRECTION('center_axis',(1.,0.,-4.46519081087077E-16));
#6123=DIRECTION('ref_axis',(0.,-1.,-1.02320455327602E-50));
#6124=DIRECTION('center_axis',(-1.,0.,0.));
#6125=DIRECTION('ref_axis',(0.,-1.,-1.02320455327602E-50));
#6126=DIRECTION('',(-1.,0.,0.));
#6127=DIRECTION('center_axis',(1.,0.,-4.46519081087077E-16));
#6128=DIRECTION('ref_axis',(0.,-1.,-1.02320455327602E-50));
#6129=DIRECTION('center_axis',(1.,0.,-4.46519081087077E-16));
#6130=DIRECTION('ref_axis',(-4.46519081087077E-16,0.,-1.));
#6131=DIRECTION('center_axis',(1.,0.,-4.46519081087077E-16));
#6132=DIRECTION('ref_axis',(0.,-1.,-1.02320455327602E-50));
#6133=DIRECTION('center_axis',(-1.,0.,0.));
#6134=DIRECTION('ref_axis',(0.,-1.,-1.02320455327602E-50));
#6135=DIRECTION('',(-1.,0.,0.));
#6136=DIRECTION('center_axis',(1.,0.,-4.46519081087077E-16));
#6137=DIRECTION('ref_axis',(0.,-1.,-1.02320455327602E-50));
#6138=DIRECTION('',(0.,0.,-1.));
#6139=DIRECTION('',(0.,0.,-1.));
#6140=DIRECTION('center_axis',(0.999990720663102,-0.00430796793039833,0.));
#6141=DIRECTION('ref_axis',(-0.00430796793039833,-0.999990720663102,-1.03069865311974E-19));
#6142=DIRECTION('center_axis',(-1.,0.,0.));
#6143=DIRECTION('ref_axis',(7.96044711629899E-12,0.803007326736946,-0.59596915457663));
#6144=DIRECTION('',(-0.00430796793039833,-0.999990720663102,-1.11021272249168E-16));
#6145=DIRECTION('',(2.94472839551474E-32,-2.91949010853491E-43,1.));
#6146=DIRECTION('center_axis',(9.91429332831419E-12,1.,0.));
#6147=DIRECTION('ref_axis',(1.,-9.91429332831419E-12,0.));
#6148=DIRECTION('',(1.,-9.91429332831418E-12,0.));
#6149=DIRECTION('',(-4.46519081087077E-16,4.42692114658659E-27,-1.));
#6150=DIRECTION('',(1.,-9.91429332831419E-12,0.));
#6151=DIRECTION('center_axis',(1.,-9.91429332831419E-12,0.));
#6152=DIRECTION('ref_axis',(7.96044711629899E-12,0.803007326736946,-0.59596915457663));
#6153=DIRECTION('',(1.,0.,0.));
#6154=DIRECTION('center_axis',(-1.,0.,4.46519081087077E-16));
#6155=DIRECTION('ref_axis',(7.96044711629899E-12,0.803007326736946,-0.59596915457663));
#6156=DIRECTION('',(0.,1.,0.));
#6157=DIRECTION('center_axis',(0.,-1.,0.));
#6158=DIRECTION('ref_axis',(2.14672467853359E-11,0.,-1.));
#6159=DIRECTION('',(0.,0.,-1.));
#6160=DIRECTION('center_axis',(0.766044443118978,0.,-0.642787609686539));
#6161=DIRECTION('ref_axis',(-0.642787609686539,0.,-0.766044443118978));
#6162=DIRECTION('',(0.,1.,0.));
#6163=DIRECTION('center_axis',(0.,-0.554381612281015,-0.832262595557858));
#6164=DIRECTION('ref_axis',(0.,-0.832262595557858,0.554381612281015));
#6165=DIRECTION('',(-1.,0.,0.));
#6166=DIRECTION('',(0.,0.832262595557858,-0.554381612281015));
#6167=DIRECTION('',(-1.,0.,0.));
#6168=DIRECTION('',(2.47541968087291E-16,-0.832262595557858,0.554381612281015));
#6169=DIRECTION('center_axis',(1.,0.,0.));
#6170=DIRECTION('ref_axis',(0.,1.,0.));
#6171=DIRECTION('',(0.,-1.,0.));
#6172=DIRECTION('',(0.,-0.999998806610564,0.00154491988376867));
#6173=DIRECTION('center_axis',(0.,-1.11022302462516E-16,1.));
#6174=DIRECTION('ref_axis',(-2.25399921959837E-32,-1.,-1.11022302462516E-16));
#6175=DIRECTION('',(1.,-3.77555252919564E-17,0.));
#6176=DIRECTION('',(0.,1.,0.));
#6177=DIRECTION('center_axis',(1.,0.,0.));
#6178=DIRECTION('ref_axis',(0.,0.,-1.));
#6179=DIRECTION('',(6.90842242789257E-32,-2.60831117703817E-48,-1.));
#6180=DIRECTION('',(0.,-1.,0.));
#6181=DIRECTION('',(0.,-0.999998806610564,0.00154491988376867));
#6182=DIRECTION('center_axis',(0.,-0.999998806610564,0.00154491988376867));
#6183=DIRECTION('ref_axis',(0.812933333333333,-0.000899694537489874,-0.582356064710667));
#6184=DIRECTION('center_axis',(0.,1.,-1.25803045130445E-16));
#6185=DIRECTION('ref_axis',(2.14672467853359E-11,-1.25767120326548E-16,
-1.));
#6186=DIRECTION('',(0.,-1.,0.));
#6187=DIRECTION('center_axis',(3.77555252919564E-17,1.,0.));
#6188=DIRECTION('ref_axis',(2.14672467853359E-11,0.,-1.));
#6189=DIRECTION('center_axis',(0.,-1.,0.));
#6190=DIRECTION('ref_axis',(0.,0.,-1.));
#6191=DIRECTION('',(-4.46519081087077E-16,0.,-1.));
#6192=DIRECTION('',(-0.86602540378444,-2.05505473174277E-18,0.499999999999998));
#6193=DIRECTION('',(3.17058325825489E-20,-5.2041704279294E-18,1.));
#6194=DIRECTION('',(0.866025403784438,-3.14911569618663E-18,0.500000000000001));
#6195=DIRECTION('center_axis',(1.,0.,-3.17058325825489E-20));
#6196=DIRECTION('ref_axis',(3.17058325825489E-20,-5.2041704279294E-18,1.));
#6197=DIRECTION('',(3.17058325825489E-20,-5.2041704279294E-18,1.));
#6198=DIRECTION('',(0.,-1.,0.));
#6199=DIRECTION('',(0.,-1.,0.));
#6200=DIRECTION('center_axis',(0.499999999999998,0.,0.86602540378444));
#6201=DIRECTION('ref_axis',(-0.86602540378444,-2.05505473174277E-18,0.499999999999998));
#6202=DIRECTION('',(0.,-1.,0.));
#6203=DIRECTION('',(-0.86602540378444,-2.05505473174277E-18,0.499999999999998));
#6204=DIRECTION('center_axis',(-7.48793941915813E-17,-1.,5.2041704279294E-18));
#6205=DIRECTION('ref_axis',(1.,-7.48793941915813E-17,-3.17058325825489E-20));
#6206=DIRECTION('',(-4.46519081087077E-16,-5.20417042792937E-18,-1.));
#6207=DIRECTION('',(-0.86602540378444,6.74495428038631E-17,0.499999999999998));
#6208=DIRECTION('',(3.17058325825493E-20,5.2041704279294E-18,1.));
#6209=DIRECTION('',(0.866025403784438,-6.22453723759336E-17,0.500000000000001));
#6210=DIRECTION('center_axis',(-1.,7.55110505839128E-17,3.17058325825489E-20));
#6211=DIRECTION('ref_axis',(3.17058325825493E-20,5.2041704279294E-18,1.));
#6212=DIRECTION('',(7.55110505839128E-17,1.,0.));
#6213=DIRECTION('',(3.17058325825493E-20,5.2041704279294E-18,1.));
#6214=DIRECTION('',(7.55110505839128E-17,1.,0.));
#6215=DIRECTION('center_axis',(-0.499999999999998,3.77555252919563E-17,
-0.86602540378444));
#6216=DIRECTION('ref_axis',(-0.86602540378444,6.74495428038631E-17,0.499999999999998));
#6217=DIRECTION('',(-1.94665911480819E-32,-1.,-4.35963253814133E-17));
#6218=DIRECTION('',(-0.86602540378444,6.74495428038631E-17,0.499999999999998));
#6219=DIRECTION('center_axis',(0.,0.,-1.));
#6220=DIRECTION('ref_axis',(1.,0.,0.));
#6221=DIRECTION('',(0.,-1.,0.));
#6222=DIRECTION('',(1.,-3.77555252919564E-17,0.));
#6223=DIRECTION('center_axis',(-1.,3.77555252919564E-17,0.));
#6224=DIRECTION('ref_axis',(0.,-0.817121134117982,-0.57646600262092));
#6225=DIRECTION('center_axis',(-1.,0.,4.46519081087077E-16));
#6226=DIRECTION('ref_axis',(0.,-0.817121134117982,-0.57646600262092));
#6227=DIRECTION('',(-1.,3.77555252919564E-17,0.));
#6228=DIRECTION('center_axis',(-3.77555252919564E-17,-1.,0.));
#6229=DIRECTION('ref_axis',(-1.,3.77555252919564E-17,0.));
#6230=DIRECTION('',(4.46519081087077E-16,-1.68585624593243E-32,1.));
#6231=DIRECTION('',(1.,-3.77555252919564E-17,0.));
#6232=DIRECTION('center_axis',(-2.22044604925031E-16,0.,1.));
#6233=DIRECTION('ref_axis',(0.,1.,0.));
#6234=DIRECTION('',(0.,1.,0.));
#6235=DIRECTION('center_axis',(0.500000000000001,0.,-0.866025403784438));
#6236=DIRECTION('ref_axis',(0.866025403784438,-3.14911569618663E-18,0.500000000000001));
#6237=DIRECTION('',(0.,1.,0.));
#6238=DIRECTION('',(0.866025403784438,-3.14911569618663E-18,0.500000000000001));
#6239=DIRECTION('center_axis',(-6.31656392331518E-19,-1.,-5.2041704279294E-18));
#6240=DIRECTION('ref_axis',(1.,-6.31656392331518E-19,-3.17058325825489E-20));
#6241=DIRECTION('',(4.46519081087077E-16,-5.2041704279294E-18,1.));
#6242=DIRECTION('center_axis',(-0.500000000000001,3.77555252919564E-17,
0.866025403784438));
#6243=DIRECTION('ref_axis',(0.866025403784438,-6.22453723759336E-17,0.500000000000001));
#6244=DIRECTION('',(-1.9466591148082E-32,1.,-4.35963253814136E-17));
#6245=DIRECTION('',(0.866025403784438,-6.22453723759336E-17,0.500000000000001));
#6246=DIRECTION('center_axis',(-7.55110505839128E-17,-1.,0.));
#6247=DIRECTION('ref_axis',(0.,0.,-1.));
#6248=DIRECTION('',(4.46519081087077E-16,-3.37171249186485E-32,1.));
#6249=DIRECTION('center_axis',(-1.,0.,4.46519081087077E-16));
#6250=DIRECTION('ref_axis',(4.46519081087077E-16,0.,1.));
#6251=DIRECTION('',(0.,1.,0.));
#6252=DIRECTION('center_axis',(0.,0.,-1.));
#6253=DIRECTION('ref_axis',(-1.,0.,0.));
#6254=DIRECTION('axis',(0.,0.,1.));
#6255=DIRECTION('refdir',(1.,0.,0.));
#6256=DIRECTION('center_axis',(-1.,0.,0.));
#6257=DIRECTION('ref_axis',(0.,-1.,-1.02320455327602E-50));
#6258=DIRECTION('center_axis',(-1.,7.55110505839128E-17,1.21210171337922E-15));
#6259=DIRECTION('ref_axis',(0.,-1.,-1.02320455327602E-50));
#6260=DIRECTION('',(-1.,0.,0.));
#6261=DIRECTION('center_axis',(-1.,-5.63646572525272E-17,-2.3925402179687E-17));
#6262=DIRECTION('ref_axis',(5.63646572525272E-17,-1.,-1.02320455327602E-50));
#6263=DIRECTION('center_axis',(-1.,-5.63646572525272E-17,-2.3925402179687E-17));
#6264=DIRECTION('ref_axis',(5.63646572525272E-17,-1.,-1.02320455327602E-50));
#6265=DIRECTION('center_axis',(-1.,0.,0.));
#6266=DIRECTION('ref_axis',(0.,-1.,-1.02320455327602E-50));
#6267=DIRECTION('center_axis',(-1.,7.55110505839128E-17,1.21210171337922E-15));
#6268=DIRECTION('ref_axis',(0.,-1.,-1.02320455327602E-50));
#6269=DIRECTION('',(-1.,0.,0.));
#6270=DIRECTION('center_axis',(-1.,-5.63646572525272E-17,-2.3925402179687E-17));
#6271=DIRECTION('ref_axis',(5.63646572525272E-17,-1.,-1.02320455327602E-50));
#6272=DIRECTION('center_axis',(-1.,-5.63646572525272E-17,-2.3925402179687E-17));
#6273=DIRECTION('ref_axis',(5.63646572525272E-17,-1.,-1.02320455327602E-50));
#6274=DIRECTION('',(0.,0.,-1.));
#6275=DIRECTION('',(0.,0.,-1.));
#6276=DIRECTION('center_axis',(9.91429332831419E-12,1.,0.));
#6277=DIRECTION('ref_axis',(1.,-9.91429332831419E-12,0.));
#6278=DIRECTION('',(1.,-9.91429332831419E-12,0.));
#6279=DIRECTION('',(1.33955724326123E-15,-1.32807634397598E-26,1.));
#6280=DIRECTION('',(1.,-9.91429332831418E-12,0.));
#6281=DIRECTION('center_axis',(-1.,0.,0.));
#6282=DIRECTION('ref_axis',(0.,0.,1.));
#6283=DIRECTION('',(0.,1.,0.));
#6284=DIRECTION('',(0.,0.999998806610564,-0.00154491988376827));
#6285=DIRECTION('',(0.,-1.,0.));
#6286=DIRECTION('',(7.77328319713849E-33,-2.93484390351102E-49,1.));
#6287=DIRECTION('',(0.,1.,0.));
#6288=DIRECTION('center_axis',(-2.22044604925031E-16,0.,1.));
#6289=DIRECTION('ref_axis',(0.,1.,0.));
#6290=DIRECTION('',(0.,-1.,0.));
#6291=DIRECTION('',(1.,-3.77555252919564E-17,0.));
#6292=DIRECTION('',(0.,0.,-1.));
#6293=DIRECTION('center_axis',(0.766044443118978,0.,0.642787609686539));
#6294=DIRECTION('ref_axis',(0.642787609686539,0.,-0.766044443118978));
#6295=DIRECTION('center_axis',(0.,0.999998806610564,-0.00154491988376826));
#6296=DIRECTION('ref_axis',(-0.812933333333333,-0.000899694537489874,-0.582356064710667));
#6297=DIRECTION('center_axis',(0.,1.,-1.25803045130445E-16));
#6298=DIRECTION('ref_axis',(-2.14672467853359E-11,-1.25767120326548E-16,
-1.));
#6299=DIRECTION('center_axis',(0.,-1.,0.));
#6300=DIRECTION('ref_axis',(-2.14672467853359E-11,0.,-1.));
#6301=DIRECTION('',(0.,0.999998806610564,-0.00154491988376826));
#6302=DIRECTION('center_axis',(3.77555252919564E-17,1.,0.));
#6303=DIRECTION('ref_axis',(-2.14672467853359E-11,0.,-1.));
#6304=DIRECTION('',(0.,-1.,0.));
#6305=DIRECTION('center_axis',(0.,0.,-1.));
#6306=DIRECTION('ref_axis',(1.,0.,0.));
#6307=DIRECTION('',(0.,1.,0.));
#6308=DIRECTION('',(1.,-3.77555252919564E-17,0.));
#6309=DIRECTION('',(-1.,0.,0.));
#6310=DIRECTION('center_axis',(-1.,3.77555252919564E-17,0.));
#6311=DIRECTION('ref_axis',(0.,-0.817121134117982,-0.57646600262092));
#6312=DIRECTION('center_axis',(1.,0.,-1.33955724326123E-15));
#6313=DIRECTION('ref_axis',(0.,-0.817121134117982,-0.57646600262092));
#6314=DIRECTION('',(-1.,3.77555252919564E-17,0.));
#6315=DIRECTION('center_axis',(-3.77555252919564E-17,-1.,0.));
#6316=DIRECTION('ref_axis',(-1.,3.77555252919564E-17,0.));
#6317=DIRECTION('',(-1.33955724326123E-15,5.05756873779728E-32,-1.));
#6318=DIRECTION('center_axis',(1.,-7.55110505839128E-17,-1.21210171337922E-15));
#6319=DIRECTION('ref_axis',(-1.21210171337922E-15,5.21168423162434E-16,
-1.));
#6320=DIRECTION('',(-7.42625904261872E-16,0.832262595557858,-0.554381612281015));
#6321=DIRECTION('',(0.,-1.,0.));
#6322=DIRECTION('center_axis',(1.,0.,-1.33955724326123E-15));
#6323=DIRECTION('ref_axis',(7.96044711629899E-12,0.803007326736946,-0.59596915457663));
#6324=DIRECTION('center_axis',(0.,0.554381612281015,0.832262595557858));
#6325=DIRECTION('ref_axis',(0.,-0.832262595557858,0.554381612281015));
#6326=DIRECTION('',(-1.,0.,0.));
#6327=DIRECTION('',(0.,-0.832262595557858,0.554381612281015));
#6328=DIRECTION('center_axis',(1.,0.,0.));
#6329=DIRECTION('ref_axis',(0.,1.,0.));
#6330=DIRECTION('',(0.,1.,0.));
#6331=DIRECTION('center_axis',(1.,-9.91429332831419E-12,0.));
#6332=DIRECTION('ref_axis',(7.96044711629899E-12,0.803007326736946,-0.59596915457663));
#6333=DIRECTION('',(1.,0.,0.));
#6334=DIRECTION('center_axis',(0.,0.,-1.));
#6335=DIRECTION('ref_axis',(-1.,0.,0.));
#6336=DIRECTION('center_axis',(-1.,0.,0.));
#6337=DIRECTION('ref_axis',(0.,-1.,-1.02320455327602E-50));
#6338=DIRECTION('center_axis',(-1.,0.,4.46519081087077E-16));
#6339=DIRECTION('ref_axis',(0.,-1.,-1.02320455327602E-50));
#6340=DIRECTION('',(-1.,0.,0.));
#6341=DIRECTION('center_axis',(-1.,0.,4.46519081087077E-16));
#6342=DIRECTION('ref_axis',(0.,-1.,-1.02320455327602E-50));
#6343=DIRECTION('center_axis',(1.,0.,-4.46519081087077E-16));
#6344=DIRECTION('ref_axis',(-4.46519081087077E-16,0.,-1.));
#6345=DIRECTION('center_axis',(-1.,0.,0.));
#6346=DIRECTION('ref_axis',(0.,-1.,-1.02320455327602E-50));
#6347=DIRECTION('center_axis',(-1.,0.,4.46519081087077E-16));
#6348=DIRECTION('ref_axis',(0.,-1.,-1.02320455327602E-50));
#6349=DIRECTION('',(-1.,0.,0.));
#6350=DIRECTION('center_axis',(-1.,0.,4.46519081087077E-16));
#6351=DIRECTION('ref_axis',(0.,-1.,-1.02320455327602E-50));
#6352=DIRECTION('center_axis',(1.,0.,-4.46519081087077E-16));
#6353=DIRECTION('ref_axis',(-4.46519081087077E-16,0.,-1.));
#6354=DIRECTION('center_axis',(-1.,-5.63646572525272E-17,-2.3925402179687E-17));
#6355=DIRECTION('ref_axis',(5.63646572525272E-17,-1.,-1.02320455327602E-50));
#6356=DIRECTION('center_axis',(1.,5.63646572525272E-17,2.3925402179687E-17));
#6357=DIRECTION('ref_axis',(5.63646572525272E-17,-1.,-1.02320455327602E-50));
#6358=DIRECTION('center_axis',(-1.,0.,0.));
#6359=DIRECTION('ref_axis',(0.,-1.,-1.02320455327602E-50));
#6360=DIRECTION('',(-1.,0.,0.));
#6361=DIRECTION('center_axis',(1.,0.,-1.33955724326123E-15));
#6362=DIRECTION('ref_axis',(0.,-1.,-1.02320455327602E-50));
#6363=DIRECTION('center_axis',(-1.,-5.63646572525272E-17,-2.3925402179687E-17));
#6364=DIRECTION('ref_axis',(5.63646572525272E-17,-1.,-1.02320455327602E-50));
#6365=DIRECTION('center_axis',(1.,5.63646572525272E-17,2.3925402179687E-17));
#6366=DIRECTION('ref_axis',(5.63646572525272E-17,-1.,-1.02320455327602E-50));
#6367=DIRECTION('center_axis',(-1.,0.,0.));
#6368=DIRECTION('ref_axis',(0.,-1.,-1.02320455327602E-50));
#6369=DIRECTION('',(-1.,0.,0.));
#6370=DIRECTION('center_axis',(1.,0.,-1.33955724326123E-15));
#6371=DIRECTION('ref_axis',(0.,-1.,-1.02320455327602E-50));
#6372=DIRECTION('center_axis',(-1.,1.33804076236346E-16,-1.64685630979222E-18));
#6373=DIRECTION('ref_axis',(-1.33804076236346E-16,-1.,-9.81539041560847E-46));
#6374=DIRECTION('',(0.,-1.,0.));
#6375=DIRECTION('',(1.64685631023456E-18,-2.20356087283951E-34,-1.));
#6376=DIRECTION('',(1.3380407623575E-16,1.,0.));
#6377=DIRECTION('',(-1.64685631023456E-18,2.20356087283951E-34,1.));
#6378=DIRECTION('center_axis',(-2.44585970974748E-80,-3.23907519605952E-64,
-1.));
#6379=DIRECTION('ref_axis',(1.3380407623575E-16,1.,-3.23907519605952E-64));
#6380=DIRECTION('',(4.33892664034932E-79,-1.,3.23907519605952E-64));
#6381=DIRECTION('',(1.,-7.55110505839128E-17,0.));
#6382=DIRECTION('',(0.,-1.,0.));
#6383=DIRECTION('',(1.,-7.55110505839128E-17,0.));
#6384=DIRECTION('center_axis',(0.,0.,1.));
#6385=DIRECTION('ref_axis',(-1.3380407623575E-16,-1.,0.));
#6386=DIRECTION('',(1.,-7.55110505839128E-17,0.));
#6387=DIRECTION('',(-7.55110505839128E-17,-1.,4.35963253814136E-17));
#6388=DIRECTION('',(1.,-7.55110505839128E-17,0.));
#6389=DIRECTION('center_axis',(0.,-1.,0.));
#6390=DIRECTION('ref_axis',(0.,0.,-1.));
#6391=DIRECTION('',(-0.866025403784437,-2.0550547317428E-18,0.500000000000003));
#6392=DIRECTION('',(3.17058325825489E-20,-5.2041704279294E-18,1.));
#6393=DIRECTION('',(0.866025403784438,-3.14911569618663E-18,0.500000000000001));
#6394=DIRECTION('',(-1.33955724326123E-15,1.01055374518808E-31,-1.));
#6395=DIRECTION('center_axis',(0.,-1.,0.));
#6396=DIRECTION('ref_axis',(0.978632399314903,-1.58117038025878E-16,-0.205617671933021));
#6397=DIRECTION('center_axis',(-6.31656392331518E-19,-1.,-5.2041704279294E-18));
#6398=DIRECTION('ref_axis',(1.,-6.31656392331518E-19,-3.17058325825489E-20));
#6399=DIRECTION('',(1.33955724326123E-15,-1.01055374518808E-31,1.));
#6400=DIRECTION('',(0.866025403784438,-3.14911569618663E-18,0.500000000000001));
#6401=DIRECTION('',(3.17058325825489E-20,-5.2041704279294E-18,1.));
#6402=DIRECTION('',(-0.866025403784437,-2.0550547317428E-18,0.500000000000003));
#6403=DIRECTION('center_axis',(1.,0.,6.03248836708075E-15));
#6404=DIRECTION('ref_axis',(0.,1.,5.16229913343692E-65));
#6405=DIRECTION('',(0.,-1.,0.));
#6406=DIRECTION('',(-3.35747063771063E-19,-3.01641205707226E-15,-1.));
#6407=DIRECTION('',(0.,-1.,-5.16229913343692E-65));
#6408=DIRECTION('',(-3.35747063771063E-19,0.,-1.));
#6409=DIRECTION('center_axis',(5.2245789394125E-15,-1.68751144338271E-29,
-1.));
#6410=DIRECTION('ref_axis',(-3.22973970800045E-15,-1.,1.08437562370596E-33));
#6411=DIRECTION('',(-7.53506059023176E-45,1.,-1.68751144338271E-29));
#6412=DIRECTION('',(-1.,7.55110505839128E-17,-5.2245789394125E-15));
#6413=DIRECTION('',(0.,-1.,0.));
#6414=DIRECTION('',(-1.,7.55110505839128E-17,-5.2245789394125E-15));
#6415=DIRECTION('center_axis',(-5.2245789394125E-15,0.,1.));
#6416=DIRECTION('ref_axis',(0.,1.,5.16229913343692E-65));
#6417=DIRECTION('',(-1.,7.55110505839128E-17,-5.2245789394125E-15));
#6418=DIRECTION('',(0.,-1.,0.));
#6419=DIRECTION('',(-1.,7.55110505839128E-17,-5.2245789394125E-15));
#6420=DIRECTION('center_axis',(0.,0.,-1.));
#6421=DIRECTION('ref_axis',(-1.,0.,0.));
#6422=DIRECTION('',(1.,-7.55110505839286E-17,0.));
#6423=DIRECTION('',(-1.,7.55110505839128E-17,0.));
#6424=DIRECTION('',(0.,1.,0.));
#6425=DIRECTION('',(-1.,0.,0.));
#6426=DIRECTION('',(0.,-1.,0.));
#6427=DIRECTION('',(1.,0.,0.));
#6428=DIRECTION('',(0.,1.,0.));
#6429=DIRECTION('',(1.,1.32456730633802E-49,0.));
#6430=DIRECTION('',(-7.55110505839128E-17,-1.,0.));
#6431=DIRECTION('',(-1.,-1.57594829059697E-29,0.));
#6432=DIRECTION('',(0.,1.,0.));
#6433=DIRECTION('center_axis',(0.,-1.,0.));
#6434=DIRECTION('ref_axis',(0.,0.,-1.));
#6435=DIRECTION('',(4.46519081087077E-16,-3.36917723051327E-32,1.));
#6436=DIRECTION('',(0.866025403784439,2.05505473174278E-18,-0.5));
#6437=DIRECTION('',(-3.17058325825489E-20,5.2041704279294E-18,-1.));
#6438=DIRECTION('',(-0.86602540378444,3.14911569618662E-18,-0.499999999999998));
#6439=DIRECTION('center_axis',(0.,-1.,0.));
#6440=DIRECTION('ref_axis',(0.978632399314905,-1.58117038025874E-16,-0.205617671933016));
#6441=DIRECTION('center_axis',(0.,-3.23907519605952E-64,1.));
#6442=DIRECTION('ref_axis',(5.82930256518373E-17,-1.,-3.23907519605952E-64));
#6443=DIRECTION('',(-4.33892664034932E-79,-1.,-3.23907519605952E-64));
#6444=DIRECTION('',(1.,0.,0.));
#6445=DIRECTION('',(-7.55110505839128E-17,-1.,0.));
#6446=DIRECTION('',(1.,0.,0.));
#6447=DIRECTION('center_axis',(0.,0.,-1.));
#6448=DIRECTION('ref_axis',(-5.82930256518373E-17,1.,0.));
#6449=DIRECTION('',(5.82930256518373E-17,-1.,0.));
#6450=DIRECTION('',(1.,0.,0.));
#6451=DIRECTION('',(0.,-1.,-4.35963253814136E-17));
#6452=DIRECTION('',(1.,0.,0.));
#6453=DIRECTION('center_axis',(1.,5.82930256524333E-17,1.64685630979222E-18));
#6454=DIRECTION('ref_axis',(-5.82930256524333E-17,1.,-9.81539041560847E-46));
#6455=DIRECTION('',(0.,-1.,0.));
#6456=DIRECTION('',(-1.64685631023456E-18,-9.60002371373934E-35,1.));
#6457=DIRECTION('',(1.64685631023456E-18,9.60002371373934E-35,-1.));
#6458=DIRECTION('center_axis',(1.,0.,-1.33955724326123E-15));
#6459=DIRECTION('ref_axis',(-1.33955724326123E-15,0.,-1.));
#6460=DIRECTION('',(0.,1.,0.));
#6461=DIRECTION('center_axis',(1.,0.,-1.33955724326123E-15));
#6462=DIRECTION('ref_axis',(0.,-0.817121134117982,-0.57646600262092));
#6463=DIRECTION('',(-1.33955724326123E-15,5.05756873779728E-32,-1.));
#6464=DIRECTION('',(0.,-1.,0.));
#6465=DIRECTION('',(1.33955724326123E-15,-1.32807634397598E-26,1.));
#6466=DIRECTION('center_axis',(1.,0.,-1.33955724326123E-15));
#6467=DIRECTION('ref_axis',(7.96044711629899E-12,0.803007326736946,-0.59596915457663));
#6468=DIRECTION('',(0.,-1.,0.));
#6469=DIRECTION('',(1.33955724326123E-15,-9.60002371373934E-35,1.));
#6470=DIRECTION('',(-1.33955724326123E-15,9.60002371373934E-35,-1.));
#6471=DIRECTION('',(0.,-1.,0.));
#6472=DIRECTION('',(0.,-1.,0.));
#6473=DIRECTION('',(-7.42625904261872E-16,0.832262595557858,-0.554381612281015));
#6474=DIRECTION('center_axis',(0.,0.,-1.));
#6475=DIRECTION('ref_axis',(-1.,0.,0.));
#6476=DIRECTION('',(1.,0.,0.));
#6477=DIRECTION('',(0.,1.,0.));
#6478=DIRECTION('',(-1.,0.,0.));
#6479=DIRECTION('center_axis',(-2.22044604925031E-16,0.,1.));
#6480=DIRECTION('ref_axis',(0.,1.,0.));
#6481=DIRECTION('',(1.,-3.77555252919564E-17,0.));
#6482=DIRECTION('',(0.,1.,0.));
#6483=DIRECTION('',(1.,-9.91429332831419E-12,0.));
#6484=DIRECTION('center_axis',(-3.77555252919564E-17,-1.,0.));
#6485=DIRECTION('ref_axis',(-1.,3.77555252919564E-17,0.));
#6486=DIRECTION('',(-1.,3.77555252919564E-17,0.));
#6487=DIRECTION('center_axis',(3.77555252919564E-17,1.,0.));
#6488=DIRECTION('ref_axis',(0.978632399314903,-1.58117038025878E-16,-0.205617671933021));
#6489=DIRECTION('center_axis',(3.77555252919564E-17,1.,0.));
#6490=DIRECTION('ref_axis',(0.978632399314903,-1.58117038025878E-16,-0.205617671933021));
#6491=DIRECTION('',(-1.,3.77555252919564E-17,0.));
#6492=DIRECTION('center_axis',(3.77555252919564E-17,1.,0.));
#6493=DIRECTION('ref_axis',(0.978632399314905,-1.58117038025874E-16,-0.205617671933016));
#6494=DIRECTION('center_axis',(3.77555252919564E-17,1.,0.));
#6495=DIRECTION('ref_axis',(0.978632399314905,-1.58117038025874E-16,-0.205617671933016));
#6496=DIRECTION('',(-1.,3.77555252919564E-17,0.));
#6497=DIRECTION('',(4.46519081087077E-16,-1.68585624593243E-32,1.));
#6498=DIRECTION('center_axis',(-1.,3.77555252919564E-17,0.));
#6499=DIRECTION('ref_axis',(0.,-0.817121134117982,-0.57646600262092));
#6500=DIRECTION('',(1.,-3.77555252919564E-17,0.));
#6501=DIRECTION('',(1.,0.,0.));
#6502=DIRECTION('',(1.,-3.77555252919564E-17,0.));
#6503=DIRECTION('center_axis',(-1.,0.,4.46519081087077E-16));
#6504=DIRECTION('ref_axis',(0.,-0.817121134117982,-0.57646600262092));
#6505=DIRECTION('center_axis',(0.,0.,-1.));
#6506=DIRECTION('ref_axis',(1.,0.,0.));
#6507=DIRECTION('',(1.,0.,0.));
#6508=DIRECTION('',(1.,0.,0.));
#6509=DIRECTION('',(0.,-1.,0.));
#6510=DIRECTION('center_axis',(-5.2245789394125E-15,-1.64806009892535E-29,
1.));
#6511=DIRECTION('ref_axis',(-3.15422865741654E-15,1.,1.08437562370596E-33));
#6512=DIRECTION('',(7.35890280948425E-45,1.,1.64806009892535E-29));
#6513=DIRECTION('',(-1.,0.,-5.2245789394125E-15));
#6514=DIRECTION('',(7.55110505839128E-17,1.,0.));
#6515=DIRECTION('',(-1.,0.,-5.2245789394125E-15));
#6516=DIRECTION('center_axis',(5.2245789394125E-15,-3.94513444573623E-31,
-1.));
#6517=DIRECTION('ref_axis',(-7.55110505839128E-17,-1.,5.16229913343692E-65));
#6518=DIRECTION('',(7.55110505839128E-17,1.,-5.16229913343692E-65));
#6519=DIRECTION('',(-1.,0.,-5.2245789394125E-15));
#6520=DIRECTION('',(7.55110505839128E-17,1.,0.));
#6521=DIRECTION('',(-1.,0.,-5.2245789394125E-15));
#6522=DIRECTION('center_axis',(-1.,7.55110505839128E-17,-6.03248836708075E-15));
#6523=DIRECTION('ref_axis',(-7.55110505839128E-17,-1.,5.16229913343692E-65));
#6524=DIRECTION('',(-3.35747063771063E-19,2.53526135158169E-35,-1.));
#6525=DIRECTION('',(-3.35747063770835E-19,3.01641205707226E-15,-1.));
#6526=DIRECTION('center_axis',(-1.,0.,4.46519081087077E-16));
#6527=DIRECTION('ref_axis',(4.46519081087077E-16,0.,1.));
#6528=DIRECTION('',(2.47541968087291E-16,-0.832262595557858,0.554381612281015));
#6529=DIRECTION('',(-4.46519081087077E-16,-3.01641205707226E-15,-1.));
#6530=DIRECTION('',(4.46519081087077E-16,-3.01641205707226E-15,1.));
#6531=DIRECTION('',(-4.46519081087077E-16,2.53526135158169E-35,-1.));
#6532=DIRECTION('center_axis',(-1.,0.,4.46519081087077E-16));
#6533=DIRECTION('ref_axis',(7.96044711629899E-12,0.803007326736946,-0.59596915457663));
#6534=DIRECTION('',(-4.46519081087077E-16,4.42692114658659E-27,-1.));
#6535=DIRECTION('',(0.,-1.,0.));
#6536=DIRECTION('center_axis',(-7.55110505839128E-17,-1.,0.));
#6537=DIRECTION('ref_axis',(0.,0.,-1.));
#6538=DIRECTION('',(-0.86602540378444,6.22453723759337E-17,-0.499999999999998));
#6539=DIRECTION('',(-3.17058325825493E-20,-5.2041704279294E-18,-1.));
#6540=DIRECTION('',(0.866025403784439,-6.7449542803863E-17,-0.5));
#6541=DIRECTION('center_axis',(7.55110505839128E-17,1.,0.));
#6542=DIRECTION('ref_axis',(0.978632399314905,1.5811703802587E-16,-0.205617671933016));
#6543=DIRECTION('center_axis',(-7.48793941915813E-17,-1.,5.2041704279294E-18));
#6544=DIRECTION('ref_axis',(1.,-7.48793941915813E-17,-3.17058325825489E-20));
#6545=DIRECTION('',(0.866025403784439,-6.7449542803863E-17,-0.5));
#6546=DIRECTION('',(-3.17058325825493E-20,-5.2041704279294E-18,-1.));
#6547=DIRECTION('',(-0.86602540378444,6.22453723759337E-17,-0.499999999999998));
#6548=DIRECTION('center_axis',(9.91429332831419E-12,1.,0.));
#6549=DIRECTION('ref_axis',(1.,-9.91429332831419E-12,0.));
#6550=DIRECTION('',(1.,-9.91429332831418E-12,0.));
#6551=DIRECTION('center_axis',(-9.91429332831419E-12,-1.,0.));
#6552=DIRECTION('ref_axis',(0.978632399314905,1.5811703802587E-16,-0.205617671933016));
#6553=DIRECTION('center_axis',(-9.91429332831419E-12,-1.,0.));
#6554=DIRECTION('ref_axis',(0.978632399314905,1.5811703802587E-16,-0.205617671933016));
#6555=DIRECTION('',(1.,-9.91429332831418E-12,0.));
#6556=DIRECTION('center_axis',(-9.91429332831419E-12,-1.,0.));
#6557=DIRECTION('ref_axis',(0.978632399314903,1.58117038025875E-16,-0.205617671933021));
#6558=DIRECTION('center_axis',(-9.91429332831419E-12,-1.,0.));
#6559=DIRECTION('ref_axis',(0.978632399314903,1.58117038025875E-16,-0.205617671933021));
#6560=DIRECTION('',(1.,-9.91429332831418E-12,0.));
#6561=DIRECTION('center_axis',(1.,0.,0.));
#6562=DIRECTION('ref_axis',(0.,1.,0.));
#6563=DIRECTION('',(0.,0.832262595557858,-0.554381612281015));
#6564=DIRECTION('',(0.,0.834770384808785,0.550598224339847));
#6565=DIRECTION('center_axis',(0.,-0.554381612281015,-0.832262595557858));
#6566=DIRECTION('ref_axis',(0.,-0.832262595557858,0.554381612281015));
#6567=DIRECTION('',(-1.,0.,0.));
#6568=DIRECTION('',(1.,0.,0.));
#6569=DIRECTION('',(0.,-0.832262595557858,0.554381612281015));
#6570=DIRECTION('',(-1.,0.,0.));
#6571=DIRECTION('center_axis',(0.,-1.,-7.68985644761993E-16));
#6572=DIRECTION('ref_axis',(0.978632399314903,1.58117038025875E-16,-0.205617671933021));
#6573=DIRECTION('',(0.,-1.,-7.68985644761993E-16));
#6574=DIRECTION('center_axis',(7.55110505839128E-17,1.,0.));
#6575=DIRECTION('ref_axis',(0.978632399314903,1.58117038025875E-16,-0.205617671933021));
#6576=DIRECTION('center_axis',(-7.48793941915813E-17,-1.,5.2041704279294E-18));
#6577=DIRECTION('ref_axis',(1.,-7.48793941915813E-17,-3.17058325825489E-20));
#6578=DIRECTION('',(-0.866025403784437,6.74495428038629E-17,0.500000000000003));
#6579=DIRECTION('',(3.17058325825493E-20,5.2041704279294E-18,1.));
#6580=DIRECTION('',(0.866025403784438,-6.22453723759336E-17,0.500000000000001));
#6581=DIRECTION('center_axis',(-0.500000000000003,3.77555252919567E-17,
-0.866025403784437));
#6582=DIRECTION('ref_axis',(-0.866025403784437,6.74495428038629E-17,0.500000000000003));
#6583=DIRECTION('',(-0.866025403784437,6.74495428038629E-17,0.500000000000003));
#6584=DIRECTION('',(7.55110505839128E-17,1.,0.));
#6585=DIRECTION('center_axis',(-1.,7.55110505839128E-17,3.17058325825489E-20));
#6586=DIRECTION('ref_axis',(3.17058325825493E-20,5.2041704279294E-18,1.));
#6587=DIRECTION('',(3.17058325825493E-20,5.2041704279294E-18,1.));
#6588=DIRECTION('',(7.55110505839128E-17,1.,0.));
#6589=DIRECTION('center_axis',(-0.500000000000001,3.77555252919565E-17,
0.866025403784438));
#6590=DIRECTION('ref_axis',(0.866025403784438,-6.22453723759336E-17,0.500000000000001));
#6591=DIRECTION('',(0.866025403784438,-6.22453723759336E-17,0.500000000000001));
#6592=DIRECTION('center_axis',(-7.55110505839128E-17,-1.,0.));
#6593=DIRECTION('ref_axis',(0.,0.,-1.));
#6594=DIRECTION('center_axis',(0.,-1.,-7.68985644761993E-16));
#6595=DIRECTION('ref_axis',(0.978632399314905,1.5811703802587E-16,-0.205617671933016));
#6596=DIRECTION('',(0.,-1.,-7.68985644761993E-16));
#6597=DIRECTION('center_axis',(0.5,-3.77555252919564E-17,0.866025403784439));
#6598=DIRECTION('ref_axis',(0.866025403784439,-6.7449542803863E-17,-0.5));
#6599=DIRECTION('',(7.55110505839128E-17,1.,0.));
#6600=DIRECTION('center_axis',(1.,-7.55110505839128E-17,-3.17058325825489E-20));
#6601=DIRECTION('ref_axis',(-3.17058325825493E-20,-5.2041704279294E-18,
-1.));
#6602=DIRECTION('',(7.55110505839128E-17,1.,0.));
#6603=DIRECTION('center_axis',(0.499999999999998,-3.77555252919563E-17,
-0.86602540378444));
#6604=DIRECTION('ref_axis',(-0.86602540378444,6.22453723759337E-17,-0.499999999999998));
#6605=DIRECTION('center_axis',(0.,1.,-7.6898564476201E-16));
#6606=DIRECTION('ref_axis',(0.978632399314903,-1.58117038025878E-16,-0.205617671933021));
#6607=DIRECTION('',(0.,1.,-7.6898564476201E-16));
#6608=DIRECTION('center_axis',(0.500000000000003,0.,0.866025403784437));
#6609=DIRECTION('ref_axis',(-0.866025403784437,-2.0550547317428E-18,0.500000000000003));
#6610=DIRECTION('',(0.,-1.,0.));
#6611=DIRECTION('center_axis',(1.,0.,-3.17058325825489E-20));
#6612=DIRECTION('ref_axis',(3.17058325825489E-20,-5.2041704279294E-18,1.));
#6613=DIRECTION('',(0.,-1.,0.));
#6614=DIRECTION('center_axis',(0.500000000000001,0.,-0.866025403784438));
#6615=DIRECTION('ref_axis',(0.866025403784438,-3.14911569618663E-18,0.500000000000001));
#6616=DIRECTION('center_axis',(0.,1.,-7.6898564476201E-16));
#6617=DIRECTION('ref_axis',(0.978632399314905,-1.58117038025874E-16,-0.205617671933016));
#6618=DIRECTION('',(0.,1.,-7.6898564476201E-16));
#6619=DIRECTION('center_axis',(-0.5,0.,-0.866025403784439));
#6620=DIRECTION('ref_axis',(0.866025403784439,2.05505473174278E-18,-0.5));
#6621=DIRECTION('',(0.866025403784439,2.05505473174278E-18,-0.5));
#6622=DIRECTION('',(0.,-1.,0.));
#6623=DIRECTION('center_axis',(-1.,0.,3.17058325825489E-20));
#6624=DIRECTION('ref_axis',(-3.17058325825489E-20,5.2041704279294E-18,-1.));
#6625=DIRECTION('',(-3.17058325825489E-20,5.2041704279294E-18,-1.));
#6626=DIRECTION('',(0.,-1.,0.));
#6627=DIRECTION('center_axis',(-0.499999999999998,0.,0.86602540378444));
#6628=DIRECTION('ref_axis',(-0.86602540378444,3.14911569618662E-18,-0.499999999999998));
#6629=DIRECTION('',(-0.86602540378444,3.14911569618662E-18,-0.499999999999998));
#6630=DIRECTION('center_axis',(-6.31656392331518E-19,-1.,-5.2041704279294E-18));
#6631=DIRECTION('ref_axis',(1.,-6.31656392331518E-19,-3.17058325825489E-20));
#6632=DIRECTION('center_axis',(1.,-9.91429332831419E-12,0.));
#6633=DIRECTION('ref_axis',(7.96044711629899E-12,0.803007326736946,-0.59596915457663));
#6634=DIRECTION('',(1.,0.,0.));
#6635=DIRECTION('',(1.,0.,0.));
#6636=DIRECTION('',(1.,0.,0.));
#6637=DIRECTION('center_axis',(0.,0.,-1.));
#6638=DIRECTION('ref_axis',(1.,0.,0.));
#6639=DIRECTION('',(0.,-1.,0.));
#6640=DIRECTION('center_axis',(1.,0.,0.));
#6641=DIRECTION('ref_axis',(0.,1.,0.));
#6642=DIRECTION('',(0.,-0.615661475325658,0.788010753606722));
#6643=DIRECTION('',(0.,0.615661475325658,0.788010753606722));
#6644=DIRECTION('',(0.,-0.834770384808785,-0.550598224339847));
#6645=DIRECTION('center_axis',(-1.,0.,0.));
#6646=DIRECTION('ref_axis',(0.,1.,0.));
#6647=DIRECTION('center_axis',(1.,0.,0.));
#6648=DIRECTION('ref_axis',(0.,-1.,0.));
#6649=DIRECTION('center_axis',(1.,0.,0.));
#6650=DIRECTION('ref_axis',(0.,1.,0.));
#6651=DIRECTION('',(0.,-0.834770384808785,-0.550598224339847));
#6652=DIRECTION('',(0.,-0.832262595557858,0.554381612281015));
#6653=DIRECTION('',(-1.,0.,0.));
#6654=DIRECTION('center_axis',(0.,0.550598224339847,-0.834770384808785));
#6655=DIRECTION('ref_axis',(0.,-0.834770384808785,-0.550598224339847));
#6656=DIRECTION('center_axis',(0.,0.788010753606722,-0.615661475325658));
#6657=DIRECTION('ref_axis',(0.,0.615661475325658,0.788010753606722));
#6658=DIRECTION('',(1.,0.,0.));
#6659=DIRECTION('',(0.,-0.615661475325658,-0.788010753606722));
#6660=DIRECTION('center_axis',(0.,0.788010753606722,0.615661475325658));
#6661=DIRECTION('ref_axis',(0.,-0.615661475325658,0.788010753606722));
#6662=DIRECTION('',(0.,0.615661475325658,-0.788010753606722));
#6663=DIRECTION('',(1.,0.,0.));
#6664=DIRECTION('center_axis',(1.,0.,0.));
#6665=DIRECTION('ref_axis',(0.,1.,0.));
#6666=DIRECTION('',(0.,0.832262595557858,-0.554381612281015));
#6667=DIRECTION('',(0.,-0.834770384808785,-0.550598224339847));
#6668=DIRECTION('center_axis',(1.,0.,0.));
#6669=DIRECTION('ref_axis',(0.,1.,0.));
#6670=DIRECTION('center_axis',(-1.,0.,0.));
#6671=DIRECTION('ref_axis',(0.,-1.,0.));
#6672=DIRECTION('center_axis',(0.,-0.550598224339847,0.834770384808785));
#6673=DIRECTION('ref_axis',(0.,-0.834770384808785,-0.550598224339847));
#6674=DIRECTION('',(1.,0.,0.));
#6675=DIRECTION('',(1.,0.,0.));
#6676=DIRECTION('center_axis',(0.,0.554381612281015,0.832262595557858));
#6677=DIRECTION('ref_axis',(0.,-0.832262595557858,0.554381612281015));
#6678=DIRECTION('center_axis',(1.,0.,0.));
#6679=DIRECTION('ref_axis',(0.,1.,-1.22464679914735E-16));
#6680=DIRECTION('',(-1.,0.,0.));
#6681=DIRECTION('',(1.,0.,0.));
#6682=DIRECTION('center_axis',(-1.,0.,0.));
#6683=DIRECTION('ref_axis',(0.,-1.,-1.22464679914735E-16));
#6684=DIRECTION('',(-4.85266183169509E-16,1.21052853086131E-18,0.999999999999998));
#6685=DIRECTION('',(1.,-3.11888212026175E-17,-1.83758991047147E-19));
#6686=DIRECTION('',(-4.85266185908626E-16,3.43166792872902E-19,0.999999999999998));
#6687=DIRECTION('',(1.,-3.11883563011029E-17,-1.83756251930096E-19));
#6688=DIRECTION('axis',(0.,0.,1.));
#6689=DIRECTION('refdir',(1.,0.,0.));
#6690=DIRECTION('center_axis',(0.,1.,0.));
#6691=DIRECTION('ref_axis',(2.22044604925031E-16,0.,-1.));
#6692=DIRECTION('',(-0.392252217977414,0.,0.91985770502388));
#6693=DIRECTION('',(2.22044604925031E-16,0.,-1.));
#6694=DIRECTION('',(-1.,0.,-2.22044604925031E-16));
#6695=DIRECTION('',(0.,0.,1.));
#6696=DIRECTION('',(-1.,0.,-2.22044604925031E-16));
#6697=DIRECTION('center_axis',(0.,-1.,0.));
#6698=DIRECTION('ref_axis',(-2.22044604925031E-16,0.,1.));
#6699=DIRECTION('',(0.392252217977414,0.,-0.91985770502388));
#6700=DIRECTION('',(-1.,0.,-2.22044604925031E-16));
#6701=DIRECTION('',(0.,0.,1.));
#6702=DIRECTION('',(-1.,0.,-2.22044604925031E-16));
#6703=DIRECTION('',(-2.22044604925031E-16,0.,1.));
#6704=DIRECTION('center_axis',(1.,0.,2.22044604925031E-16));
#6705=DIRECTION('ref_axis',(0.,1.,0.));
#6706=DIRECTION('',(0.,-1.,0.));
#6707=DIRECTION('',(0.,1.,0.));
#6708=DIRECTION('center_axis',(0.,1.,0.));
#6709=DIRECTION('ref_axis',(2.22044604925031E-16,0.,-1.));
#6710=DIRECTION('',(-0.392252217977414,0.,0.91985770502388));
#6711=DIRECTION('',(2.22044604925031E-16,0.,-1.));
#6712=DIRECTION('',(-1.,0.,-2.22044604925031E-16));
#6713=DIRECTION('',(0.,0.,1.));
#6714=DIRECTION('',(-1.,0.,-2.22044604925031E-16));
#6715=DIRECTION('center_axis',(0.,-1.,0.));
#6716=DIRECTION('ref_axis',(-2.22044604925031E-16,0.,1.));
#6717=DIRECTION('',(0.392252217977414,0.,-0.91985770502388));
#6718=DIRECTION('',(-1.,0.,-2.22044604925031E-16));
#6719=DIRECTION('',(0.,0.,1.));
#6720=DIRECTION('',(-1.,0.,-2.22044604925031E-16));
#6721=DIRECTION('',(-2.22044604925031E-16,0.,1.));
#6722=DIRECTION('center_axis',(1.,0.,2.22044604925031E-16));
#6723=DIRECTION('ref_axis',(0.,1.,0.));
#6724=DIRECTION('',(0.,-1.,0.));
#6725=DIRECTION('',(0.,1.,0.));
#6726=DIRECTION('center_axis',(0.,-1.,0.));
#6727=DIRECTION('ref_axis',(0.,0.,-1.));
#6728=DIRECTION('',(-0.392252217977413,0.,-0.91985770502388));
#6729=DIRECTION('',(1.,0.,0.));
#6730=DIRECTION('',(0.,0.,1.));
#6731=DIRECTION('',(1.,0.,0.));
#6732=DIRECTION('',(0.,0.,-1.));
#6733=DIRECTION('center_axis',(1.,0.,0.));
#6734=DIRECTION('ref_axis',(0.,1.,0.));
#6735=DIRECTION('',(0.,1.,0.));
#6736=DIRECTION('',(0.,1.,0.));
#6737=DIRECTION('',(0.,0.,1.));
#6738=DIRECTION('center_axis',(0.,1.,0.));
#6739=DIRECTION('ref_axis',(0.,0.,1.));
#6740=DIRECTION('',(0.392252217977413,0.,0.91985770502388));
#6741=DIRECTION('',(1.,0.,0.));
#6742=DIRECTION('',(0.,0.,1.));
#6743=DIRECTION('',(1.,0.,0.));
#6744=DIRECTION('center_axis',(0.,-1.,0.));
#6745=DIRECTION('ref_axis',(0.,0.,-1.));
#6746=DIRECTION('',(-0.392252217977413,0.,-0.91985770502388));
#6747=DIRECTION('',(1.,0.,0.));
#6748=DIRECTION('',(0.,0.,1.));
#6749=DIRECTION('',(1.,0.,0.));
#6750=DIRECTION('',(0.,0.,-1.));
#6751=DIRECTION('center_axis',(1.,0.,0.));
#6752=DIRECTION('ref_axis',(0.,1.,0.));
#6753=DIRECTION('',(0.,1.,0.));
#6754=DIRECTION('',(0.,1.,0.));
#6755=DIRECTION('',(0.,0.,1.));
#6756=DIRECTION('center_axis',(0.,1.,0.));
#6757=DIRECTION('ref_axis',(0.,0.,1.));
#6758=DIRECTION('',(0.392252217977413,0.,0.91985770502388));
#6759=DIRECTION('',(1.,0.,0.));
#6760=DIRECTION('',(0.,0.,1.));
#6761=DIRECTION('',(1.,0.,0.));
#6762=DIRECTION('center_axis',(0.,0.,1.));
#6763=DIRECTION('ref_axis',(1.,0.,0.));
#6764=DIRECTION('center_axis',(-9.14548091408017E-33,-7.90307821120629E-31,
1.));
#6765=DIRECTION('ref_axis',(1.,0.,0.));
#6766=DIRECTION('',(0.,0.,1.));
#6767=DIRECTION('center_axis',(0.,0.,1.));
#6768=DIRECTION('ref_axis',(1.,0.,0.));
#6769=DIRECTION('center_axis',(0.,0.,1.));
#6770=DIRECTION('ref_axis',(1.,0.,0.));
#6771=DIRECTION('center_axis',(-9.14548091408017E-33,-7.90307821120629E-31,
1.));
#6772=DIRECTION('ref_axis',(1.,0.,0.));
#6773=DIRECTION('',(0.,0.,1.));
#6774=DIRECTION('center_axis',(0.,0.,1.));
#6775=DIRECTION('ref_axis',(1.,0.,0.));
#6776=DIRECTION('center_axis',(0.,0.,1.));
#6777=DIRECTION('ref_axis',(1.,0.,0.));
#6778=DIRECTION('center_axis',(-9.14548091408017E-33,-7.90307821120629E-31,
1.));
#6779=DIRECTION('ref_axis',(1.,0.,0.));
#6780=DIRECTION('',(0.,0.,1.));
#6781=DIRECTION('center_axis',(0.,0.,1.));
#6782=DIRECTION('ref_axis',(1.,0.,0.));
#6783=DIRECTION('center_axis',(0.,0.,1.));
#6784=DIRECTION('ref_axis',(1.,0.,0.));
#6785=DIRECTION('center_axis',(-9.14548091408017E-33,-7.90307821120629E-31,
1.));
#6786=DIRECTION('ref_axis',(1.,0.,0.));
#6787=DIRECTION('',(0.,0.,1.));
#6788=DIRECTION('center_axis',(0.,0.,1.));
#6789=DIRECTION('ref_axis',(1.,0.,0.));
#6790=DIRECTION('center_axis',(-0.91985770502388,0.,0.392252217977413));
#6791=DIRECTION('ref_axis',(0.392252217977413,0.,0.91985770502388));
#6792=DIRECTION('',(-3.33388909126102E-32,1.,-7.81819305982383E-32));
#6793=DIRECTION('',(-0.327356485680683,0.550922950244462,-0.767672869246224));
#6794=DIRECTION('',(-0.377903144369358,-0.268000556330746,-0.886208167013915));
#6795=DIRECTION('',(0.,-1.,0.));
#6796=DIRECTION('',(0.377903144369358,-0.268000556330746,0.886208167013915));
#6797=DIRECTION('',(0.327356485680683,0.550922950244462,0.767672869246224));
#6798=DIRECTION('',(0.,-1.,0.));
#6799=DIRECTION('',(0.,-1.,0.));
#6800=DIRECTION('',(0.346426155039243,-0.469049370699428,0.812392520245723));
#6801=DIRECTION('center_axis',(0.91985770502388,0.,-0.392252217977413));
#6802=DIRECTION('ref_axis',(0.392252217977413,0.,0.91985770502388));
#6803=DIRECTION('',(-5.64152546266491E-6,-0.999999999896573,-1.32297548033739E-5));
#6804=DIRECTION('center_axis',(0.91985770502388,0.,-0.392252217977413));
#6805=DIRECTION('ref_axis',(0.392252217977413,0.,0.91985770502388));
#6806=DIRECTION('',(-0.346430812092062,-0.469027015130206,-0.812403441346284));
#6807=DIRECTION('center_axis',(0.91985770502388,0.,-0.392252217977413));
#6808=DIRECTION('ref_axis',(0.392252217977413,0.,0.91985770502388));
#6809=DIRECTION('',(-0.346426155039243,0.469049370699428,-0.812392520245722));
#6810=DIRECTION('center_axis',(0.91985770502388,0.,-0.392252217977413));
#6811=DIRECTION('ref_axis',(0.392252217977413,0.,0.91985770502388));
#6812=DIRECTION('',(5.64152546233691E-6,0.999999999896573,1.32297548026047E-5));
#6813=DIRECTION('center_axis',(0.91985770502388,0.,-0.392252217977413));
#6814=DIRECTION('ref_axis',(0.392252217977413,0.,0.91985770502388));
#6815=DIRECTION('',(0.346430812092062,0.469027015130206,0.812403441346283));
#6816=DIRECTION('center_axis',(0.91985770502388,0.,-0.392252217977413));
#6817=DIRECTION('ref_axis',(0.392252217977413,0.,0.91985770502388));
#6818=DIRECTION('center_axis',(0.91985770502388,0.,-0.392252217977413));
#6819=DIRECTION('ref_axis',(0.,-1.,0.));
#6820=DIRECTION('center_axis',(0.91985770502388,0.,-0.392252217977413));
#6821=DIRECTION('ref_axis',(1.31582262650693E-48,-1.,5.92120181928118E-48));
#6822=DIRECTION('center_axis',(0.91985770502388,0.,-0.392252217977413));
#6823=DIRECTION('ref_axis',(1.31582262650693E-48,-1.,5.92120181928118E-48));
#6824=DIRECTION('center_axis',(0.91985770502388,0.,-0.392252217977413));
#6825=DIRECTION('ref_axis',(-1.31582262650692E-48,-1.,-2.30268959638711E-48));
#6826=DIRECTION('center_axis',(0.,0.81243743174495,0.583048385213157));
#6827=DIRECTION('ref_axis',(1.,0.,0.));
#6828=DIRECTION('',(-1.,0.,0.));
#6829=DIRECTION('',(0.,0.583048385213157,-0.81243743174495));
#6830=DIRECTION('',(1.,0.,0.));
#6831=DIRECTION('',(0.,-0.583048385213157,0.81243743174495));
#6832=DIRECTION('',(-1.,0.,0.));
#6833=DIRECTION('',(-0.327356485680684,-0.550922950244462,0.767672869246224));
#6834=DIRECTION('',(-1.,0.,0.));
#6835=DIRECTION('center_axis',(8.13673623492418E-48,7.81819305982383E-32,
1.));
#6836=DIRECTION('ref_axis',(1.,0.,-8.13673623492418E-48));
#6837=DIRECTION('',(1.,0.,0.));
#6838=DIRECTION('',(0.,1.,-7.81819305982383E-32));
#6839=DIRECTION('center_axis',(0.,0.957188339372276,0.28946585803812));
#6840=DIRECTION('ref_axis',(0.,-0.28946585803812,0.957188339372276));
#6841=DIRECTION('',(-1.,2.76570907842606E-33,-9.14548091408017E-33));
#6842=DIRECTION('',(-0.305330375483582,0.275642844873421,-0.911479228439761));
#6843=DIRECTION('',(0.377903144369359,0.268000556330746,-0.886208167013915));
#6844=DIRECTION('',(1.,0.,0.));
#6845=DIRECTION('',(0.305330375483585,0.27564284487342,-0.91147922843976));
#6846=DIRECTION('center_axis',(8.13673623492418E-48,7.81819305982383E-32,
1.));
#6847=DIRECTION('ref_axis',(1.,0.,-8.13673623492418E-48));
#6848=DIRECTION('',(-3.33388909126103E-32,-1.,7.81819305982383E-32));
#6849=DIRECTION('',(0.,-1.,7.81819305982383E-32));
#6850=DIRECTION('',(1.,0.,0.));
#6851=DIRECTION('center_axis',(0.,-0.81243743174495,0.583048385213157));
#6852=DIRECTION('ref_axis',(1.,0.,0.));
#6853=DIRECTION('',(0.327356485680684,-0.550922950244462,-0.767672869246224));
#6854=DIRECTION('',(0.,-0.583048385213157,-0.81243743174495));
#6855=DIRECTION('',(-1.,0.,0.));
#6856=DIRECTION('',(0.,0.583048385213157,0.81243743174495));
#6857=DIRECTION('center_axis',(-1.,0.,0.));
#6858=DIRECTION('ref_axis',(0.,0.,-1.));
#6859=DIRECTION('',(0.,-1.,0.));
#6860=DIRECTION('center_axis',(-1.,0.,0.));
#6861=DIRECTION('ref_axis',(0.,-1.,0.));
#6862=DIRECTION('center_axis',(0.,0.,-1.));
#6863=DIRECTION('ref_axis',(1.,0.,0.));
#6864=DIRECTION('',(0.,1.,0.));
#6865=DIRECTION('center_axis',(1.,0.,0.));
#6866=DIRECTION('ref_axis',(0.,0.,1.));
#6867=DIRECTION('center_axis',(1.,0.,0.));
#6868=DIRECTION('ref_axis',(0.,-1.,0.));
#6869=DIRECTION('center_axis',(-0.948212879757763,0.,0.317635537466275));
#6870=DIRECTION('ref_axis',(0.317635537466275,0.,0.948212879757763));
#6871=DIRECTION('',(-2.64739970194859E-31,-1.,-7.90307821120629E-31));
#6872=DIRECTION('',(-0.305330375483585,-0.27564284487342,-0.91147922843976));
#6873=DIRECTION('',(0.,1.,0.));
#6874=DIRECTION('center_axis',(0.91985770502388,0.,0.392252217977414));
#6875=DIRECTION('ref_axis',(0.392252217977414,0.,-0.91985770502388));
#6876=DIRECTION('',(-0.377903144369359,0.268000556330746,0.886208167013915));
#6877=DIRECTION('',(0.,1.,0.));
#6878=DIRECTION('',(0.,1.,0.));
#6879=DIRECTION('center_axis',(-0.91985770502388,0.,-0.392252217977414));
#6880=DIRECTION('ref_axis',(-0.392252217977413,0.,0.91985770502388));
#6881=DIRECTION('center_axis',(-0.91985770502388,0.,-0.392252217977414));
#6882=DIRECTION('ref_axis',(-0.392252217977413,0.,0.91985770502388));
#6883=DIRECTION('',(0.,-1.,0.));
#6884=DIRECTION('center_axis',(-0.91985770502388,0.,-0.392252217977414));
#6885=DIRECTION('ref_axis',(-1.31582262650693E-48,-1.,5.92120181928118E-48));
#6886=DIRECTION('center_axis',(-0.91985770502388,0.,-0.392252217977414));
#6887=DIRECTION('ref_axis',(-1.31582262650693E-48,-1.,5.92120181928118E-48));
#6888=DIRECTION('center_axis',(-0.91985770502388,0.,-0.392252217977414));
#6889=DIRECTION('ref_axis',(1.31582262650692E-48,-1.,-2.30268959638711E-48));
#6890=DIRECTION('center_axis',(-0.91985770502388,0.,-0.392252217977414));
#6891=DIRECTION('ref_axis',(0.,-1.,0.));
#6892=DIRECTION('center_axis',(-1.,0.,0.));
#6893=DIRECTION('ref_axis',(0.,-1.,0.));
#6894=DIRECTION('center_axis',(-1.,0.,0.));
#6895=DIRECTION('ref_axis',(0.,-1.,0.));
#6896=DIRECTION('center_axis',(1.,0.,0.));
#6897=DIRECTION('ref_axis',(0.,-1.,0.));
#6898=DIRECTION('center_axis',(-1.,0.,0.));
#6899=DIRECTION('ref_axis',(0.,-1.,0.));
#6900=DIRECTION('center_axis',(-1.,0.,0.));
#6901=DIRECTION('ref_axis',(0.,-1.,0.));
#6902=DIRECTION('',(-1.,0.,0.));
#6903=DIRECTION('center_axis',(-1.,0.,0.));
#6904=DIRECTION('ref_axis',(0.,-1.,0.));
#6905=DIRECTION('center_axis',(-1.,0.,0.));
#6906=DIRECTION('ref_axis',(0.,-1.,0.));
#6907=DIRECTION('',(-1.,0.,0.));
#6908=DIRECTION('center_axis',(-1.,0.,0.));
#6909=DIRECTION('ref_axis',(0.,-1.,0.));
#6910=DIRECTION('',(-1.,0.,0.));
#6911=DIRECTION('center_axis',(-1.,0.,0.));
#6912=DIRECTION('ref_axis',(0.,-1.,0.));
#6913=DIRECTION('center_axis',(1.,0.,0.));
#6914=DIRECTION('ref_axis',(0.,1.,0.));
#6915=DIRECTION('center_axis',(1.,0.,0.));
#6916=DIRECTION('ref_axis',(0.,1.,0.));
#6917=DIRECTION('',(0.,-0.500011457259988,0.866018788831249));
#6918=DIRECTION('center_axis',(1.,0.,0.));
#6919=DIRECTION('ref_axis',(0.,1.,0.));
#6920=DIRECTION('',(0.,0.499988542652498,0.866032018586051));
#6921=DIRECTION('center_axis',(1.,0.,0.));
#6922=DIRECTION('ref_axis',(0.,1.,0.));
#6923=DIRECTION('',(0.,0.999999999912487,1.32297548028152E-5));
#6924=DIRECTION('center_axis',(1.,0.,0.));
#6925=DIRECTION('ref_axis',(0.,1.,0.));
#6926=DIRECTION('',(0.,0.500011457259989,-0.866018788831248));
#6927=DIRECTION('center_axis',(1.,0.,0.));
#6928=DIRECTION('ref_axis',(0.,1.,0.));
#6929=DIRECTION('',(0.,-0.499988542652498,-0.866032018586051));
#6930=DIRECTION('center_axis',(1.,0.,0.));
#6931=DIRECTION('ref_axis',(0.,1.,0.));
#6932=DIRECTION('',(0.,-0.999999999912487,-1.32297548035844E-5));
#6933=DIRECTION('center_axis',(1.,0.,0.));
#6934=DIRECTION('ref_axis',(0.,1.,0.));
#6935=DIRECTION('',(-1.,0.,0.));
#6936=DIRECTION('',(1.,0.,0.));
#6937=DIRECTION('center_axis',(0.,-1.32297548035844E-5,0.999999999912487));
#6938=DIRECTION('ref_axis',(0.,-0.999999999912487,-1.32297548035844E-5));
#6939=DIRECTION('',(1.,0.,0.));
#6940=DIRECTION('center_axis',(1.,0.,0.));
#6941=DIRECTION('ref_axis',(0.,1.,0.));
#6942=DIRECTION('',(1.,0.,0.));
#6943=DIRECTION('center_axis',(0.,-0.866032018586051,0.499988542652498));
#6944=DIRECTION('ref_axis',(0.,-0.499988542652498,-0.866032018586051));
#6945=DIRECTION('',(1.,0.,0.));
#6946=DIRECTION('center_axis',(1.,0.,0.));
#6947=DIRECTION('ref_axis',(0.,-0.999999999912487,-1.32297548025159E-5));
#6948=DIRECTION('',(1.,0.,0.));
#6949=DIRECTION('center_axis',(0.,0.866018788831249,0.500011457259988));
#6950=DIRECTION('ref_axis',(0.,-0.500011457259988,0.866018788831249));
#6951=DIRECTION('',(1.,0.,0.));
#6952=DIRECTION('center_axis',(1.,0.,0.));
#6953=DIRECTION('ref_axis',(0.,1.,0.));
#6954=DIRECTION('',(1.,0.,0.));
#6955=DIRECTION('center_axis',(0.,0.866032018586051,-0.499988542652499));
#6956=DIRECTION('ref_axis',(0.,0.499988542652498,0.866032018586051));
#6957=DIRECTION('',(1.,0.,0.));
#6958=DIRECTION('center_axis',(1.,0.,0.));
#6959=DIRECTION('ref_axis',(0.,1.,0.));
#6960=DIRECTION('',(1.,0.,0.));
#6961=DIRECTION('center_axis',(0.,1.32297548028152E-5,-0.999999999912487));
#6962=DIRECTION('ref_axis',(0.,0.999999999912487,1.32297548028152E-5));
#6963=DIRECTION('',(1.,0.,0.));
#6964=DIRECTION('center_axis',(1.,0.,0.));
#6965=DIRECTION('ref_axis',(0.,1.,0.));
#6966=DIRECTION('',(1.,0.,0.));
#6967=DIRECTION('center_axis',(0.,-0.866018788831249,-0.500011457259989));
#6968=DIRECTION('ref_axis',(0.,0.500011457259989,-0.866018788831248));
#6969=DIRECTION('center_axis',(-0.91985770502388,0.,0.392252217977413));
#6970=DIRECTION('ref_axis',(0.,-1.,0.));
#6971=DIRECTION('center_axis',(0.91985770502388,8.57757755386651E-33,-0.392252217977413));
#6972=DIRECTION('ref_axis',(0.,-1.,0.));
#6973=DIRECTION('center_axis',(0.91985770502388,0.,-0.392252217977414));
#6974=DIRECTION('ref_axis',(0.,-1.,0.));
#6975=DIRECTION('',(0.91985770502388,0.,-0.392252217977414));
#6976=DIRECTION('center_axis',(-0.91985770502388,-8.57757755386651E-33,
0.392252217977413));
#6977=DIRECTION('ref_axis',(7.890150803364E-33,-1.,-3.36457382037741E-33));
#6978=DIRECTION('center_axis',(0.91985770502388,8.57757755386651E-33,-0.392252217977413));
#6979=DIRECTION('ref_axis',(7.890150803364E-33,-1.,-3.36457382037741E-33));
#6980=DIRECTION('center_axis',(0.91985770502388,0.,-0.392252217977414));
#6981=DIRECTION('ref_axis',(1.31582262650693E-48,-1.,5.92120181928118E-48));
#6982=DIRECTION('',(0.91985770502388,0.,-0.392252217977414));
#6983=DIRECTION('center_axis',(-0.91985770502388,-8.57757755386651E-33,
0.392252217977413));
#6984=DIRECTION('ref_axis',(7.890150803364E-33,-1.,-3.36457382037741E-33));
#6985=DIRECTION('center_axis',(0.91985770502388,8.57757755386651E-33,-0.392252217977413));
#6986=DIRECTION('ref_axis',(7.890150803364E-33,-1.,-3.36457382037741E-33));
#6987=DIRECTION('center_axis',(0.91985770502388,0.,-0.392252217977414));
#6988=DIRECTION('ref_axis',(1.31582262650693E-48,-1.,5.92120181928118E-48));
#6989=DIRECTION('',(0.91985770502388,0.,-0.392252217977414));
#6990=DIRECTION('center_axis',(-0.91985770502388,3.4866936570231E-33,0.392252217977413));
#6991=DIRECTION('ref_axis',(-3.20726202547059E-33,-1.,1.36766332037509E-33));
#6992=DIRECTION('center_axis',(0.91985770502388,-3.4866936570231E-33,-0.392252217977413));
#6993=DIRECTION('ref_axis',(-3.20726202547059E-33,-1.,1.36766332037509E-33));
#6994=DIRECTION('center_axis',(0.91985770502388,0.,-0.392252217977414));
#6995=DIRECTION('ref_axis',(-1.31582262650692E-48,-1.,-2.30268959638711E-48));
#6996=DIRECTION('',(0.91985770502388,0.,-0.392252217977414));
#6997=DIRECTION('center_axis',(-0.91985770502388,8.57757755386651E-33,-0.392252217977414));
#6998=DIRECTION('ref_axis',(-7.890150803364E-33,-1.,-3.36457382037742E-33));
#6999=DIRECTION('center_axis',(0.91985770502388,-8.57757755386651E-33,0.392252217977414));
#7000=DIRECTION('ref_axis',(-7.890150803364E-33,-1.,-3.36457382037742E-33));
#7001=DIRECTION('center_axis',(0.91985770502388,0.,0.392252217977414));
#7002=DIRECTION('ref_axis',(-1.31582262650693E-48,-1.,5.92120181928118E-48));
#7003=DIRECTION('',(-0.91985770502388,0.,-0.392252217977414));
#7004=DIRECTION('center_axis',(-0.91985770502388,8.57757755386651E-33,-0.392252217977414));
#7005=DIRECTION('ref_axis',(-7.890150803364E-33,-1.,-3.36457382037742E-33));
#7006=DIRECTION('center_axis',(0.91985770502388,-8.57757755386651E-33,0.392252217977414));
#7007=DIRECTION('ref_axis',(-7.890150803364E-33,-1.,-3.36457382037742E-33));
#7008=DIRECTION('center_axis',(0.91985770502388,0.,0.392252217977414));
#7009=DIRECTION('ref_axis',(-1.31582262650693E-48,-1.,5.92120181928118E-48));
#7010=DIRECTION('',(-0.91985770502388,0.,-0.392252217977414));
#7011=DIRECTION('center_axis',(-0.91985770502388,-3.4866936570231E-33,-0.392252217977414));
#7012=DIRECTION('ref_axis',(3.20726202547059E-33,-1.,1.36766332037509E-33));
#7013=DIRECTION('center_axis',(0.91985770502388,3.4866936570231E-33,0.392252217977414));
#7014=DIRECTION('ref_axis',(3.20726202547059E-33,-1.,1.36766332037509E-33));
#7015=DIRECTION('center_axis',(0.91985770502388,0.,0.392252217977414));
#7016=DIRECTION('ref_axis',(1.31582262650692E-48,-1.,-2.30268959638711E-48));
#7017=DIRECTION('',(-0.91985770502388,0.,-0.392252217977414));
#7018=DIRECTION('center_axis',(-0.91985770502388,0.,-0.392252217977414));
#7019=DIRECTION('ref_axis',(0.,-1.,0.));
#7020=DIRECTION('center_axis',(0.91985770502388,-8.57757755386651E-33,0.392252217977414));
#7021=DIRECTION('ref_axis',(0.,-1.,0.));
#7022=DIRECTION('center_axis',(0.91985770502388,0.,0.392252217977414));
#7023=DIRECTION('ref_axis',(0.,-1.,0.));
#7024=DIRECTION('',(-0.91985770502388,0.,-0.392252217977414));
#7025=DIRECTION('center_axis',(0.,0.,1.));
#7026=DIRECTION('ref_axis',(1.,0.,0.));
#7027=DIRECTION('center_axis',(-9.14548091408017E-33,-7.90307821120629E-31,
1.));
#7028=DIRECTION('ref_axis',(0.,-1.,-7.90307821120629E-31));
#7029=DIRECTION('center_axis',(0.,1.,0.));
#7030=DIRECTION('ref_axis',(-1.,0.,0.));
#7031=DIRECTION('center_axis',(0.948212879757763,0.,0.317635537466275));
#7032=DIRECTION('ref_axis',(0.317635537466275,0.,-0.948212879757763));
#7033=DIRECTION('',(-2.64739970194859E-31,1.,7.90307821120629E-31));
#7034=DIRECTION('',(0.305330375483585,-0.27564284487342,-0.91147922843976));
#7035=DIRECTION('center_axis',(0.,-0.957188339372276,0.28946585803812));
#7036=DIRECTION('ref_axis',(0.,-0.28946585803812,-0.957188339372276));
#7037=DIRECTION('',(1.,2.76570907842606E-33,9.14548091408017E-33));
#7038=DIRECTION('center_axis',(9.14548091408017E-33,7.90307821120629E-31,
-1.));
#7039=DIRECTION('ref_axis',(-1.,0.,-9.14548091408017E-33));
#7040=DIRECTION('center_axis',(0.500000000000004,-0.866025403784436,0.));
#7041=DIRECTION('ref_axis',(0.866025403784436,0.500000000000004,0.));
#7042=DIRECTION('',(-0.866025403784436,-0.500000000000004,0.));
#7043=DIRECTION('',(0.866025403784436,0.500000000000004,0.));
#7044=DIRECTION('',(0.,0.,1.));
#7045=DIRECTION('center_axis',(0.499999999999996,0.866025403784441,0.));
#7046=DIRECTION('ref_axis',(-0.866025403784441,0.499999999999996,0.));
#7047=DIRECTION('',(0.866025403784441,-0.499999999999996,0.));
#7048=DIRECTION('',(0.,0.,1.));
#7049=DIRECTION('',(-0.866025403784441,0.499999999999996,0.));
#7050=DIRECTION('center_axis',(1.,4.27325041418571E-15,0.));
#7051=DIRECTION('ref_axis',(-4.27325041418571E-15,1.,0.));
#7052=DIRECTION('',(4.27325041418571E-15,-1.,0.));
#7053=DIRECTION('',(-4.27325041418571E-15,1.,0.));
#7054=DIRECTION('center_axis',(0.,0.,-1.));
#7055=DIRECTION('ref_axis',(1.,0.,0.));
#7056=DIRECTION('center_axis',(0.,0.,-1.));
#7057=DIRECTION('ref_axis',(1.,0.,0.));
#7058=DIRECTION('center_axis',(-0.500000000000001,-0.866025403784438,0.));
#7059=DIRECTION('ref_axis',(0.866025403784438,-0.500000000000001,0.));
#7060=DIRECTION('',(-0.866025403784438,0.500000000000001,0.));
#7061=DIRECTION('',(0.,0.,1.));
#7062=DIRECTION('',(0.866025403784438,-0.500000000000001,0.));
#7063=DIRECTION('center_axis',(-1.,0.,0.));
#7064=DIRECTION('ref_axis',(0.,-1.,0.));
#7065=DIRECTION('',(0.,1.,0.));
#7066=DIRECTION('',(0.,0.,1.));
#7067=DIRECTION('',(0.,-1.,0.));
#7068=DIRECTION('center_axis',(-0.500000000000001,0.866025403784438,0.));
#7069=DIRECTION('ref_axis',(-0.866025403784438,-0.500000000000001,0.));
#7070=DIRECTION('',(0.866025403784438,0.500000000000001,0.));
#7071=DIRECTION('',(-0.866025403784438,-0.500000000000001,0.));
#7072=DIRECTION('center_axis',(0.,0.,-1.));
#7073=DIRECTION('ref_axis',(1.,0.,0.));
#7074=DIRECTION('center_axis',(0.,0.,-1.));
#7075=DIRECTION('ref_axis',(1.,0.,0.));
#7076=DIRECTION('center_axis',(0.500000000000002,-0.866025403784437,0.));
#7077=DIRECTION('ref_axis',(0.866025403784437,0.500000000000002,0.));
#7078=DIRECTION('',(-0.866025403784437,-0.500000000000002,0.));
#7079=DIRECTION('',(0.866025403784437,0.500000000000002,0.));
#7080=DIRECTION('',(0.,0.,1.));
#7081=DIRECTION('center_axis',(0.499999999999997,0.86602540378444,0.));
#7082=DIRECTION('ref_axis',(-0.86602540378444,0.499999999999997,0.));
#7083=DIRECTION('',(0.86602540378444,-0.499999999999997,0.));
#7084=DIRECTION('',(0.,0.,1.));
#7085=DIRECTION('',(-0.86602540378444,0.499999999999997,0.));
#7086=DIRECTION('center_axis',(1.,0.,0.));
#7087=DIRECTION('ref_axis',(0.,1.,0.));
#7088=DIRECTION('',(0.,-1.,0.));
#7089=DIRECTION('',(0.,1.,0.));
#7090=DIRECTION('center_axis',(0.,0.,-1.));
#7091=DIRECTION('ref_axis',(1.,0.,0.));
#7092=DIRECTION('center_axis',(0.,0.,-1.));
#7093=DIRECTION('ref_axis',(1.,0.,0.));
#7094=DIRECTION('center_axis',(-0.499999999999997,-0.86602540378444,0.));
#7095=DIRECTION('ref_axis',(0.86602540378444,-0.499999999999997,0.));
#7096=DIRECTION('',(-0.86602540378444,0.499999999999997,0.));
#7097=DIRECTION('',(0.,0.,1.));
#7098=DIRECTION('',(0.86602540378444,-0.499999999999997,0.));
#7099=DIRECTION('center_axis',(-1.,4.27325041418571E-15,0.));
#7100=DIRECTION('ref_axis',(-4.27325041418571E-15,-1.,0.));
#7101=DIRECTION('',(4.27325041418571E-15,1.,0.));
#7102=DIRECTION('',(0.,0.,1.));
#7103=DIRECTION('',(-4.27325041418571E-15,-1.,0.));
#7104=DIRECTION('center_axis',(-0.500000000000002,0.866025403784437,0.));
#7105=DIRECTION('ref_axis',(-0.866025403784437,-0.500000000000002,0.));
#7106=DIRECTION('',(0.866025403784437,0.500000000000002,0.));
#7107=DIRECTION('',(-0.866025403784437,-0.500000000000002,0.));
#7108=DIRECTION('center_axis',(0.,0.,-1.));
#7109=DIRECTION('ref_axis',(1.,0.,0.));
#7110=DIRECTION('center_axis',(0.,0.,-1.));
#7111=DIRECTION('ref_axis',(1.,0.,0.));
#7112=DIRECTION('center_axis',(0.,0.,1.));
#7113=DIRECTION('ref_axis',(1.,0.,0.));
#7114=DIRECTION('center_axis',(-9.14548091408017E-33,-7.90307821120629E-31,
1.));
#7115=DIRECTION('ref_axis',(1.,0.,0.));
#7116=DIRECTION('',(0.,0.,1.));
#7117=DIRECTION('center_axis',(0.,0.,1.));
#7118=DIRECTION('ref_axis',(1.,0.,0.));
#7119=DIRECTION('center_axis',(0.,0.,-1.));
#7120=DIRECTION('ref_axis',(1.,0.,0.));
#7121=DIRECTION('center_axis',(0.,0.,-1.));
#7122=DIRECTION('ref_axis',(1.,0.,0.));
#7123=DIRECTION('center_axis',(0.,0.,1.));
#7124=DIRECTION('ref_axis',(1.,0.,0.));
#7125=DIRECTION('center_axis',(-9.14548091408017E-33,-7.90307821120629E-31,
1.));
#7126=DIRECTION('ref_axis',(1.,0.,0.));
#7127=DIRECTION('',(0.,0.,1.));
#7128=DIRECTION('center_axis',(0.,0.,1.));
#7129=DIRECTION('ref_axis',(1.,0.,0.));
#7130=DIRECTION('center_axis',(0.,0.,-1.));
#7131=DIRECTION('ref_axis',(1.,0.,0.));
#7132=DIRECTION('center_axis',(0.,0.,-1.));
#7133=DIRECTION('ref_axis',(1.,0.,0.));
#7134=DIRECTION('center_axis',(0.,0.,1.));
#7135=DIRECTION('ref_axis',(1.,0.,0.));
#7136=DIRECTION('center_axis',(-9.14548091408017E-33,-7.90307821120629E-31,
1.));
#7137=DIRECTION('ref_axis',(1.,0.,0.));
#7138=DIRECTION('',(0.,0.,1.));
#7139=DIRECTION('center_axis',(0.,0.,1.));
#7140=DIRECTION('ref_axis',(1.,0.,0.));
#7141=DIRECTION('center_axis',(0.,0.,-1.));
#7142=DIRECTION('ref_axis',(1.,0.,0.));
#7143=DIRECTION('center_axis',(0.,0.,-1.));
#7144=DIRECTION('ref_axis',(1.,0.,0.));
#7145=DIRECTION('center_axis',(0.,0.,1.));
#7146=DIRECTION('ref_axis',(1.,0.,0.));
#7147=DIRECTION('center_axis',(-9.14548091408017E-33,-7.90307821120629E-31,
1.));
#7148=DIRECTION('ref_axis',(1.,0.,0.));
#7149=DIRECTION('',(0.,0.,1.));
#7150=DIRECTION('center_axis',(0.,0.,1.));
#7151=DIRECTION('ref_axis',(1.,0.,0.));
#7152=DIRECTION('center_axis',(0.,0.,-1.));
#7153=DIRECTION('ref_axis',(1.,0.,0.));
#7154=DIRECTION('center_axis',(0.,0.,-1.));
#7155=DIRECTION('ref_axis',(1.,0.,0.));
#7156=DIRECTION('center_axis',(0.,0.,1.));
#7157=DIRECTION('ref_axis',(1.,0.,0.));
#7158=DIRECTION('',(0.,0.,1.));
#7159=DIRECTION('center_axis',(9.14548091408017E-33,7.90307821120629E-31,
-1.));
#7160=DIRECTION('ref_axis',(1.,0.,0.));
#7161=DIRECTION('center_axis',(0.,0.,1.));
#7162=DIRECTION('ref_axis',(1.,0.,0.));
#7163=DIRECTION('',(0.,0.,1.));
#7164=DIRECTION('center_axis',(9.14548091408017E-33,7.90307821120629E-31,
-1.));
#7165=DIRECTION('ref_axis',(1.,0.,0.));
#7166=DIRECTION('center_axis',(0.,0.,1.));
#7167=DIRECTION('ref_axis',(1.,0.,0.));
#7168=DIRECTION('',(0.,0.,1.));
#7169=DIRECTION('center_axis',(9.14548091408017E-33,7.90307821120629E-31,
-1.));
#7170=DIRECTION('ref_axis',(1.,0.,0.));
#7171=DIRECTION('center_axis',(0.,0.,1.));
#7172=DIRECTION('ref_axis',(1.,0.,0.));
#7173=DIRECTION('',(0.,0.,1.));
#7174=DIRECTION('center_axis',(9.14548091408017E-33,7.90307821120629E-31,
-1.));
#7175=DIRECTION('ref_axis',(1.,0.,0.));
#7176=DIRECTION('center_axis',(9.14548091408017E-33,7.90307821120629E-31,
-1.));
#7177=DIRECTION('ref_axis',(-1.,0.,-9.14548091408017E-33));
#7178=DIRECTION('',(-2.64739970194859E-31,1.,7.90307821120629E-31));
#7179=DIRECTION('',(-1.,2.76570907842606E-33,-9.14548091408017E-33));
#7180=DIRECTION('',(-2.64739970194859E-31,-1.,-7.90307821120629E-31));
#7181=DIRECTION('',(1.,2.76570907842606E-33,9.14548091408017E-33));
#7182=DIRECTION('center_axis',(-9.14548091408017E-33,-7.90307821120629E-31,
1.));
#7183=DIRECTION('ref_axis',(0.,-1.,-7.90307821120629E-31));
#7184=DIRECTION('center_axis',(-0.948212879757763,0.,0.317635537466275));
#7185=DIRECTION('ref_axis',(0.317635537466275,0.,0.948212879757763));
#7186=DIRECTION('',(-0.305330375483582,0.275642844873421,-0.911479228439761));
#7187=DIRECTION('',(0.,1.,0.));
#7188=DIRECTION('',(-0.305330375483585,-0.27564284487342,-0.91147922843976));
#7189=DIRECTION('center_axis',(0.,0.957188339372276,0.28946585803812));
#7190=DIRECTION('ref_axis',(0.,-0.28946585803812,0.957188339372276));
#7191=DIRECTION('',(0.305330375483585,0.27564284487342,-0.91147922843976));
#7192=DIRECTION('',(1.,0.,0.));
#7193=DIRECTION('center_axis',(0.,0.,1.));
#7194=DIRECTION('ref_axis',(1.,0.,0.));
#7195=DIRECTION('center_axis',(-9.14548091408017E-33,-7.90307821120629E-31,
1.));
#7196=DIRECTION('ref_axis',(0.,-1.,-7.90307821120629E-31));
#7197=DIRECTION('center_axis',(0.,1.,0.));
#7198=DIRECTION('ref_axis',(-1.,0.,0.));
#7199=DIRECTION('center_axis',(-9.14548091408017E-33,-7.90307821120629E-31,
1.));
#7200=DIRECTION('ref_axis',(1.,0.,9.14548091408017E-33));
#7201=DIRECTION('',(0.,-1.,0.));
#7202=DIRECTION('',(-1.,0.,0.));
#7203=DIRECTION('center_axis',(0.948212879757763,0.,0.317635537466275));
#7204=DIRECTION('ref_axis',(0.317635537466275,0.,-0.948212879757763));
#7205=DIRECTION('',(0.305330375483585,-0.27564284487342,-0.91147922843976));
#7206=DIRECTION('center_axis',(0.,-0.957188339372276,0.28946585803812));
#7207=DIRECTION('ref_axis',(0.,-0.28946585803812,-0.957188339372276));
#7208=DIRECTION('axis',(0.,0.,1.));
#7209=DIRECTION('refdir',(1.,0.,0.));
#7210=DIRECTION('center_axis',(-0.91985770502388,0.,0.392252217977414));
#7211=DIRECTION('ref_axis',(0.,1.,0.));
#7212=DIRECTION('center_axis',(-0.91985770502388,0.,0.392252217977413));
#7213=DIRECTION('ref_axis',(0.,1.,0.));
#7214=DIRECTION('',(-0.91985770502388,0.,0.392252217977414));
#7215=DIRECTION('center_axis',(-0.91985770502388,0.,0.392252217977413));
#7216=DIRECTION('ref_axis',(0.,1.,0.));
#7217=DIRECTION('center_axis',(0.91985770502388,0.,-0.392252217977413));
#7218=DIRECTION('ref_axis',(0.,1.,0.));
#7219=DIRECTION('center_axis',(-0.91985770502388,0.,0.392252217977414));
#7220=DIRECTION('ref_axis',(0.,1.,0.));
#7221=DIRECTION('center_axis',(-0.91985770502388,0.,0.392252217977413));
#7222=DIRECTION('ref_axis',(0.,1.,0.));
#7223=DIRECTION('',(-0.91985770502388,0.,0.392252217977414));
#7224=DIRECTION('center_axis',(-0.91985770502388,0.,0.392252217977413));
#7225=DIRECTION('ref_axis',(0.,1.,0.));
#7226=DIRECTION('center_axis',(0.91985770502388,0.,-0.392252217977413));
#7227=DIRECTION('ref_axis',(0.,1.,0.));
#7228=DIRECTION('center_axis',(-0.91985770502388,0.,0.392252217977414));
#7229=DIRECTION('ref_axis',(0.,1.,0.));
#7230=DIRECTION('center_axis',(-0.91985770502388,0.,0.392252217977413));
#7231=DIRECTION('ref_axis',(0.,1.,0.));
#7232=DIRECTION('',(-0.91985770502388,0.,0.392252217977414));
#7233=DIRECTION('center_axis',(-0.91985770502388,0.,0.392252217977413));
#7234=DIRECTION('ref_axis',(0.,1.,0.));
#7235=DIRECTION('center_axis',(0.91985770502388,0.,-0.392252217977413));
#7236=DIRECTION('ref_axis',(0.,1.,0.));
#7237=DIRECTION('center_axis',(-0.91985770502388,0.,0.392252217977414));
#7238=DIRECTION('ref_axis',(0.,1.,0.));
#7239=DIRECTION('center_axis',(-0.91985770502388,0.,0.392252217977413));
#7240=DIRECTION('ref_axis',(0.,1.,0.));
#7241=DIRECTION('',(-0.91985770502388,0.,0.392252217977414));
#7242=DIRECTION('center_axis',(-0.91985770502388,0.,0.392252217977413));
#7243=DIRECTION('ref_axis',(0.,1.,0.));
#7244=DIRECTION('center_axis',(0.91985770502388,0.,-0.392252217977413));
#7245=DIRECTION('ref_axis',(0.,1.,0.));
#7246=DIRECTION('center_axis',(-0.91985770502388,0.,0.392252217977413));
#7247=DIRECTION('ref_axis',(0.392252217977413,0.,0.91985770502388));
#7248=DIRECTION('',(-3.33388909126102E-32,1.,-7.81819305982383E-32));
#7249=DIRECTION('',(0.327356485680683,0.550922950244462,0.767672869246224));
#7250=DIRECTION('',(0.377903144369358,-0.268000556330746,0.886208167013915));
#7251=DIRECTION('',(0.,-1.,0.));
#7252=DIRECTION('',(-0.377903144369358,-0.268000556330746,-0.886208167013915));
#7253=DIRECTION('',(-0.327356485680683,0.550922950244462,-0.767672869246224));
#7254=DIRECTION('center_axis',(0.948212879757763,0.,0.317635537466275));
#7255=DIRECTION('ref_axis',(0.317635537466275,0.,-0.948212879757763));
#7256=DIRECTION('',(0.305330375483585,0.27564284487342,-0.91147922843976));
#7257=DIRECTION('',(0.,-1.,0.));
#7258=DIRECTION('',(0.305330375483585,-0.27564284487342,-0.91147922843976));
#7259=DIRECTION('center_axis',(0.,0.957188339372276,0.28946585803812));
#7260=DIRECTION('ref_axis',(0.,-0.28946585803812,0.957188339372276));
#7261=DIRECTION('',(1.,0.,0.));
#7262=DIRECTION('center_axis',(0.,-0.81243743174495,0.583048385213157));
#7263=DIRECTION('ref_axis',(1.,0.,0.));
#7264=DIRECTION('',(1.,0.,0.));
#7265=DIRECTION('',(0.327356485680684,0.550922950244462,0.767672869246224));
#7266=DIRECTION('center_axis',(-0.91985770502388,0.,0.392252217977414));
#7267=DIRECTION('ref_axis',(0.392252217977414,0.,0.91985770502388));
#7268=DIRECTION('center_axis',(-0.91985770502388,0.,0.392252217977414));
#7269=DIRECTION('ref_axis',(-0.392252217977412,0.,-0.919857705023881));
#7270=DIRECTION('',(-1.59060163050876E-16,-1.,-3.7300672842372E-16));
#7271=DIRECTION('center_axis',(-0.91985770502388,0.,0.392252217977414));
#7272=DIRECTION('ref_axis',(0.216098725021424,-0.834559517795939,0.506765973897542));
#7273=DIRECTION('',(0.327357821889618,0.550917789925329,0.767676002745609));
#7274=DIRECTION('center_axis',(-0.91985770502388,0.,0.392252217977414));
#7275=DIRECTION('ref_axis',(0.392252217977412,7.18445637775641E-15,0.919857705023881));
#7276=DIRECTION('',(2.91478743720417E-16,1.,6.83537163013175E-16));
#7277=DIRECTION('center_axis',(-0.91985770502388,0.,0.392252217977414));
#7278=DIRECTION('ref_axis',(0.216098725021424,0.834559517795941,0.50676597389754));
#7279=DIRECTION('',(-0.327357821889618,0.550917789925329,-0.767676002745609));
#7280=DIRECTION('',(-0.327357821889618,-0.550917789925329,-0.767676002745609));
#7281=DIRECTION('',(0.,1.,0.));
#7282=DIRECTION('',(0.327357821889618,-0.550917789925328,0.767676002745609));
#7283=DIRECTION('',(-6.59038399353371E-17,-1.,-1.54548915663929E-16));
#7284=DIRECTION('center_axis',(0.91985770502388,0.,-0.392252217977414));
#7285=DIRECTION('ref_axis',(3.27663678512752E-5,0.999999996511042,7.68393256998174E-5));
#7286=DIRECTION('',(0.,1.,0.));
#7287=DIRECTION('center_axis',(0.91985770502388,0.,-0.392252217977414));
#7288=DIRECTION('ref_axis',(-0.392252217977414,0.,-0.91985770502388));
#7289=DIRECTION('',(0.,1.,0.));
#7290=DIRECTION('',(-0.327357821889618,-0.550917789925328,-0.767676002745609));
#7291=DIRECTION('',(-6.5903839935337E-17,-1.,-1.54548915663929E-16));
#7292=DIRECTION('',(0.327357821889618,-0.550917789925328,0.76767600274561));
#7293=DIRECTION('center_axis',(0.392252217977414,0.,0.91985770502388));
#7294=DIRECTION('ref_axis',(0.,1.,0.));
#7295=DIRECTION('',(-0.91985770502388,0.,0.392252217977414));
#7296=DIRECTION('',(-0.91985770502388,0.,0.392252217977414));
#7297=DIRECTION('center_axis',(-0.216098725021425,-0.83455951779594,-0.50676597389754));
#7298=DIRECTION('ref_axis',(0.327357821889618,-0.550917789925328,0.76767600274561));
#7299=DIRECTION('',(-0.91985770502388,0.,0.392252217977414));
#7300=DIRECTION('center_axis',(-0.392252217977414,1.68013938264415E-16,
-0.91985770502388));
#7301=DIRECTION('ref_axis',(-6.5903839935337E-17,-1.,-1.54548915663929E-16));
#7302=DIRECTION('',(-0.91985770502388,0.,0.392252217977414));
#7303=DIRECTION('center_axis',(-0.216098725021425,0.83455951779594,-0.506765973897541));
#7304=DIRECTION('ref_axis',(-0.327357821889618,-0.550917789925329,-0.767676002745609));
#7305=DIRECTION('center_axis',(-0.91985770502388,0.,0.392252217977414));
#7306=DIRECTION('ref_axis',(0.392252217977414,0.,0.91985770502388));
#7307=DIRECTION('',(0.,-1.,0.));
#7308=DIRECTION('',(0.327356485680684,-0.550922950244462,0.767672869246224));
#7309=DIRECTION('',(-0.327357821889618,-0.550917789925329,-0.767676002745609));
#7310=DIRECTION('center_axis',(0.91985770502388,0.,-0.392252217977414));
#7311=DIRECTION('ref_axis',(0.216098725021425,-0.834559517795939,0.506765973897542));
#7312=DIRECTION('',(1.59060163050876E-16,1.,3.73006728423721E-16));
#7313=DIRECTION('center_axis',(0.91985770502388,0.,-0.392252217977414));
#7314=DIRECTION('ref_axis',(-0.392252217977412,0.,-0.919857705023881));
#7315=DIRECTION('',(0.327357821889618,-0.550917789925329,0.767676002745609));
#7316=DIRECTION('center_axis',(0.91985770502388,0.,-0.392252217977414));
#7317=DIRECTION('ref_axis',(0.216098725021424,0.83455951779594,0.506765973897541));
#7318=DIRECTION('',(-3.00051647947488E-16,-1.,-7.03641197219445E-16));
#7319=DIRECTION('center_axis',(0.91985770502388,0.,-0.392252217977414));
#7320=DIRECTION('ref_axis',(0.392252217977412,4.7899604675752E-15,0.919857705023881));
#7321=DIRECTION('center_axis',(0.91985770502388,0.,-0.392252217977413));
#7322=DIRECTION('ref_axis',(0.,1.,0.));
#7323=DIRECTION('center_axis',(-0.91985770502388,0.,0.392252217977413));
#7324=DIRECTION('ref_axis',(0.392252217977413,4.78996046757521E-15,0.91985770502388));
#7325=DIRECTION('',(3.00051647947488E-16,1.,7.03641197219445E-16));
#7326=DIRECTION('center_axis',(-0.91985770502388,0.,0.392252217977413));
#7327=DIRECTION('ref_axis',(0.216098725021425,0.83455951779594,0.506765973897541));
#7328=DIRECTION('',(-0.327357821889618,0.550917789925329,-0.767676002745609));
#7329=DIRECTION('center_axis',(-0.91985770502388,0.,0.392252217977413));
#7330=DIRECTION('ref_axis',(-0.392252217977413,0.,-0.91985770502388));
#7331=DIRECTION('',(-1.59060163050876E-16,-1.,-3.73006728423721E-16));
#7332=DIRECTION('center_axis',(-0.91985770502388,0.,0.392252217977413));
#7333=DIRECTION('ref_axis',(0.216098725021425,-0.834559517795939,0.506765973897542));
#7334=DIRECTION('',(0.327357821889618,0.550917789925329,0.767676002745609));
#7335=DIRECTION('',(-0.327357821889618,-0.550917789925329,-0.767676002745609));
#7336=DIRECTION('center_axis',(0.91985770502388,0.,-0.392252217977413));
#7337=DIRECTION('ref_axis',(0.216098725021425,-0.834559517795939,0.506765973897542));
#7338=DIRECTION('',(1.59060163050876E-16,1.,3.7300672842372E-16));
#7339=DIRECTION('center_axis',(0.91985770502388,0.,-0.392252217977413));
#7340=DIRECTION('ref_axis',(-0.392252217977413,0.,-0.91985770502388));
#7341=DIRECTION('',(0.327357821889618,-0.550917789925329,0.767676002745609));
#7342=DIRECTION('center_axis',(0.91985770502388,0.,-0.392252217977413));
#7343=DIRECTION('ref_axis',(0.216098725021424,0.834559517795941,0.50676597389754));
#7344=DIRECTION('',(-2.91478743720417E-16,-1.,-6.83537163013175E-16));
#7345=DIRECTION('center_axis',(0.91985770502388,0.,-0.392252217977413));
#7346=DIRECTION('ref_axis',(0.392252217977413,7.18445637775641E-15,0.91985770502388));
#7347=DIRECTION('center_axis',(-0.919857705023881,0.,0.392252217977412));
#7348=DIRECTION('ref_axis',(0.392252217977412,4.7899604675752E-15,0.919857705023881));
#7349=DIRECTION('',(0.919857705023881,0.,-0.392252217977412));
#7350=DIRECTION('',(0.919857705023881,0.,-0.392252217977412));
#7351=DIRECTION('center_axis',(-0.392252217977412,7.64945701249714E-16,
-0.919857705023881));
#7352=DIRECTION('ref_axis',(3.00051647947488E-16,1.,7.03641197219445E-16));
#7353=DIRECTION('',(0.919857705023881,0.,-0.392252217977412));
#7354=DIRECTION('center_axis',(-0.919857705023881,0.,0.392252217977412));
#7355=DIRECTION('ref_axis',(0.216098725021424,0.83455951779594,0.506765973897541));
#7356=DIRECTION('',(0.919857705023881,0.,-0.392252217977412));
#7357=DIRECTION('center_axis',(-0.216098725021424,-0.834559517795939,-0.506765973897542));
#7358=DIRECTION('ref_axis',(-0.327357821889618,0.550917789925329,-0.767676002745609));
#7359=DIRECTION('',(0.919857705023881,0.,-0.392252217977412));
#7360=DIRECTION('center_axis',(-0.919857705023881,0.,0.392252217977412));
#7361=DIRECTION('ref_axis',(-0.392252217977412,0.,-0.919857705023881));
#7362=DIRECTION('',(0.919857705023881,0.,-0.392252217977412));
#7363=DIRECTION('center_axis',(0.392252217977412,-4.05504814914865E-16,
0.919857705023881));
#7364=DIRECTION('ref_axis',(-1.59060163050876E-16,-1.,-3.73006728423721E-16));
#7365=DIRECTION('',(0.919857705023881,0.,-0.392252217977412));
#7366=DIRECTION('center_axis',(-0.919857705023881,0.,0.392252217977412));
#7367=DIRECTION('ref_axis',(0.216098725021425,-0.834559517795939,0.506765973897542));
#7368=DIRECTION('',(0.919857705023881,0.,-0.392252217977412));
#7369=DIRECTION('center_axis',(-0.216098725021424,0.834559517795939,-0.506765973897542));
#7370=DIRECTION('ref_axis',(0.327357821889618,0.550917789925329,0.767676002745609));
#7371=DIRECTION('center_axis',(0.216098725021424,-0.834559517795939,0.506765973897542));
#7372=DIRECTION('ref_axis',(-0.327357821889618,-0.550917789925329,-0.767676002745609));
#7373=DIRECTION('',(0.919857705023881,0.,-0.392252217977412));
#7374=DIRECTION('',(0.919857705023881,0.,-0.392252217977412));
#7375=DIRECTION('center_axis',(-0.919857705023881,0.,0.392252217977412));
#7376=DIRECTION('ref_axis',(0.216098725021424,-0.834559517795939,0.506765973897542));
#7377=DIRECTION('',(0.919857705023881,0.,-0.392252217977412));
#7378=DIRECTION('center_axis',(-0.392252217977412,4.05504814914864E-16,
-0.919857705023881));
#7379=DIRECTION('ref_axis',(1.59060163050876E-16,1.,3.7300672842372E-16));
#7380=DIRECTION('',(0.919857705023881,0.,-0.392252217977412));
#7381=DIRECTION('center_axis',(-0.919857705023881,0.,0.392252217977412));
#7382=DIRECTION('ref_axis',(-0.392252217977412,0.,-0.919857705023881));
#7383=DIRECTION('',(0.919857705023881,0.,-0.392252217977412));
#7384=DIRECTION('center_axis',(0.216098725021424,0.834559517795939,0.506765973897542));
#7385=DIRECTION('ref_axis',(0.327357821889618,-0.550917789925329,0.767676002745609));
#7386=DIRECTION('',(0.919857705023881,0.,-0.392252217977412));
#7387=DIRECTION('center_axis',(-0.919857705023881,0.,0.392252217977412));
#7388=DIRECTION('ref_axis',(0.216098725021424,0.834559517795941,0.50676597389754));
#7389=DIRECTION('',(0.919857705023881,0.,-0.392252217977412));
#7390=DIRECTION('center_axis',(0.392252217977412,-7.43090109785437E-16,
0.919857705023881));
#7391=DIRECTION('ref_axis',(-2.91478743720417E-16,-1.,-6.83537163013175E-16));
#7392=DIRECTION('',(0.919857705023881,0.,-0.392252217977412));
#7393=DIRECTION('center_axis',(-0.919857705023881,0.,0.392252217977412));
#7394=DIRECTION('ref_axis',(0.392252217977412,7.18445637775641E-15,0.919857705023881));
#7395=DIRECTION('center_axis',(0.91985770502388,0.,-0.392252217977414));
#7396=DIRECTION('ref_axis',(3.27663678512752E-5,0.999999996511042,7.68393256998174E-5));
#7397=DIRECTION('center_axis',(0.968655894910163,0.,-0.248406435616694));
#7398=DIRECTION('ref_axis',(0.248406435616694,-2.70927188974159E-18,0.968655894910163));
#7399=DIRECTION('center_axis',(-0.968655894910163,0.,0.248406435616694));
#7400=DIRECTION('ref_axis',(-0.248406435616694,0.,-0.968655894910163));
#7401=DIRECTION('center_axis',(8.13673623492418E-48,7.81819305982383E-32,
1.));
#7402=DIRECTION('ref_axis',(1.,0.,-8.13673623492418E-48));
#7403=DIRECTION('',(-1.,0.,0.));
#7404=DIRECTION('center_axis',(0.,-0.957188339372276,0.28946585803812));
#7405=DIRECTION('ref_axis',(0.,-0.28946585803812,-0.957188339372276));
#7406=DIRECTION('',(-1.,0.,0.));
#7407=DIRECTION('center_axis',(0.,0.81243743174495,0.583048385213157));
#7408=DIRECTION('ref_axis',(1.,0.,0.));
#7409=DIRECTION('axis',(0.,0.,1.));
#7410=DIRECTION('refdir',(1.,0.,0.));
#7411=DIRECTION('center_axis',(0.91985770502388,0.,0.392252217977414));
#7412=DIRECTION('ref_axis',(0.,-1.,0.));
#7413=DIRECTION('center_axis',(0.91985770502388,0.,0.392252217977414));
#7414=DIRECTION('ref_axis',(0.,-1.,0.));
#7415=DIRECTION('',(0.91985770502388,0.,0.392252217977414));
#7416=DIRECTION('center_axis',(0.91985770502388,0.,0.392252217977414));
#7417=DIRECTION('ref_axis',(0.,-1.,0.));
#7418=DIRECTION('center_axis',(-0.91985770502388,0.,-0.392252217977414));
#7419=DIRECTION('ref_axis',(0.,-1.,0.));
#7420=DIRECTION('center_axis',(0.91985770502388,0.,0.392252217977414));
#7421=DIRECTION('ref_axis',(0.,-1.,0.));
#7422=DIRECTION('center_axis',(0.91985770502388,0.,0.392252217977414));
#7423=DIRECTION('ref_axis',(0.,-1.,0.));
#7424=DIRECTION('',(0.91985770502388,0.,0.392252217977414));
#7425=DIRECTION('center_axis',(0.91985770502388,0.,0.392252217977414));
#7426=DIRECTION('ref_axis',(0.,-1.,0.));
#7427=DIRECTION('center_axis',(-0.91985770502388,0.,-0.392252217977414));
#7428=DIRECTION('ref_axis',(0.,-1.,0.));
#7429=DIRECTION('center_axis',(0.91985770502388,0.,0.392252217977414));
#7430=DIRECTION('ref_axis',(0.,-1.,0.));
#7431=DIRECTION('center_axis',(0.91985770502388,0.,0.392252217977414));
#7432=DIRECTION('ref_axis',(0.,-1.,0.));
#7433=DIRECTION('',(0.91985770502388,0.,0.392252217977414));
#7434=DIRECTION('center_axis',(0.91985770502388,0.,0.392252217977414));
#7435=DIRECTION('ref_axis',(0.,-1.,0.));
#7436=DIRECTION('center_axis',(-0.91985770502388,0.,-0.392252217977414));
#7437=DIRECTION('ref_axis',(0.,-1.,0.));
#7438=DIRECTION('center_axis',(0.91985770502388,0.,0.392252217977414));
#7439=DIRECTION('ref_axis',(0.,-1.,0.));
#7440=DIRECTION('center_axis',(0.91985770502388,0.,0.392252217977414));
#7441=DIRECTION('ref_axis',(0.,-1.,0.));
#7442=DIRECTION('',(0.91985770502388,0.,0.392252217977414));
#7443=DIRECTION('center_axis',(0.91985770502388,0.,0.392252217977414));
#7444=DIRECTION('ref_axis',(0.,-1.,0.));
#7445=DIRECTION('center_axis',(-0.91985770502388,0.,-0.392252217977414));
#7446=DIRECTION('ref_axis',(0.,-1.,0.));
#7447=DIRECTION('center_axis',(0.91985770502388,0.,0.392252217977414));
#7448=DIRECTION('ref_axis',(0.392252217977414,0.,-0.91985770502388));
#7449=DIRECTION('',(0.,1.,0.));
#7450=DIRECTION('',(0.377903144369359,0.268000556330746,-0.886208167013915));
#7451=DIRECTION('',(0.327356485680684,-0.550922950244462,-0.767672869246224));
#7452=DIRECTION('',(-3.33388909126103E-32,-1.,7.81819305982383E-32));
#7453=DIRECTION('',(-0.327356485680684,-0.550922950244462,0.767672869246224));
#7454=DIRECTION('',(-0.377903144369359,0.268000556330746,0.886208167013915));
#7455=DIRECTION('center_axis',(8.13673623492418E-48,7.81819305982383E-32,
1.));
#7456=DIRECTION('ref_axis',(1.,0.,-8.13673623492418E-48));
#7457=DIRECTION('',(1.,0.,0.));
#7458=DIRECTION('',(0.,1.,0.));
#7459=DIRECTION('',(-1.,0.,0.));
#7460=DIRECTION('center_axis',(0.,-0.81243743174495,0.583048385213157));
#7461=DIRECTION('ref_axis',(1.,0.,0.));
#7462=DIRECTION('',(1.,0.,0.));
#7463=DIRECTION('',(-0.327356485680684,0.550922950244462,0.767672869246224));
#7464=DIRECTION('center_axis',(0.,0.957188339372276,0.28946585803812));
#7465=DIRECTION('ref_axis',(0.,-0.28946585803812,0.957188339372276));
#7466=DIRECTION('',(-0.305330375483582,0.275642844873421,-0.911479228439761));
#7467=DIRECTION('center_axis',(-0.968655894910163,0.,-0.248406435616695));
#7468=DIRECTION('ref_axis',(0.248406435616695,0.,-0.968655894910163));
#7469=DIRECTION('center_axis',(-0.968655894910163,0.,-0.248406435616695));
#7470=DIRECTION('ref_axis',(-0.248406435616695,-2.72569171937639E-18,0.968655894910163));
#7471=DIRECTION('',(0.,-1.,0.));
#7472=DIRECTION('center_axis',(0.91985770502388,0.,0.392252217977414));
#7473=DIRECTION('ref_axis',(-3.27663678512752E-5,0.999999996511042,7.68393256998174E-5));
#7474=DIRECTION('center_axis',(-0.91985770502388,0.,-0.392252217977414));
#7475=DIRECTION('ref_axis',(-3.27663678512752E-5,0.999999996511042,7.68393256998174E-5));
#7476=DIRECTION('center_axis',(-0.919857705023881,0.,-0.392252217977412));
#7477=DIRECTION('ref_axis',(-0.392252217977412,7.18445637775641E-15,0.919857705023881));
#7478=DIRECTION('center_axis',(0.91985770502388,0.,0.392252217977414));
#7479=DIRECTION('ref_axis',(-0.392252217977412,7.18445637775641E-15,0.919857705023881));
#7480=DIRECTION('',(-0.919857705023881,0.,-0.392252217977412));
#7481=DIRECTION('center_axis',(0.91985770502388,0.,0.392252217977414));
#7482=DIRECTION('ref_axis',(-0.392252217977414,7.18445637775641E-15,0.91985770502388));
#7483=DIRECTION('',(-0.919857705023881,0.,-0.392252217977412));
#7484=DIRECTION('center_axis',(0.392252217977412,7.43090109785437E-16,-0.919857705023881));
#7485=DIRECTION('ref_axis',(2.91478743720417E-16,-1.,-6.83537163013175E-16));
#7486=DIRECTION('',(2.91478743720417E-16,-1.,-6.83537163013175E-16));
#7487=DIRECTION('',(-0.919857705023881,0.,-0.392252217977412));
#7488=DIRECTION('',(2.91478743720417E-16,-1.,-6.83537163013175E-16));
#7489=DIRECTION('center_axis',(-0.919857705023881,0.,-0.392252217977412));
#7490=DIRECTION('ref_axis',(-0.216098725021424,0.834559517795941,0.50676597389754));
#7491=DIRECTION('center_axis',(0.91985770502388,0.,0.392252217977414));
#7492=DIRECTION('ref_axis',(-0.216098725021424,0.834559517795941,0.50676597389754));
#7493=DIRECTION('',(-0.919857705023881,0.,-0.392252217977412));
#7494=DIRECTION('center_axis',(0.91985770502388,0.,0.392252217977414));
#7495=DIRECTION('ref_axis',(-0.216098725021424,0.834559517795941,0.50676597389754));
#7496=DIRECTION('center_axis',(0.216098725021425,-0.834559517795939,-0.506765973897542));
#7497=DIRECTION('ref_axis',(-0.327357821889618,-0.550917789925329,0.767676002745609));
#7498=DIRECTION('',(-0.327357821889618,-0.550917789925329,0.767676002745609));
#7499=DIRECTION('',(-0.919857705023881,0.,-0.392252217977412));
#7500=DIRECTION('',(-0.327357821889618,-0.550917789925329,0.767676002745609));
#7501=DIRECTION('center_axis',(-0.919857705023881,0.,-0.392252217977412));
#7502=DIRECTION('ref_axis',(0.392252217977412,0.,-0.919857705023881));
#7503=DIRECTION('center_axis',(0.91985770502388,0.,0.392252217977414));
#7504=DIRECTION('ref_axis',(0.392252217977412,0.,-0.919857705023881));
#7505=DIRECTION('',(-0.919857705023881,0.,-0.392252217977412));
#7506=DIRECTION('center_axis',(0.91985770502388,0.,0.392252217977414));
#7507=DIRECTION('ref_axis',(0.392252217977414,0.,-0.91985770502388));
#7508=DIRECTION('center_axis',(-0.392252217977412,-4.05504814914864E-16,
0.919857705023881));
#7509=DIRECTION('ref_axis',(-1.59060163050876E-16,1.,3.7300672842372E-16));
#7510=DIRECTION('',(-1.59060163050876E-16,1.,3.7300672842372E-16));
#7511=DIRECTION('',(-0.919857705023881,0.,-0.392252217977412));
#7512=DIRECTION('',(-1.59060163050876E-16,1.,3.7300672842372E-16));
#7513=DIRECTION('center_axis',(-0.919857705023881,0.,-0.392252217977412));
#7514=DIRECTION('ref_axis',(-0.216098725021425,-0.834559517795939,0.506765973897542));
#7515=DIRECTION('center_axis',(0.91985770502388,0.,0.392252217977414));
#7516=DIRECTION('ref_axis',(-0.216098725021425,-0.834559517795939,0.506765973897542));
#7517=DIRECTION('',(-0.919857705023881,0.,-0.392252217977412));
#7518=DIRECTION('center_axis',(0.91985770502388,0.,0.392252217977414));
#7519=DIRECTION('ref_axis',(-0.216098725021425,-0.834559517795939,0.506765973897542));
#7520=DIRECTION('center_axis',(0.216098725021425,0.834559517795939,-0.506765973897542));
#7521=DIRECTION('ref_axis',(0.327357821889618,-0.550917789925329,-0.767676002745609));
#7522=DIRECTION('',(0.327357821889618,-0.550917789925329,-0.767676002745609));
#7523=DIRECTION('',(0.327357821889618,-0.550917789925329,-0.767676002745609));
#7524=DIRECTION('center_axis',(-0.216098725021425,-0.834559517795939,0.506765973897542));
#7525=DIRECTION('ref_axis',(-0.327357821889618,0.550917789925329,0.767676002745609));
#7526=DIRECTION('',(-0.327357821889618,0.550917789925329,0.767676002745609));
#7527=DIRECTION('',(-0.919857705023881,0.,-0.392252217977412));
#7528=DIRECTION('',(-0.327357821889618,0.550917789925329,0.767676002745609));
#7529=DIRECTION('',(-0.919857705023881,0.,-0.392252217977412));
#7530=DIRECTION('center_axis',(-0.919857705023881,0.,-0.392252217977412));
#7531=DIRECTION('ref_axis',(-0.216098725021425,-0.834559517795939,0.506765973897542));
#7532=DIRECTION('center_axis',(-0.91985770502388,0.,-0.392252217977414));
#7533=DIRECTION('ref_axis',(-0.216098725021425,-0.834559517795939,0.506765973897542));
#7534=DIRECTION('',(-0.919857705023881,0.,-0.392252217977412));
#7535=DIRECTION('center_axis',(-0.91985770502388,0.,-0.392252217977414));
#7536=DIRECTION('ref_axis',(-0.216098725021425,-0.834559517795939,0.506765973897542));
#7537=DIRECTION('center_axis',(0.392252217977412,4.05504814914865E-16,-0.919857705023881));
#7538=DIRECTION('ref_axis',(1.59060163050876E-16,-1.,-3.73006728423721E-16));
#7539=DIRECTION('',(1.59060163050876E-16,-1.,-3.73006728423721E-16));
#7540=DIRECTION('',(-0.919857705023881,0.,-0.392252217977412));
#7541=DIRECTION('',(1.59060163050876E-16,-1.,-3.73006728423721E-16));
#7542=DIRECTION('center_axis',(-0.919857705023881,0.,-0.392252217977412));
#7543=DIRECTION('ref_axis',(0.392252217977412,0.,-0.919857705023881));
#7544=DIRECTION('center_axis',(-0.91985770502388,0.,-0.392252217977414));
#7545=DIRECTION('ref_axis',(0.392252217977412,0.,-0.919857705023881));
#7546=DIRECTION('',(-0.919857705023881,0.,-0.392252217977412));
#7547=DIRECTION('center_axis',(-0.91985770502388,0.,-0.392252217977414));
#7548=DIRECTION('ref_axis',(0.392252217977414,0.,-0.91985770502388));
#7549=DIRECTION('center_axis',(-0.216098725021425,0.834559517795939,0.506765973897542));
#7550=DIRECTION('ref_axis',(0.327357821889618,0.550917789925329,-0.767676002745609));
#7551=DIRECTION('',(0.327357821889618,0.550917789925329,-0.767676002745609));
#7552=DIRECTION('',(-0.919857705023881,0.,-0.392252217977412));
#7553=DIRECTION('',(0.327357821889618,0.550917789925329,-0.767676002745609));
#7554=DIRECTION('center_axis',(-0.919857705023881,0.,-0.392252217977412));
#7555=DIRECTION('ref_axis',(-0.216098725021424,0.83455951779594,0.506765973897541));
#7556=DIRECTION('center_axis',(-0.91985770502388,0.,-0.392252217977414));
#7557=DIRECTION('ref_axis',(-0.216098725021424,0.83455951779594,0.506765973897541));
#7558=DIRECTION('',(-0.919857705023881,0.,-0.392252217977412));
#7559=DIRECTION('center_axis',(-0.91985770502388,0.,-0.392252217977414));
#7560=DIRECTION('ref_axis',(-0.216098725021425,0.83455951779594,0.506765973897541));
#7561=DIRECTION('center_axis',(-0.392252217977412,-7.64945701249714E-16,
0.919857705023881));
#7562=DIRECTION('ref_axis',(-3.00051647947488E-16,1.,7.03641197219445E-16));
#7563=DIRECTION('',(-3.00051647947488E-16,1.,7.03641197219445E-16));
#7564=DIRECTION('',(-0.919857705023881,0.,-0.392252217977412));
#7565=DIRECTION('',(-3.00051647947488E-16,1.,7.03641197219445E-16));
#7566=DIRECTION('center_axis',(-0.919857705023881,0.,-0.392252217977412));
#7567=DIRECTION('ref_axis',(-0.392252217977412,4.7899604675752E-15,0.919857705023881));
#7568=DIRECTION('center_axis',(-0.91985770502388,0.,-0.392252217977414));
#7569=DIRECTION('ref_axis',(-0.392252217977412,4.7899604675752E-15,0.919857705023881));
#7570=DIRECTION('center_axis',(-0.91985770502388,0.,-0.392252217977414));
#7571=DIRECTION('ref_axis',(-0.392252217977414,4.78996046757521E-15,0.91985770502388));
#7572=DIRECTION('center_axis',(0.91985770502388,0.,0.392252217977414));
#7573=DIRECTION('ref_axis',(0.,1.,0.));
#7574=DIRECTION('center_axis',(0.91985770502388,0.,0.392252217977414));
#7575=DIRECTION('ref_axis',(0.392252217977414,0.,-0.91985770502388));
#7576=DIRECTION('',(0.,1.,0.));
#7577=DIRECTION('',(-0.327356485680684,-0.550922950244462,0.767672869246224));
#7578=DIRECTION('center_axis',(-0.216098725021425,-0.83455951779594,0.506765973897541));
#7579=DIRECTION('ref_axis',(0.327357821889618,-0.550917789925329,-0.767676002745609));
#7580=DIRECTION('',(-0.327357821889618,0.550917789925329,0.767676002745609));
#7581=DIRECTION('',(0.91985770502388,0.,0.392252217977414));
#7582=DIRECTION('',(0.327357821889618,-0.550917789925329,-0.767676002745609));
#7583=DIRECTION('',(0.91985770502388,0.,0.392252217977414));
#7584=DIRECTION('center_axis',(-0.392252217977414,-1.68013938264415E-16,
0.91985770502388));
#7585=DIRECTION('ref_axis',(6.59038399353371E-17,-1.,-1.54548915663929E-16));
#7586=DIRECTION('',(-6.59038399353371E-17,1.,1.54548915663929E-16));
#7587=DIRECTION('',(6.59038399353371E-17,-1.,-1.54548915663929E-16));
#7588=DIRECTION('',(0.91985770502388,0.,0.392252217977414));
#7589=DIRECTION('center_axis',(-0.216098725021425,0.83455951779594,0.50676597389754));
#7590=DIRECTION('ref_axis',(-0.327357821889618,-0.550917789925328,0.767676002745609));
#7591=DIRECTION('',(0.327357821889618,0.550917789925328,-0.767676002745609));
#7592=DIRECTION('',(-0.327357821889618,-0.550917789925328,0.767676002745609));
#7593=DIRECTION('',(0.91985770502388,0.,0.392252217977414));
#7594=DIRECTION('center_axis',(0.392252217977414,0.,-0.91985770502388));
#7595=DIRECTION('ref_axis',(0.,1.,0.));
#7596=DIRECTION('',(0.,-1.,0.));
#7597=DIRECTION('',(0.,1.,0.));
#7598=DIRECTION('center_axis',(0.91985770502388,0.,0.392252217977414));
#7599=DIRECTION('ref_axis',(0.392252217977414,0.,-0.91985770502388));
#7600=DIRECTION('center_axis',(0.91985770502388,0.,0.392252217977414));
#7601=DIRECTION('ref_axis',(0.392252217977414,0.,-0.91985770502388));
#7602=DIRECTION('center_axis',(0.,0.81243743174495,0.583048385213157));
#7603=DIRECTION('ref_axis',(1.,0.,0.));
#7604=DIRECTION('',(-1.,0.,0.));
#7605=DIRECTION('center_axis',(-0.948212879757763,0.,0.317635537466275));
#7606=DIRECTION('ref_axis',(0.317635537466275,0.,0.948212879757763));
#7607=DIRECTION('',(-0.305330375483585,-0.27564284487342,-0.91147922843976));
#7608=DIRECTION('center_axis',(0.,-0.957188339372276,0.28946585803812));
#7609=DIRECTION('ref_axis',(0.,-0.28946585803812,-0.957188339372276));
#7610=DIRECTION('center_axis',(0.,0.,1.));
#7611=DIRECTION('ref_axis',(1.,0.,0.));
#7612=DIRECTION('center_axis',(0.,-1.,0.));
#7613=DIRECTION('ref_axis',(-1.,0.,0.));
#7614=DIRECTION('',(-1.74047156934374E-18,-2.07789026884967E-18,1.));
#7615=DIRECTION('',(0.999999999999999,5.6996313644859E-17,3.17058325825458E-20));
#7616=DIRECTION('',(0.,0.,1.));
#7617=DIRECTION('',(1.,-3.17016290967255E-33,0.));
#7618=DIRECTION('',(-4.77914037891668E-18,-8.67361737988604E-19,1.));
#7619=DIRECTION('',(1.,-6.55709425968326E-19,8.50418746166245E-17));
#7620=DIRECTION('',(0.,0.,1.));
#7621=DIRECTION('',(1.,-3.17016290967255E-33,0.));
#7622=DIRECTION('',(6.00573901474979E-17,-2.01505185461018E-17,1.));
#7623=DIRECTION('',(0.999999999999999,-2.58074924354978E-17,4.54369882018595E-16));
#7624=DIRECTION('center_axis',(0.,0.,1.));
#7625=DIRECTION('ref_axis',(1.,0.,0.));
#7626=CARTESIAN_POINT('',(0.,0.,0.));
#7627=CARTESIAN_POINT('',(0.,0.,0.));
#7628=CARTESIAN_POINT('',(0.,0.,0.));
#7629=CARTESIAN_POINT('',(0.,0.,0.));
#7630=CARTESIAN_POINT('Origin',(113.757406932956,150.027597647476,89.9203425058467));
#7631=CARTESIAN_POINT('',(113.757406932956,138.706101712398,89.9203425058467));
#7632=CARTESIAN_POINT('Origin',(113.757406932956,136.106101712398,89.9203425058467));
#7633=CARTESIAN_POINT('Origin',(111.657406932956,136.106101712398,89.9203425058467));
#7634=CARTESIAN_POINT('',(111.657406932956,138.706101712398,89.9203425058467));
#7635=CARTESIAN_POINT('',(111.657406932956,138.706101712398,89.9203425058467));
#7636=CARTESIAN_POINT('Origin',(111.657406932956,136.106101712398,89.9203425058467));
#7637=CARTESIAN_POINT('Origin',(113.757406932956,150.027597647476,89.9203425058467));
#7638=CARTESIAN_POINT('',(113.757406932956,166.549093582554,89.9203425058467));
#7639=CARTESIAN_POINT('Origin',(113.757406932956,163.949093582554,89.9203425058467));
#7640=CARTESIAN_POINT('Origin',(111.657406932956,163.949093582554,89.9203425058467));
#7641=CARTESIAN_POINT('',(111.657406932956,166.549093582554,89.9203425058467));
#7642=CARTESIAN_POINT('',(111.657406932956,166.549093582554,89.9203425058467));
#7643=CARTESIAN_POINT('Origin',(111.657406932956,163.949093582554,89.9203425058467));
#7644=CARTESIAN_POINT('Ctrl Pts',(114.557788742754,173.900055446498,71.6036696352907));
#7645=CARTESIAN_POINT('Ctrl Pts',(114.557788742754,173.900055446498,51.6036696352907));
#7646=CARTESIAN_POINT('Ctrl Pts',(114.539594717224,173.916414076276,71.6036696352907));
#7647=CARTESIAN_POINT('Ctrl Pts',(114.539594717224,173.916414076276,51.6036696352907));
#7648=CARTESIAN_POINT('Ctrl Pts',(114.521381725918,173.932760117452,71.6036696352907));
#7649=CARTESIAN_POINT('Ctrl Pts',(114.521381725918,173.932760117452,51.6036696352907));
#7650=CARTESIAN_POINT('Ctrl Pts',(114.503149756879,173.949093582292,71.6036696352907));
#7651=CARTESIAN_POINT('Ctrl Pts',(114.503149756879,173.949093582292,51.6036696352907));
#7652=CARTESIAN_POINT('',(114.503149756879,173.949093582292,64.6077834967633));
#7653=CARTESIAN_POINT('',(114.536518157394,173.919166782378,63.9384507055871));
#7654=CARTESIAN_POINT('Ctrl Pts',(114.503149756879,173.949093582292,64.6077834967633));
#7655=CARTESIAN_POINT('Ctrl Pts',(114.503149756879,173.949093582292,64.6014769087238));
#7656=CARTESIAN_POINT('Ctrl Pts',(114.503158636114,173.949085627663,64.5951703250754));
#7657=CARTESIAN_POINT('Ctrl Pts',(114.50317639438,173.949069718546,64.5888637819567));
#7658=CARTESIAN_POINT('Ctrl Pts',(114.503202998274,173.949045884887,64.5794158660458));
#7659=CARTESIAN_POINT('Ctrl Pts',(114.503249529527,173.949004198856,64.5699681095189));
#7660=CARTESIAN_POINT('Ctrl Pts',(114.503315986171,173.948944661721,64.560520547415));
#7661=CARTESIAN_POINT('Ctrl Pts',(114.50346016679,173.948815493282,64.5400236449852));
#7662=CARTESIAN_POINT('Ctrl Pts',(114.503698128861,173.948602306907,64.519528525905));
#7663=CARTESIAN_POINT('Ctrl Pts',(114.504029825053,173.948305133091,64.4990355478942));
#7664=CARTESIAN_POINT('Ctrl Pts',(114.504838430511,173.947580685913,64.4490779834603));
#7665=CARTESIAN_POINT('Ctrl Pts',(114.506203896297,173.946357304741,64.3991452354957));
#7666=CARTESIAN_POINT('Ctrl Pts',(114.508124611977,173.944636027168,64.3492424794355));
#7667=CARTESIAN_POINT('Ctrl Pts',(114.513417166976,173.939893026257,64.2117348390571));
#7668=CARTESIAN_POINT('Ctrl Pts',(114.522914045982,173.931381271249,64.0747687072506));
#7669=CARTESIAN_POINT('Ctrl Pts',(114.53651815657,173.919166783124,63.9384507055871));
#7670=CARTESIAN_POINT('',(114.503149756231,173.949093582872,71.6036696352907));
#7671=CARTESIAN_POINT('',(114.503149756879,173.949093582292,71.6036696352907));
#7672=CARTESIAN_POINT('',(114.557788743323,173.900055446498,71.6036696348131));
#7673=CARTESIAN_POINT('Ctrl Pts',(114.557788742754,173.900055446498,71.6036696352907));
#7674=CARTESIAN_POINT('Ctrl Pts',(114.539594717224,173.916414076276,71.6036696352907));
#7675=CARTESIAN_POINT('Ctrl Pts',(114.521381725918,173.932760117452,71.6036696352907));
#7676=CARTESIAN_POINT('Ctrl Pts',(114.503149756879,173.949093582292,71.6036696352907));
#7677=CARTESIAN_POINT('',(114.557788743323,173.900055446498,64.4494035358743));
#7678=CARTESIAN_POINT('',(114.557788743323,173.900055446498,71.6036696352906));
#7679=CARTESIAN_POINT('Ctrl Pts',(114.53651815657,173.919166783124,63.9384507055871));
#7680=CARTESIAN_POINT('Ctrl Pts',(114.549397991163,173.907602588195,64.1082594640233));
#7681=CARTESIAN_POINT('Ctrl Pts',(114.556507125094,173.901207775804,64.2786538940551));
#7682=CARTESIAN_POINT('Ctrl Pts',(114.557788742754,173.900055446498,64.4494034600566));
#7683=CARTESIAN_POINT('Origin',(114.558,173.949093582291,71.6036696352906));
#7684=CARTESIAN_POINT('',(114.558,173.949093582291,64.6077834967633));
#7685=CARTESIAN_POINT('',(114.558,173.948398756201,64.505695747451));
#7686=CARTESIAN_POINT('Origin',(114.558000000163,166.449093582291,64.6077834967633));
#7687=CARTESIAN_POINT('',(114.55799657134,173.948297701559,64.4985242749172));
#7688=CARTESIAN_POINT('Ctrl Pts',(114.558,173.948398756201,64.505695747451));
#7689=CARTESIAN_POINT('Ctrl Pts',(114.558,173.948366212047,64.5033050732503));
#7690=CARTESIAN_POINT('Ctrl Pts',(114.557998856938,173.948332526994,64.5009145815734));
#7691=CARTESIAN_POINT('Ctrl Pts',(114.55799657134,173.948297701559,64.4985242749172));
#7692=CARTESIAN_POINT('Ctrl Pts',(114.557788743323,173.900055446498,64.4494035358743));
#7693=CARTESIAN_POINT('Ctrl Pts',(114.557973086524,173.942846268791,64.4739635651015));
#7694=CARTESIAN_POINT('Ctrl Pts',(114.55799657134,173.948297701559,64.4985242749172));
#7695=CARTESIAN_POINT('',(114.558,173.949093582291,71.6036696352907));
#7696=CARTESIAN_POINT('',(114.554804617736,173.207362755837,71.6036696352907));
#7697=CARTESIAN_POINT('',(114.558,173.949093582291,68.7372559358277));
#7698=CARTESIAN_POINT('Origin',(85.206850243445,173.949093582582,99.9203425058465));
#7699=CARTESIAN_POINT('',(111.657406932956,173.94909358232,64.6077834967633));
#7700=CARTESIAN_POINT('',(95.0550000000146,173.949093582484,64.6077834967633));
#7701=CARTESIAN_POINT('',(111.657406932956,173.94909358232,99.9203425058465));
#7702=CARTESIAN_POINT('',(111.657406932956,173.94909358232,80.0291786716426));
#7703=CARTESIAN_POINT('',(114.503149756555,173.949093582582,99.9203425058466));
#7704=CARTESIAN_POINT('',(85.206850243445,173.949093582582,99.9203425058465));
#7705=CARTESIAN_POINT('Ctrl Pts',(114.503149756231,173.949093582873,71.6036696352906));
#7706=CARTESIAN_POINT('Ctrl Pts',(114.503149756231,173.949093582873,81.0425605921426));
#7707=CARTESIAN_POINT('Ctrl Pts',(114.503149756231,173.949093582873,90.4814515489946));
#7708=CARTESIAN_POINT('Ctrl Pts',(114.503149756231,173.949093582873,99.9203425058465));
#7709=CARTESIAN_POINT('Origin',(95.0549999999403,166.449093582484,64.6077834967633));
#7710=CARTESIAN_POINT('',(113.155,172.471648533011,60.1380148374386));
#7711=CARTESIAN_POINT('Ctrl Pts',(114.536518157394,173.919166782378,63.9384507055871));
#7712=CARTESIAN_POINT('Ctrl Pts',(114.462410793871,173.831623165056,62.9614221807285));
#7713=CARTESIAN_POINT('Ctrl Pts',(114.187325692276,173.54262061656,61.9959249922111));
#7714=CARTESIAN_POINT('Ctrl Pts',(113.587605964818,172.919793607072,60.7934949113967));
#7715=CARTESIAN_POINT('Ctrl Pts',(113.379625034163,172.704365881285,60.4515776022856));
#7716=CARTESIAN_POINT('Ctrl Pts',(113.155000000046,172.47164853288,60.1380148375032));
#7717=CARTESIAN_POINT('',(111.657406932956,172.471648532847,60.1380148374386));
#7718=CARTESIAN_POINT('',(95.055,172.471648533011,60.1380148374386));
#7719=CARTESIAN_POINT('Origin',(111.657406932881,166.44909358232,64.6077834967633));
#7720=CARTESIAN_POINT('Ctrl Pts',(114.558,172.47164853288,64.505695747451));
#7721=CARTESIAN_POINT('Ctrl Pts',(114.558,172.47164853288,62.0965167502389));
#7722=CARTESIAN_POINT('Ctrl Pts',(113.155,172.47164853288,60.1380148374386));
#7723=CARTESIAN_POINT('Ctrl Pts',(114.558,173.948398756201,64.505695747451));
#7724=CARTESIAN_POINT('Ctrl Pts',(114.558,173.948398756201,62.0965167502389));
#7725=CARTESIAN_POINT('Ctrl Pts',(113.155,173.948398756201,60.1380148374386));
#7726=CARTESIAN_POINT('',(114.558,172.471648533012,64.505695747451));
#7727=CARTESIAN_POINT('',(114.558,172.471648533012,64.505695747451));
#7728=CARTESIAN_POINT('Origin',(107.058,172.471648533011,64.505695747451));
#7729=CARTESIAN_POINT('Ctrl Pts',(114.557788744694,126.106101712398,99.9393586209646));
#7730=CARTESIAN_POINT('Ctrl Pts',(114.557788744694,126.106101712398,71.5846535199373));
#7731=CARTESIAN_POINT('Ctrl Pts',(116.8881755141,128.399285130604,99.9393586209646));
#7732=CARTESIAN_POINT('Ctrl Pts',(116.8881755141,128.399285130604,71.5846535199373));
#7733=CARTESIAN_POINT('Ctrl Pts',(118.938833814175,130.75878298067,99.9393586209646));
#7734=CARTESIAN_POINT('Ctrl Pts',(118.938833814175,130.75878298067,71.5846535199373));
#7735=CARTESIAN_POINT('Ctrl Pts',(120.686134077847,133.368485932908,99.9393586209646));
#7736=CARTESIAN_POINT('Ctrl Pts',(120.686134077847,133.368485932908,71.5846535199373));
#7737=CARTESIAN_POINT('Ctrl Pts',(122.211644000837,135.646931047617,99.9393586209646));
#7738=CARTESIAN_POINT('Ctrl Pts',(122.211644000837,135.646931047617,71.5846535199373));
#7739=CARTESIAN_POINT('Ctrl Pts',(123.499868161305,138.184766827328,99.9393586209646));
#7740=CARTESIAN_POINT('Ctrl Pts',(123.499868161305,138.184766827328,71.5846535199373));
#7741=CARTESIAN_POINT('Ctrl Pts',(124.374869575054,141.088870652683,99.9393586209646));
#7742=CARTESIAN_POINT('Ctrl Pts',(124.374869575054,141.088870652683,71.5846535199373));
#7743=CARTESIAN_POINT('Ctrl Pts',(125.437419567062,144.615442664954,99.9393586209646));
#7744=CARTESIAN_POINT('Ctrl Pts',(125.437419567062,144.615442664954,71.5846535199373));
#7745=CARTESIAN_POINT('Ctrl Pts',(125.865183301479,148.656443320541,99.9393586209646));
#7746=CARTESIAN_POINT('Ctrl Pts',(125.865183301479,148.656443320541,71.5846535199373));
#7747=CARTESIAN_POINT('Ctrl Pts',(125.550807299146,152.542649558586,99.9393586209646));
#7748=CARTESIAN_POINT('Ctrl Pts',(125.550807299146,152.542649558586,71.5846535199373));
#7749=CARTESIAN_POINT('Ctrl Pts',(125.265092035527,156.074561764161,99.9393586209646));
#7750=CARTESIAN_POINT('Ctrl Pts',(125.265092035527,156.074561764161,71.5846535199373));
#7751=CARTESIAN_POINT('Ctrl Pts',(124.393254029316,159.425461662152,99.9393586209645));
#7752=CARTESIAN_POINT('Ctrl Pts',(124.393254029316,159.425461662152,71.5846535199372));
#7753=CARTESIAN_POINT('Ctrl Pts',(123.111791938568,162.363191149718,99.9393586209646));
#7754=CARTESIAN_POINT('Ctrl Pts',(123.111791938568,162.363191149718,71.5846535199373));
#7755=CARTESIAN_POINT('Ctrl Pts',(121.334136971568,166.438434149866,99.9393586209648));
#7756=CARTESIAN_POINT('Ctrl Pts',(121.334136971568,166.438434149866,71.5846535199375));
#7757=CARTESIAN_POINT('Ctrl Pts',(118.809232113564,169.802083184031,99.9393586209646));
#7758=CARTESIAN_POINT('Ctrl Pts',(118.809232113564,169.802083184031,71.5846535199373));
#7759=CARTESIAN_POINT('Ctrl Pts',(115.734263367721,172.798941786614,99.9393586209646));
#7760=CARTESIAN_POINT('Ctrl Pts',(115.734263367721,172.798941786614,71.5846535199373));
#7761=CARTESIAN_POINT('Ctrl Pts',(115.33382197537,173.189211194431,99.9393586209646));
#7762=CARTESIAN_POINT('Ctrl Pts',(115.33382197537,173.189211194431,71.5846535199373));
#7763=CARTESIAN_POINT('Ctrl Pts',(114.92344113197,173.572567361645,99.9393586209646));
#7764=CARTESIAN_POINT('Ctrl Pts',(114.92344113197,173.572567361645,71.5846535199373));
#7765=CARTESIAN_POINT('Ctrl Pts',(114.503149756231,173.949093582873,99.9393586209646));
#7766=CARTESIAN_POINT('Ctrl Pts',(114.503149756231,173.949093582873,71.5846535199373));
#7767=CARTESIAN_POINT('',(114.557788744694,126.106101712398,71.6036696352907));
#7768=CARTESIAN_POINT('Ctrl Pts',(114.557788744693,173.900055444754,71.6036696352905));
#7769=CARTESIAN_POINT('Ctrl Pts',(116.916832227718,171.778989993355,74.415068181271));
#7770=CARTESIAN_POINT('Ctrl Pts',(120.203302622721,168.36715691723,78.3317310814705));
#7771=CARTESIAN_POINT('Ctrl Pts',(124.164702489421,160.278355547019,83.0527436043126));
#7772=CARTESIAN_POINT('Ctrl Pts',(124.86877902626,157.336173937027,83.8918293465531));
#7773=CARTESIAN_POINT('Ctrl Pts',(125.520701262029,153.404184405468,84.6687600131228));
#7774=CARTESIAN_POINT('Ctrl Pts',(125.666301832342,151.585191426057,84.842280015875));
#7775=CARTESIAN_POINT('Ctrl Pts',(125.642314637622,147.907385222404,84.8136931903909));
#7776=CARTESIAN_POINT('Ctrl Pts',(125.470800116492,146.076440334089,84.6092901436522));
#7777=CARTESIAN_POINT('Ctrl Pts',(124.5228555598,140.879541866612,83.479573812635));
#7778=CARTESIAN_POINT('Ctrl Pts',(123.446563692183,138.295738669074,82.1968991127218));
#7779=CARTESIAN_POINT('Ctrl Pts',(120.5001987782,132.508597285572,78.6855581413895));
#7780=CARTESIAN_POINT('Ctrl Pts',(117.388071009594,128.891200067709,74.9766686925409));
#7781=CARTESIAN_POINT('Ctrl Pts',(114.557788744694,126.106101712398,71.6036696352905));
#7782=CARTESIAN_POINT('',(114.557788744694,126.106101712398,99.9203425058465));
#7783=CARTESIAN_POINT('Ctrl Pts',(114.503149756879,173.949093582292,99.9203425058465));
#7784=CARTESIAN_POINT('Ctrl Pts',(114.923441132392,173.572567361251,99.9203425058465));
#7785=CARTESIAN_POINT('Ctrl Pts',(115.333821975576,173.18921119423,99.9203425058465));
#7786=CARTESIAN_POINT('Ctrl Pts',(115.734263367721,172.798941786614,99.9203425058465));
#7787=CARTESIAN_POINT('Ctrl Pts',(118.809232113564,169.802083184031,99.9203425058465));
#7788=CARTESIAN_POINT('Ctrl Pts',(121.334136971568,166.438434149866,99.9203425058467));
#7789=CARTESIAN_POINT('Ctrl Pts',(123.111791938568,162.363191149718,99.9203425058465));
#7790=CARTESIAN_POINT('Ctrl Pts',(124.393254029316,159.425461662152,99.9203425058464));
#7791=CARTESIAN_POINT('Ctrl Pts',(125.265092035527,156.074561764161,99.9203425058465));
#7792=CARTESIAN_POINT('Ctrl Pts',(125.550807299146,152.542649558586,99.9203425058465));
#7793=CARTESIAN_POINT('Ctrl Pts',(125.865183301479,148.656443320541,99.9203425058465));
#7794=CARTESIAN_POINT('Ctrl Pts',(125.437419567062,144.615442664954,99.9203425058465));
#7795=CARTESIAN_POINT('Ctrl Pts',(124.374869575054,141.088870652683,99.9203425058465));
#7796=CARTESIAN_POINT('Ctrl Pts',(123.499868161305,138.184766827328,99.9203425058465));
#7797=CARTESIAN_POINT('Ctrl Pts',(122.211644000837,135.646931047617,99.9203425058465));
#7798=CARTESIAN_POINT('Ctrl Pts',(120.686134077847,133.368485932908,99.9203425058465));
#7799=CARTESIAN_POINT('Ctrl Pts',(118.938833814175,130.75878298067,99.9203425058465));
#7800=CARTESIAN_POINT('Ctrl Pts',(116.8881755141,128.399285130604,99.9203425058465));
#7801=CARTESIAN_POINT('Ctrl Pts',(114.557788744694,126.106101712398,99.9203425058465));
#7802=CARTESIAN_POINT('',(114.557788744694,126.106101712398,71.6216179396692));
#7803=CARTESIAN_POINT('Ctrl Pts',(114.557788744694,126.106101712398,99.9203425058465));
#7804=CARTESIAN_POINT('Ctrl Pts',(114.557788744694,126.106101712398,71.6216179396692));
#7805=CARTESIAN_POINT('',(114.557788744694,126.106101712398,99.9203425058465));
#7806=CARTESIAN_POINT('Origin',(126.770449675737,127.531648533012,86.1581521749959));
#7807=CARTESIAN_POINT('',(114.557788744694,138.779623090178,71.6036696352907));
#7808=CARTESIAN_POINT('Origin',(113.155,135.021500761801,55.2182085967311));
#7809=CARTESIAN_POINT('',(113.155,127.635666490195,60.1380148374386));
#7810=CARTESIAN_POINT('',(111.657406932956,127.635666490195,60.1380148374386));
#7811=CARTESIAN_POINT('',(113.155,127.635666490195,60.1380148374386));
#7812=CARTESIAN_POINT('',(113.155,127.531754323008,60.2073214333123));
#7813=CARTESIAN_POINT('',(113.155,135.815166349065,54.6895369848769));
#7814=CARTESIAN_POINT('',(111.657406932956,127.531754323008,60.2073214333123));
#7815=CARTESIAN_POINT('',(113.155,127.531648533012,60.2074436198708));
#7816=CARTESIAN_POINT('',(111.657406932956,147.368336635481,46.9938106545985));
#7817=CARTESIAN_POINT('Origin',(113.155,150.001648533012,74.2667636489836));
#7818=CARTESIAN_POINT('',(113.155,161.975371058219,60.1380148374386));
#7819=CARTESIAN_POINT('',(113.155,138.755761468995,60.1901032439245));
#7820=CARTESIAN_POINT('Origin',(113.155,172.471648533012,71.6036696352907));
#7821=CARTESIAN_POINT('',(114.558,126.106101712398,71.6036696352907));
#7822=CARTESIAN_POINT('',(107.2065,126.106101712398,71.6036696352907));
#7823=CARTESIAN_POINT('',(114.558,172.471648533012,71.6036696352907));
#7824=CARTESIAN_POINT('Origin',(114.558,150.001853056935,65.8708434413833));
#7825=CARTESIAN_POINT('',(114.558,126.106101712398,64.5751245298831));
#7826=CARTESIAN_POINT('',(114.558,126.106101712398,65.2403405787319));
#7827=CARTESIAN_POINT('',(114.558,127.531648533012,64.5751245298831));
#7828=CARTESIAN_POINT('',(114.558,127.531648533012,64.5751245298831));
#7829=CARTESIAN_POINT('',(114.558,138.762509178026,64.5577737292545));
#7830=CARTESIAN_POINT('Origin',(107.058,138.762509178026,64.5577737292545));
#7831=CARTESIAN_POINT('Origin',(107.058,127.531648533012,64.5751245298831));
#7832=CARTESIAN_POINT('Ctrl Pts',(113.155,127.531648533012,60.2074436198708));
#7833=CARTESIAN_POINT('Ctrl Pts',(114.558,127.531648533012,62.165945532671));
#7834=CARTESIAN_POINT('Ctrl Pts',(114.558,127.531648533012,64.5751245298831));
#7835=CARTESIAN_POINT('Ctrl Pts',(113.155,126.106101712398,60.2074436198708));
#7836=CARTESIAN_POINT('Ctrl Pts',(114.558,126.106101712398,62.165945532671));
#7837=CARTESIAN_POINT('Ctrl Pts',(114.558,126.106101712398,64.5751245298831));
#7838=CARTESIAN_POINT('',(113.155,127.477693206513,60.2074436198708));
#7839=CARTESIAN_POINT('',(114.557869839654,126.106101712398,64.5309386395276));
#7840=CARTESIAN_POINT('Ctrl Pts',(113.155,127.477693206513,60.2074436198708));
#7841=CARTESIAN_POINT('Ctrl Pts',(113.536418174485,127.102067791999,60.7398799878716));
#7842=CARTESIAN_POINT('Ctrl Pts',(113.875969774232,126.767686082237,61.3668480035882));
#7843=CARTESIAN_POINT('Ctrl Pts',(114.282427722404,126.369224350212,62.5040764137713));
#7844=CARTESIAN_POINT('Ctrl Pts',(114.403615429259,126.251077385639,62.983031612196));
#7845=CARTESIAN_POINT('Ctrl Pts',(114.528557188922,126.131236899901,63.8220333348718));
#7846=CARTESIAN_POINT('Ctrl Pts',(114.555790745703,126.106101712398,64.1780438327985));
#7847=CARTESIAN_POINT('Ctrl Pts',(114.557869839654,126.106101712398,64.5309386395277));
#7848=CARTESIAN_POINT('',(113.155,127.531648533012,60.2074436198708));
#7849=CARTESIAN_POINT('Origin',(107.058,126.106101712398,64.5751245298831));
#7850=CARTESIAN_POINT('Origin',(106.558,131.106101712399,65.188915141025));
#7851=CARTESIAN_POINT('',(111.657406932956,131.106101712399,68.1337439213098));
#7852=CARTESIAN_POINT('',(111.657406932956,131.106101712399,62.2440863607403));
#7853=CARTESIAN_POINT('',(111.657406932956,131.106101712399,62.6634649892318));
#7854=CARTESIAN_POINT('',(111.658,131.106101712399,68.1334015138921));
#7855=CARTESIAN_POINT('',(111.658,131.106101712399,68.1334015138921));
#7856=CARTESIAN_POINT('',(111.658,131.106101712399,62.2444287681579));
#7857=CARTESIAN_POINT('',(111.658,131.106101712399,62.2444287681579));
#7858=CARTESIAN_POINT('',(106.558,131.106101712399,59.2999423952908));
#7859=CARTESIAN_POINT('Origin',(111.658,136.606101712399,62.2444287681579));
#7860=CARTESIAN_POINT('',(111.658,136.606101712399,62.2444287681579));
#7861=CARTESIAN_POINT('',(111.658,136.606101712399,68.1334015138921));
#7862=CARTESIAN_POINT('',(111.658,136.606101712399,62.2444287681579));
#7863=CARTESIAN_POINT('',(111.658,136.606101712399,62.2444287681579));
#7864=CARTESIAN_POINT('',(111.658,136.606101712399,68.1334015138921));
#7865=CARTESIAN_POINT('Origin',(111.658,136.606101712399,68.1334015138921));
#7866=CARTESIAN_POINT('',(111.657406932956,136.606101712399,68.1337439213098));
#7867=CARTESIAN_POINT('',(111.657406932956,155.277597647913,68.1337439213098));
#7868=CARTESIAN_POINT('',(111.658,136.606101712399,68.1334015138921));
#7869=CARTESIAN_POINT('Origin',(106.558,163.449093582437,65.188915141025));
#7870=CARTESIAN_POINT('',(111.657406932956,163.449093582437,68.1337439213098));
#7871=CARTESIAN_POINT('',(111.657406932956,163.449093582437,62.2440863607403));
#7872=CARTESIAN_POINT('',(111.657406932956,163.449093582437,62.6634649892318));
#7873=CARTESIAN_POINT('',(111.658,163.449093582437,68.1334015138921));
#7874=CARTESIAN_POINT('',(111.658,163.449093582437,68.1334015138921));
#7875=CARTESIAN_POINT('',(111.658,163.449093582437,62.2444287681579));
#7876=CARTESIAN_POINT('',(111.658,163.449093582437,62.2444287681579));
#7877=CARTESIAN_POINT('',(106.558,163.449093582437,59.2999423952908));
#7878=CARTESIAN_POINT('Origin',(111.658,163.449093582437,62.2444287681579));
#7879=CARTESIAN_POINT('',(111.658,168.949093582437,68.1334015138921));
#7880=CARTESIAN_POINT('',(111.658,163.449093582437,68.1334015138921));
#7881=CARTESIAN_POINT('',(111.658,168.949093582437,62.2444287681579));
#7882=CARTESIAN_POINT('',(111.658,168.949093582437,62.2444287681579));
#7883=CARTESIAN_POINT('',(111.658,163.449093582437,62.2444287681579));
#7884=CARTESIAN_POINT('Origin',(111.658,163.449093582437,68.1334015138921));
#7885=CARTESIAN_POINT('',(111.657406932956,168.949093582437,68.1337439213098));
#7886=CARTESIAN_POINT('',(111.657406932956,168.699093582932,68.1337439213098));
#7887=CARTESIAN_POINT('',(111.658,168.949093582437,68.1334015138921));
#7888=CARTESIAN_POINT('Origin',(86.555,127.531648533012,60.2074436198708));
#7889=CARTESIAN_POINT('',(111.657406932956,127.477693206513,60.2074436198708));
#7890=CARTESIAN_POINT('',(111.657406932956,150.740371058219,60.2074436198708));
#7891=CARTESIAN_POINT('',(95.055,127.477693206513,60.2074436198708));
#7892=CARTESIAN_POINT('Origin',(95.055,133.606101712398,64.5309386395276));
#7893=CARTESIAN_POINT('',(111.657406932956,126.106101712398,64.5309386395276));
#7894=CARTESIAN_POINT('Origin',(111.657406932956,133.606101712398,64.5309386395276));
#7895=CARTESIAN_POINT('',(95.055,126.106101712398,64.5309386395276));
#7896=CARTESIAN_POINT('Origin',(114.557788744694,126.106101712398,99.9203425058465));
#7897=CARTESIAN_POINT('',(111.657406932956,126.106101712398,99.9203425058465));
#7898=CARTESIAN_POINT('',(111.657406932956,126.106101712398,80.0291786716426));
#7899=CARTESIAN_POINT('',(85.1522112553062,126.106101712398,99.9203425058465));
#7900=CARTESIAN_POINT('Origin',(81.2902598642426,150.001648533012,99.9203425058465));
#7901=CARTESIAN_POINT('',(111.657406932956,161.975371058219,99.9203425058465));
#7902=CARTESIAN_POINT('Origin',(106.558,136.606101712399,59.2999423952908));
#7903=CARTESIAN_POINT('',(111.657406932956,136.606101712399,62.2440863607403));
#7904=CARTESIAN_POINT('',(111.657406932956,155.277597647913,62.2440863607403));
#7905=CARTESIAN_POINT('',(106.558,136.606101712399,59.2999423952908));
#7906=CARTESIAN_POINT('Origin',(106.558,136.606101712399,65.188915141025));
#7907=CARTESIAN_POINT('',(111.657406932956,136.606101712399,62.6634649892318));
#7908=CARTESIAN_POINT('Origin',(106.558,163.449093582437,59.2999423952908));
#7909=CARTESIAN_POINT('',(111.657406932956,168.949093582437,62.2440863607403));
#7910=CARTESIAN_POINT('',(111.657406932956,168.699093582932,62.2440863607403));
#7911=CARTESIAN_POINT('',(106.558,168.949093582437,59.2999423952908));
#7912=CARTESIAN_POINT('Origin',(106.558,168.949093582437,65.188915141025));
#7913=CARTESIAN_POINT('',(111.657406932956,168.949093582437,62.6634649892318));
#7914=CARTESIAN_POINT('Origin',(111.657406932956,173.949093583427,60.1380148374386));
#7915=CARTESIAN_POINT('',(111.657406932956,173.949093583427,60.1380148374386));
#7916=CARTESIAN_POINT('Origin',(113.155,173.949093583427,60.1380148374386));
#7917=CARTESIAN_POINT('',(0.,0.,0.));
#7918=CARTESIAN_POINT('Origin',(88.0518294435682,163.949093582554,89.9203425058467));
#7919=CARTESIAN_POINT('',(88.0518294435684,166.549093582554,89.9203425058467));
#7920=CARTESIAN_POINT('Origin',(88.0518294435684,163.949093582554,89.9203425058467));
#7921=CARTESIAN_POINT('',(85.9518294435682,166.549093582554,89.9203425058467));
#7922=CARTESIAN_POINT('',(88.0518294435682,166.549093582554,89.9203425058467));
#7923=CARTESIAN_POINT('Origin',(85.9518294435682,163.949093582554,89.9203425058467));
#7924=CARTESIAN_POINT('Origin',(85.9518294435682,163.949093582554,89.9203425058467));
#7925=CARTESIAN_POINT('Origin',(88.0518294435682,136.106101712398,89.9203425058467));
#7926=CARTESIAN_POINT('',(88.0518294435684,138.706101712398,89.9203425058467));
#7927=CARTESIAN_POINT('Origin',(88.0518294435684,136.106101712398,89.9203425058467));
#7928=CARTESIAN_POINT('',(85.9518294435682,138.706101712398,89.9203425058467));
#7929=CARTESIAN_POINT('',(88.0518294435682,138.706101712398,89.9203425058467));
#7930=CARTESIAN_POINT('Origin',(85.9518294435682,136.106101712398,89.9203425058467));
#7931=CARTESIAN_POINT('Origin',(85.9518294435682,136.106101712398,89.9203425058467));
#7932=CARTESIAN_POINT('Ctrl Pts',(85.2068502431208,173.949093582292,71.6036696352907));
#7933=CARTESIAN_POINT('Ctrl Pts',(85.2068502431208,173.949093582292,51.6036696352907));
#7934=CARTESIAN_POINT('Ctrl Pts',(85.1885502082823,173.932699139379,71.6036696352907));
#7935=CARTESIAN_POINT('Ctrl Pts',(85.1885502082823,173.932699139379,51.6036696352907));
#7936=CARTESIAN_POINT('Ctrl Pts',(85.1702692931484,173.916292026058,71.6036696352907));
#7937=CARTESIAN_POINT('Ctrl Pts',(85.1702692931484,173.916292026058,51.6036696352907));
#7938=CARTESIAN_POINT('Ctrl Pts',(85.1520074856265,173.899872229924,71.6036696352907));
#7939=CARTESIAN_POINT('Ctrl Pts',(85.1520074856265,173.899872229924,51.6036696352907));
#7940=CARTESIAN_POINT('',(85.1734818427463,173.919166782504,63.9384507037413));
#7941=CARTESIAN_POINT('',(85.2068502431208,173.949093582582,64.6077834967633));
#7942=CARTESIAN_POINT('Ctrl Pts',(85.1734818435778,173.919166783257,63.9384507037413));
#7943=CARTESIAN_POINT('Ctrl Pts',(85.1755490303893,173.921022812624,63.9591648802033));
#7944=CARTESIAN_POINT('Ctrl Pts',(85.1775217290855,173.922793624628,63.9798972770818));
#7945=CARTESIAN_POINT('Ctrl Pts',(85.1793994928003,173.924478918459,64.0006475236124));
#7946=CARTESIAN_POINT('Ctrl Pts',(85.1960232336576,173.939398733821,64.1843483366264));
#7947=CARTESIAN_POINT('Ctrl Pts',(85.2051499781308,173.947570346346,64.3688507901086));
#7948=CARTESIAN_POINT('Ctrl Pts',(85.2066341304158,173.948899972127,64.5538936151566));
#7949=CARTESIAN_POINT('Ctrl Pts',(85.2067212975056,173.948978063581,64.5647615326221));
#7950=CARTESIAN_POINT('Ctrl Pts',(85.2067820979575,173.949032533016,64.5756297426794));
#7951=CARTESIAN_POINT('Ctrl Pts',(85.20681652837,173.949063378241,64.5864981919697));
#7952=CARTESIAN_POINT('Ctrl Pts',(85.2068390049779,173.949083514393,64.5935932528725));
#7953=CARTESIAN_POINT('Ctrl Pts',(85.2068502449678,173.949093583946,64.600688372771));
#7954=CARTESIAN_POINT('Ctrl Pts',(85.2068502431208,173.949093582292,64.6077834967634));
#7955=CARTESIAN_POINT('',(85.152,173.899872229924,64.505695747451));
#7956=CARTESIAN_POINT('Ctrl Pts',(85.1520000000001,173.899865499347,64.505695747451));
#7957=CARTESIAN_POINT('Ctrl Pts',(85.1520000000001,173.899865499347,64.5039716428614));
#7958=CARTESIAN_POINT('Ctrl Pts',(85.1520005945059,173.899866033888,64.5022475383755));
#7959=CARTESIAN_POINT('Ctrl Pts',(85.1520041597763,173.899869239541,64.4970777846793));
#7960=CARTESIAN_POINT('Ctrl Pts',(85.1520089105275,173.899873511101,64.4936321400817));
#7961=CARTESIAN_POINT('Ctrl Pts',(85.1520269208136,173.899889704737,64.4849226782266));
#7962=CARTESIAN_POINT('Ctrl Pts',(85.1520433474014,173.89990447441,64.4796588820196));
#7963=CARTESIAN_POINT('Ctrl Pts',(85.1521612403127,173.900010475425,64.4514105262832));
#7964=CARTESIAN_POINT('Ctrl Pts',(85.1523628197287,173.900191721635,64.4284273243908));
#7965=CARTESIAN_POINT('Ctrl Pts',(85.1547561231694,173.902343525389,64.2493921643175));
#7966=CARTESIAN_POINT('Ctrl Pts',(85.161708621864,173.908596163742,64.0936683777639));
#7967=CARTESIAN_POINT('Ctrl Pts',(85.1734818427464,173.919166782504,63.9384507037413));
#7968=CARTESIAN_POINT('',(85.1521854250365,173.900033045143,71.6036696352323));
#7969=CARTESIAN_POINT('',(85.15200000026,173.899872229924,71.6036696352906));
#7970=CARTESIAN_POINT('',(85.2068502437693,173.949093582872,71.6036696352907));
#7971=CARTESIAN_POINT('Ctrl Pts',(85.152211257267,173.900055446517,71.6036696352907));
#7972=CARTESIAN_POINT('Ctrl Pts',(85.1704052827835,173.916414076283,71.6036696352907));
#7973=CARTESIAN_POINT('Ctrl Pts',(85.1886182740821,173.932760117452,71.6036696352907));
#7974=CARTESIAN_POINT('Ctrl Pts',(85.2068502431207,173.949093582292,71.6036696352907));
#7975=CARTESIAN_POINT('',(85.2068502431208,173.949093582292,71.6036696352907));
#7976=CARTESIAN_POINT('Origin',(85.206850243445,173.949093582582,99.9203425058465));
#7977=CARTESIAN_POINT('',(85.206850243445,173.949093582582,99.9203425058466));
#7978=CARTESIAN_POINT('Ctrl Pts',(85.206850243769,173.949093582872,71.6036696352906));
#7979=CARTESIAN_POINT('Ctrl Pts',(85.206850243769,173.949093582872,81.0425605921426));
#7980=CARTESIAN_POINT('Ctrl Pts',(85.206850243769,173.949093582872,90.4814515489946));
#7981=CARTESIAN_POINT('Ctrl Pts',(85.206850243769,173.949093582872,99.9203425058465));
#7982=CARTESIAN_POINT('',(88.0518294435683,173.949093582554,99.9203425058465));
#7983=CARTESIAN_POINT('',(85.206850243445,173.949093582582,99.9203425058465));
#7984=CARTESIAN_POINT('',(88.0518294435683,173.949093582554,64.6077834967633));
#7985=CARTESIAN_POINT('',(88.0518294435683,173.949093582554,99.9203425058465));
#7986=CARTESIAN_POINT('',(95.0550000000146,173.949093582484,64.6077834967633));
#7987=CARTESIAN_POINT('Origin',(85.152,150.001853056935,65.8708434413833));
#7988=CARTESIAN_POINT('',(85.152,172.471648533012,64.505695747451));
#7989=CARTESIAN_POINT('',(85.152,172.471648533012,64.505695747451));
#7990=CARTESIAN_POINT('',(85.152,127.531648533012,64.5751245298831));
#7991=CARTESIAN_POINT('',(85.152,161.232509178026,64.5230593380385));
#7992=CARTESIAN_POINT('',(85.152,126.106101712398,64.5751245298831));
#7993=CARTESIAN_POINT('',(85.152,127.531648533012,64.5751245298831));
#7994=CARTESIAN_POINT('',(85.1521056276531,126.106101712398,71.6036696352907));
#7995=CARTESIAN_POINT('',(85.152,126.106101712398,68.7546131314357));
#7996=CARTESIAN_POINT('',(85.1522112553062,138.779623090178,71.6036696352907));
#7997=CARTESIAN_POINT('Origin',(81.2902598642426,150.001648533012,99.9203425058465));
#7998=CARTESIAN_POINT('',(88.0518294435683,126.106101712398,99.9203425058465));
#7999=CARTESIAN_POINT('',(88.0518294435683,161.975371058219,99.9203425058465));
#8000=CARTESIAN_POINT('',(85.1522112553062,126.106101712398,99.9203425058465));
#8001=CARTESIAN_POINT('Ctrl Pts',(85.2068502431206,173.949093582291,99.9203425058465));
#8002=CARTESIAN_POINT('Ctrl Pts',(84.7865588676074,173.57256736125,99.9203425058465));
#8003=CARTESIAN_POINT('Ctrl Pts',(84.3761780244237,173.18921119423,99.9203425058465));
#8004=CARTESIAN_POINT('Ctrl Pts',(83.9757366322788,172.798941786614,99.9203425058465));
#8005=CARTESIAN_POINT('Ctrl Pts',(80.9007678864359,169.802083184031,99.9203425058465));
#8006=CARTESIAN_POINT('Ctrl Pts',(78.3758630284316,166.438434149866,99.9203425058467));
#8007=CARTESIAN_POINT('Ctrl Pts',(76.5982080614318,162.363191149718,99.9203425058465));
#8008=CARTESIAN_POINT('Ctrl Pts',(75.3167459706844,159.425461662152,99.9203425058464));
#8009=CARTESIAN_POINT('Ctrl Pts',(74.4449079644732,156.074561764161,99.9203425058465));
#8010=CARTESIAN_POINT('Ctrl Pts',(74.1591927008542,152.542649558586,99.9203425058465));
#8011=CARTESIAN_POINT('Ctrl Pts',(73.844816698521,148.656443320541,99.9203425058465));
#8012=CARTESIAN_POINT('Ctrl Pts',(74.2725804329381,144.615442664954,99.9203425058465));
#8013=CARTESIAN_POINT('Ctrl Pts',(75.3351304249463,141.088870652683,99.9203425058465));
#8014=CARTESIAN_POINT('Ctrl Pts',(76.2101318386945,138.184766827328,99.9203425058465));
#8015=CARTESIAN_POINT('Ctrl Pts',(77.4983559991634,135.646931047617,99.9203425058465));
#8016=CARTESIAN_POINT('Ctrl Pts',(79.0238659221531,133.368485932908,99.9203425058465));
#8017=CARTESIAN_POINT('Ctrl Pts',(80.7711661858254,130.75878298067,99.9203425058465));
#8018=CARTESIAN_POINT('Ctrl Pts',(82.8218244858999,128.399285130604,99.9203425058465));
#8019=CARTESIAN_POINT('Ctrl Pts',(85.1522112553062,126.106101712398,99.9203425058465));
#8020=CARTESIAN_POINT('',(85.1522112553062,126.106101712398,99.9203425058465));
#8021=CARTESIAN_POINT('Ctrl Pts',(85.1522112553062,126.106101712398,99.9393586209646));
#8022=CARTESIAN_POINT('Ctrl Pts',(85.1522112553062,126.106101712398,71.5846535199373));
#8023=CARTESIAN_POINT('Ctrl Pts',(82.8218244858999,128.399285130604,99.9393586209646));
#8024=CARTESIAN_POINT('Ctrl Pts',(82.8218244858999,128.399285130604,71.5846535199373));
#8025=CARTESIAN_POINT('Ctrl Pts',(80.7711661858254,130.75878298067,99.9393586209646));
#8026=CARTESIAN_POINT('Ctrl Pts',(80.7711661858254,130.75878298067,71.5846535199373));
#8027=CARTESIAN_POINT('Ctrl Pts',(79.0238659221531,133.368485932908,99.9393586209646));
#8028=CARTESIAN_POINT('Ctrl Pts',(79.0238659221531,133.368485932908,71.5846535199373));
#8029=CARTESIAN_POINT('Ctrl Pts',(77.4983559991634,135.646931047617,99.9393586209646));
#8030=CARTESIAN_POINT('Ctrl Pts',(77.4983559991634,135.646931047617,71.5846535199373));
#8031=CARTESIAN_POINT('Ctrl Pts',(76.2101318386945,138.184766827328,99.9393586209646));
#8032=CARTESIAN_POINT('Ctrl Pts',(76.2101318386945,138.184766827328,71.5846535199373));
#8033=CARTESIAN_POINT('Ctrl Pts',(75.3351304249463,141.088870652683,99.9393586209646));
#8034=CARTESIAN_POINT('Ctrl Pts',(75.3351304249463,141.088870652683,71.5846535199373));
#8035=CARTESIAN_POINT('Ctrl Pts',(74.2725804329381,144.615442664954,99.9393586209646));
#8036=CARTESIAN_POINT('Ctrl Pts',(74.2725804329381,144.615442664954,71.5846535199373));
#8037=CARTESIAN_POINT('Ctrl Pts',(73.844816698521,148.656443320541,99.9393586209646));
#8038=CARTESIAN_POINT('Ctrl Pts',(73.844816698521,148.656443320541,71.5846535199373));
#8039=CARTESIAN_POINT('Ctrl Pts',(74.1591927008542,152.542649558586,99.9393586209646));
#8040=CARTESIAN_POINT('Ctrl Pts',(74.1591927008543,152.542649558586,71.5846535199373));
#8041=CARTESIAN_POINT('Ctrl Pts',(74.4449079644732,156.074561764161,99.9393586209646));
#8042=CARTESIAN_POINT('Ctrl Pts',(74.4449079644732,156.074561764161,71.5846535199373));
#8043=CARTESIAN_POINT('Ctrl Pts',(75.3167459706844,159.425461662152,99.9393586209645));
#8044=CARTESIAN_POINT('Ctrl Pts',(75.3167459706844,159.425461662152,71.5846535199372));
#8045=CARTESIAN_POINT('Ctrl Pts',(76.5982080614318,162.363191149718,99.9393586209646));
#8046=CARTESIAN_POINT('Ctrl Pts',(76.5982080614318,162.363191149718,71.5846535199373));
#8047=CARTESIAN_POINT('Ctrl Pts',(78.3758630284316,166.438434149866,99.9393586209648));
#8048=CARTESIAN_POINT('Ctrl Pts',(78.3758630284316,166.438434149866,71.5846535199375));
#8049=CARTESIAN_POINT('Ctrl Pts',(80.9007678864359,169.802083184031,99.9393586209646));
#8050=CARTESIAN_POINT('Ctrl Pts',(80.9007678864359,169.802083184031,71.5846535199373));
#8051=CARTESIAN_POINT('Ctrl Pts',(83.9757366322788,172.798941786614,99.9393586209646));
#8052=CARTESIAN_POINT('Ctrl Pts',(83.9757366322788,172.798941786614,71.5846535199373));
#8053=CARTESIAN_POINT('Ctrl Pts',(84.3761780246297,173.189211194431,99.9393586209646));
#8054=CARTESIAN_POINT('Ctrl Pts',(84.3761780246297,173.189211194431,71.5846535199373));
#8055=CARTESIAN_POINT('Ctrl Pts',(84.7865588680295,173.572567361645,99.9393586209646));
#8056=CARTESIAN_POINT('Ctrl Pts',(84.7865588680295,173.572567361645,71.5846535199373));
#8057=CARTESIAN_POINT('Ctrl Pts',(85.2068502437691,173.949093582872,99.9393586209646));
#8058=CARTESIAN_POINT('Ctrl Pts',(85.2068502437691,173.949093582872,71.5846535199373));
#8059=CARTESIAN_POINT('Ctrl Pts',(85.1522112553063,173.900055444754,71.6036696352905));
#8060=CARTESIAN_POINT('Ctrl Pts',(82.7931677722817,171.778989993355,74.415068181271));
#8061=CARTESIAN_POINT('Ctrl Pts',(79.5066973772786,168.36715691723,78.3317310814705));
#8062=CARTESIAN_POINT('Ctrl Pts',(75.5452975105785,160.278355547019,83.0527436043126));
#8063=CARTESIAN_POINT('Ctrl Pts',(74.8412209737403,157.336173937027,83.8918293465531));
#8064=CARTESIAN_POINT('Ctrl Pts',(74.1892987379713,153.404184405468,84.6687600131228));
#8065=CARTESIAN_POINT('Ctrl Pts',(74.0436981676582,151.585191426057,84.842280015875));
#8066=CARTESIAN_POINT('Ctrl Pts',(74.0676853623784,147.907385222404,84.8136931903909));
#8067=CARTESIAN_POINT('Ctrl Pts',(74.2391998835083,146.076440334089,84.6092901436522));
#8068=CARTESIAN_POINT('Ctrl Pts',(75.1871444401999,140.879541866612,83.479573812635));
#8069=CARTESIAN_POINT('Ctrl Pts',(76.2634363078175,138.295738669074,82.1968991127218));
#8070=CARTESIAN_POINT('Ctrl Pts',(79.2098012218001,132.508597285572,78.6855581413895));
#8071=CARTESIAN_POINT('Ctrl Pts',(82.3219289904061,128.891200067709,74.9766686925409));
#8072=CARTESIAN_POINT('Ctrl Pts',(85.1522112553062,126.106101712398,71.6036696352905));
#8073=CARTESIAN_POINT('',(85.1522112553061,126.106101712398,71.6216179396692));
#8074=CARTESIAN_POINT('',(85.1522112553062,126.106101712398,99.9203425058465));
#8075=CARTESIAN_POINT('Ctrl Pts',(85.1522112553062,126.106101712398,99.9203425058465));
#8076=CARTESIAN_POINT('Ctrl Pts',(85.1522112553062,126.106101712398,71.6216179396692));
#8077=CARTESIAN_POINT('Origin',(72.9395503242634,127.531648533012,86.1581521749959));
#8078=CARTESIAN_POINT('Origin',(92.652,161.232509178026,64.5230593380385));
#8079=CARTESIAN_POINT('',(86.555,127.531901735061,60.2071511736267));
#8080=CARTESIAN_POINT('Origin',(92.652,127.531648533012,64.5751245298831));
#8081=CARTESIAN_POINT('',(86.555,172.471648533011,60.1380148374386));
#8082=CARTESIAN_POINT('Origin',(92.652,172.471648533011,64.505695747451));
#8083=CARTESIAN_POINT('',(86.555,161.225761468995,60.1553888527085));
#8084=CARTESIAN_POINT('Ctrl Pts',(85.152,127.531648533012,64.5751245298831));
#8085=CARTESIAN_POINT('Ctrl Pts',(85.152,127.531648533012,62.165945532671));
#8086=CARTESIAN_POINT('Ctrl Pts',(86.555,127.531648533012,60.2074436198708));
#8087=CARTESIAN_POINT('Ctrl Pts',(85.152,126.106101712398,64.5751245298831));
#8088=CARTESIAN_POINT('Ctrl Pts',(85.152,126.106101712398,62.165945532671));
#8089=CARTESIAN_POINT('Ctrl Pts',(86.555,126.106101712398,60.2074436198708));
#8090=CARTESIAN_POINT('',(85.1521301603459,126.106101712398,64.5309386395276));
#8091=CARTESIAN_POINT('',(86.555,127.477693206513,60.2074436198708));
#8092=CARTESIAN_POINT('Ctrl Pts',(85.1521301603459,126.106101712398,64.5309386395276));
#8093=CARTESIAN_POINT('Ctrl Pts',(85.1542092542973,126.106101712398,64.1780438327985));
#8094=CARTESIAN_POINT('Ctrl Pts',(85.1814428110783,126.131236899901,63.8220333348718));
#8095=CARTESIAN_POINT('Ctrl Pts',(85.3063845707407,126.251077385639,62.9830316121959));
#8096=CARTESIAN_POINT('Ctrl Pts',(85.4275722775959,126.369224350213,62.5040764137713));
#8097=CARTESIAN_POINT('Ctrl Pts',(85.8340302257682,126.767686082237,61.3668480035882));
#8098=CARTESIAN_POINT('Ctrl Pts',(86.1735818255153,127.102067791999,60.7398799878715));
#8099=CARTESIAN_POINT('Ctrl Pts',(86.555,127.477693206513,60.2074436198708));
#8100=CARTESIAN_POINT('Origin',(92.652,126.106101712398,64.5751245298831));
#8101=CARTESIAN_POINT('',(86.555,127.531648533012,60.2074436198708));
#8102=CARTESIAN_POINT('Origin',(86.555,127.531648533012,60.2074436198708));
#8103=CARTESIAN_POINT('',(88.0518294435683,127.477693206513,60.2074436198708));
#8104=CARTESIAN_POINT('',(88.0518294435683,127.531901735061,60.2071511736267));
#8105=CARTESIAN_POINT('',(88.0518294435683,150.740371058219,60.2074436198708));
#8106=CARTESIAN_POINT('',(95.055,127.477693206513,60.2074436198708));
#8107=CARTESIAN_POINT('',(95.055,127.531936916294,60.2071105395978));
#8108=CARTESIAN_POINT('Origin',(95.055,133.606101712398,64.5309386395276));
#8109=CARTESIAN_POINT('',(88.0518294435683,126.106101712398,64.5309386395276));
#8110=CARTESIAN_POINT('Origin',(88.0518294435683,133.606101712398,64.5309386395276));
#8111=CARTESIAN_POINT('',(95.055,126.106101712398,64.5309386395276));
#8112=CARTESIAN_POINT('Ctrl Pts',(86.5550000000217,172.471648533011,60.1380148374083));
#8113=CARTESIAN_POINT('Ctrl Pts',(85.152,172.471648533011,62.0965167502184));
#8114=CARTESIAN_POINT('Ctrl Pts',(85.152,172.471648533011,64.505695747451));
#8115=CARTESIAN_POINT('Ctrl Pts',(86.5550000000217,173.919166782504,60.1380148374083));
#8116=CARTESIAN_POINT('Ctrl Pts',(85.152,173.919166782504,62.0965167502184));
#8117=CARTESIAN_POINT('Ctrl Pts',(85.152,173.919166782504,64.505695747451));
#8118=CARTESIAN_POINT('Ctrl Pts',(86.5550000000217,172.471648533073,60.1380148374083));
#8119=CARTESIAN_POINT('Ctrl Pts',(86.3303749658784,172.704365881511,60.451577602218));
#8120=CARTESIAN_POINT('Ctrl Pts',(86.1223940351982,172.919793607327,60.7934949113631));
#8121=CARTESIAN_POINT('Ctrl Pts',(85.5226743079862,173.542620616571,61.9959249916864));
#8122=CARTESIAN_POINT('Ctrl Pts',(85.2475892064636,173.831623164993,62.9614221795109));
#8123=CARTESIAN_POINT('Ctrl Pts',(85.1734818427463,173.919166782504,63.9384507037413));
#8124=CARTESIAN_POINT('Origin',(114.557788744694,126.106101712398,99.9203425058465));
#8125=CARTESIAN_POINT('',(88.0518294435683,126.106101712398,99.9203425058466));
#8126=CARTESIAN_POINT('Origin',(88.0518294435684,163.449093582437,68.1334015625805));
#8127=CARTESIAN_POINT('',(88.0518294435683,127.635666490195,60.1380148374386));
#8128=CARTESIAN_POINT('',(88.0518294435683,138.190731080183,53.1071404999884));
#8129=CARTESIAN_POINT('',(88.0518294435683,172.471648533081,60.1380148374386));
#8130=CARTESIAN_POINT('',(88.0518294435683,173.949093583427,60.1380148374386));
#8131=CARTESIAN_POINT('Origin',(88.051829443494,166.449093582554,64.6077834967633));
#8132=CARTESIAN_POINT('Origin',(86.555,135.021500761801,55.2182085967311));
#8133=CARTESIAN_POINT('',(86.555,127.635666490195,60.1380148374386));
#8134=CARTESIAN_POINT('',(87.3034147217841,127.635666490195,60.1380148374386));
#8135=CARTESIAN_POINT('',(86.555,135.815166349065,54.6895369848769));
#8136=CARTESIAN_POINT('Origin',(86.555,150.001648533012,74.2667636489836));
#8137=CARTESIAN_POINT('',(86.555,161.975371058219,60.1380148374386));
#8138=CARTESIAN_POINT('Origin',(95.0549999999403,166.449093582484,64.6077834967633));
#8139=CARTESIAN_POINT('',(95.055,172.471648533011,60.1380148374386));
#8140=CARTESIAN_POINT('Origin',(88.0518294435683,173.949093583427,60.1380148374386));
#8141=CARTESIAN_POINT('Origin',(111.657406932956,136.106101712398,89.9203425058467));
#8142=CARTESIAN_POINT('',(111.657406932956,138.706101712398,89.9203425058467));
#8143=CARTESIAN_POINT('Origin',(111.657406932956,136.106101712398,89.9203425058467));
#8144=CARTESIAN_POINT('',(109.557406932956,138.706101712398,89.9203425058467));
#8145=CARTESIAN_POINT('',(111.657406932956,138.706101712398,89.9203425058467));
#8146=CARTESIAN_POINT('Origin',(109.557406932956,136.106101712398,89.9203425058467));
#8147=CARTESIAN_POINT('Origin',(109.557406932956,150.027597647476,89.9203425058467));
#8148=CARTESIAN_POINT('Origin',(111.657406932956,163.949093582554,89.9203425058467));
#8149=CARTESIAN_POINT('',(111.657406932956,166.549093582554,89.9203425058467));
#8150=CARTESIAN_POINT('Origin',(111.657406932956,163.949093582554,89.9203425058467));
#8151=CARTESIAN_POINT('',(109.557406932956,166.549093582554,89.9203425058467));
#8152=CARTESIAN_POINT('',(111.657406932956,166.549093582554,89.9203425058467));
#8153=CARTESIAN_POINT('Origin',(109.557406932956,163.949093582554,89.9203425058467));
#8154=CARTESIAN_POINT('Origin',(109.557406932956,150.027597647476,89.9203425058467));
#8155=CARTESIAN_POINT('Origin',(90.1518294435682,163.949093582554,89.9203425058467));
#8156=CARTESIAN_POINT('',(90.1518294435682,166.549093582554,89.9203425058467));
#8157=CARTESIAN_POINT('Origin',(90.1518294435682,163.949093582554,89.9203425058467));
#8158=CARTESIAN_POINT('Origin',(88.0518294435682,163.949093582554,89.9203425058467));
#8159=CARTESIAN_POINT('',(88.0518294435683,166.549093582554,89.9203425058467));
#8160=CARTESIAN_POINT('',(88.0518294435682,166.549093582554,89.9203425058467));
#8161=CARTESIAN_POINT('Origin',(88.0518294435683,163.949093582554,89.9203425058467));
#8162=CARTESIAN_POINT('Origin',(90.1518294435682,136.106101712398,89.9203425058467));
#8163=CARTESIAN_POINT('',(90.1518294435682,138.706101712398,89.9203425058467));
#8164=CARTESIAN_POINT('Origin',(90.1518294435682,136.106101712398,89.9203425058467));
#8165=CARTESIAN_POINT('Origin',(88.0518294435682,136.106101712398,89.9203425058467));
#8166=CARTESIAN_POINT('',(88.0518294435683,138.706101712398,89.9203425058467));
#8167=CARTESIAN_POINT('',(88.0518294435682,138.706101712398,89.9203425058467));
#8168=CARTESIAN_POINT('Origin',(88.0518294435683,136.106101712398,89.9203425058467));
#8169=CARTESIAN_POINT('Origin',(88.0518294435683,150.027597647359,79.6101424749129));
#8170=CARTESIAN_POINT('',(88.0518294435683,136.606101712398,60.1380148374386));
#8171=CARTESIAN_POINT('',(88.0518294435683,131.106101712398,60.1380148374386));
#8172=CARTESIAN_POINT('',(88.0518294435683,173.949093583427,60.1380148374386));
#8173=CARTESIAN_POINT('',(88.0518294435683,131.106101712398,59.2999424439792));
#8174=CARTESIAN_POINT('',(88.0518294435683,131.106101712398,71.0778879354476));
#8175=CARTESIAN_POINT('',(88.0518294435683,136.606101712398,59.2999424439792));
#8176=CARTESIAN_POINT('',(88.0518294435683,131.106101712398,59.2999424439792));
#8177=CARTESIAN_POINT('',(88.0518294435683,136.606101712398,59.2999424439792));
#8178=CARTESIAN_POINT('Origin',(88.0518294435683,131.106101712398,71.0778879354476));
#8179=CARTESIAN_POINT('',(88.0518294435683,136.606101712398,71.0778879354476));
#8180=CARTESIAN_POINT('',(88.0518294435683,131.106101712398,71.0778879354476));
#8181=CARTESIAN_POINT('',(88.0518294435683,152.527597647913,71.0778879354476));
#8182=CARTESIAN_POINT('',(93.1519147103097,136.606101712398,71.0778477159302));
#8183=CARTESIAN_POINT('',(88.0518294435683,136.606101712398,71.0778879354476));
#8184=CARTESIAN_POINT('',(93.1519147103097,131.106101712398,71.0778477159302));
#8185=CARTESIAN_POINT('',(93.1519147639496,136.606101712398,71.0778386757025));
#8186=CARTESIAN_POINT('',(88.0518294435683,131.106101712398,71.0778879354476));
#8187=CARTESIAN_POINT('Origin',(88.0518294435683,136.606101712398,59.2999424439792));
#8188=CARTESIAN_POINT('',(93.1518408686828,131.106101712398,59.3000342697997));
#8189=CARTESIAN_POINT('',(88.0518294435683,131.106101712398,59.2999424439792));
#8190=CARTESIAN_POINT('',(93.1518408686828,136.606101712398,59.3000342697997));
#8191=CARTESIAN_POINT('',(93.1518294435683,143.316849679879,59.3000408660926));
#8192=CARTESIAN_POINT('',(88.0518294435683,136.606101712398,59.2999424439792));
#8193=CARTESIAN_POINT('Origin',(93.1520000000001,131.106101712399,65.188915141025));
#8194=CARTESIAN_POINT('',(98.2520000000001,131.106101712399,68.1334015138921));
#8195=CARTESIAN_POINT('',(98.2520000000001,131.106101712399,68.1334015138921));
#8196=CARTESIAN_POINT('',(98.2520000000001,131.106101712399,62.2444287681579));
#8197=CARTESIAN_POINT('',(98.2520000000001,131.106101712399,62.2444287681579));
#8198=CARTESIAN_POINT('',(93.1520000000001,131.106101712399,59.2999423952908));
#8199=CARTESIAN_POINT('',(88.0518294435683,131.106101712398,79.6101424749129));
#8200=CARTESIAN_POINT('',(90.0202057657607,131.106101712399,65.8468917398991));
#8201=CARTESIAN_POINT('Origin',(93.1518294435684,131.106101712399,65.1889151897135));
#8202=CARTESIAN_POINT('Origin',(93.1520000000001,136.606101712399,65.188915141025));
#8203=CARTESIAN_POINT('',(88.0518294435683,136.606101712398,85.4991152206471));
#8204=CARTESIAN_POINT('',(98.2520000000001,136.606101712399,62.2444287681579));
#8205=CARTESIAN_POINT('',(93.1520000000001,136.606101712399,59.2999423952908));
#8206=CARTESIAN_POINT('',(98.2520000000001,136.606101712399,68.1334015138921));
#8207=CARTESIAN_POINT('',(98.2520000000001,136.606101712399,62.2444287681579));
#8208=CARTESIAN_POINT('',(98.2520000000001,136.606101712399,68.1334015138921));
#8209=CARTESIAN_POINT('Origin',(111.658,133.856101712398,65.1889151897132));
#8210=CARTESIAN_POINT('',(111.658,136.606101712398,60.1380148374386));
#8211=CARTESIAN_POINT('',(111.658,131.106101712398,60.1380148374386));
#8212=CARTESIAN_POINT('',(111.658,153.902597647913,60.1380148374386));
#8213=CARTESIAN_POINT('',(111.658,136.606101712398,59.299942443979));
#8214=CARTESIAN_POINT('',(111.658,136.606101712398,71.0778879354473));
#8215=CARTESIAN_POINT('',(111.658,131.106101712398,59.299942443979));
#8216=CARTESIAN_POINT('',(111.658,136.606101712398,59.299942443979));
#8217=CARTESIAN_POINT('',(111.658,131.106101712398,68.1334015138921));
#8218=CARTESIAN_POINT('Origin',(111.658,136.606101712398,71.0778879354473));
#8219=CARTESIAN_POINT('',(111.657406932956,131.106101712398,71.0778879354473));
#8220=CARTESIAN_POINT('',(111.657406932956,136.606101712398,71.0778879354473));
#8221=CARTESIAN_POINT('',(111.657406932956,155.277597647913,71.0778879354473));
#8222=CARTESIAN_POINT('',(106.558,131.106101712399,71.0778878867592));
#8223=CARTESIAN_POINT('',(111.658,131.106101712398,71.0778879354473));
#8224=CARTESIAN_POINT('',(106.558,136.606101712399,71.0778878867592));
#8225=CARTESIAN_POINT('',(106.558,136.606101712399,71.0778878867592));
#8226=CARTESIAN_POINT('',(111.658,136.606101712398,71.0778879354473));
#8227=CARTESIAN_POINT('Origin',(111.658,131.106101712398,59.299942443979));
#8228=CARTESIAN_POINT('',(106.558,136.606101712399,59.2999423952908));
#8229=CARTESIAN_POINT('',(111.658,136.606101712398,59.299942443979));
#8230=CARTESIAN_POINT('',(106.558,131.106101712399,59.2999423952908));
#8231=CARTESIAN_POINT('',(106.558,136.606101712399,59.2999423952908));
#8232=CARTESIAN_POINT('',(111.658,131.106101712398,59.299942443979));
#8233=CARTESIAN_POINT('Origin',(113.155,173.949093583427,60.1380148374386));
#8234=CARTESIAN_POINT('',(111.657406932956,136.606101712398,60.1380148374386));
#8235=CARTESIAN_POINT('',(112.4065,136.606101712398,60.1380148374386));
#8236=CARTESIAN_POINT('',(111.657406932956,131.106101712398,60.1380148374386));
#8237=CARTESIAN_POINT('',(112.4065,131.106101712398,60.1380148374386));
#8238=CARTESIAN_POINT('',(111.657406932956,127.635666490195,60.1380148374386));
#8239=CARTESIAN_POINT('',(111.657406932956,173.949093583427,60.1380148374386));
#8240=CARTESIAN_POINT('',(113.155,127.635666490195,60.1380148374386));
#8241=CARTESIAN_POINT('',(113.155,127.635666490195,60.1380148374386));
#8242=CARTESIAN_POINT('',(113.155,172.471648533011,60.1380148374386));
#8243=CARTESIAN_POINT('',(113.155,161.975371058219,60.1380148374386));
#8244=CARTESIAN_POINT('',(111.657406932956,172.471648532847,60.1380148374386));
#8245=CARTESIAN_POINT('',(95.055,172.471648533011,60.1380148374386));
#8246=CARTESIAN_POINT('',(111.657406932956,168.949093582437,60.1380148374386));
#8247=CARTESIAN_POINT('',(111.657406932956,173.949093583427,60.1380148374386));
#8248=CARTESIAN_POINT('',(111.658,168.949093582437,60.1380148374386));
#8249=CARTESIAN_POINT('',(112.4065,168.949093582437,60.1380148374386));
#8250=CARTESIAN_POINT('',(111.658,163.449093582437,60.1380148374386));
#8251=CARTESIAN_POINT('',(111.658,170.074093582932,60.1380148374386));
#8252=CARTESIAN_POINT('',(111.657406932956,163.449093582437,60.1380148374386));
#8253=CARTESIAN_POINT('',(112.4065,163.449093582437,60.1380148374386));
#8254=CARTESIAN_POINT('',(111.657406932956,173.949093583427,60.1380148374386));
#8255=CARTESIAN_POINT('Origin',(106.558,131.106101712399,65.188915141025));
#8256=CARTESIAN_POINT('',(111.657406932956,131.106101712398,65.607951386443));
#8257=CARTESIAN_POINT('',(101.458,131.106101712399,62.2444287681579));
#8258=CARTESIAN_POINT('',(101.458,131.106101712399,62.2444287681579));
#8259=CARTESIAN_POINT('',(101.458,131.106101712399,68.1334015138921));
#8260=CARTESIAN_POINT('',(101.458,131.106101712399,68.1334015138921));
#8261=CARTESIAN_POINT('',(106.558,131.106101712399,71.0778878867592));
#8262=CARTESIAN_POINT('',(103.425783255148,131.106101712399,65.8468917398991));
#8263=CARTESIAN_POINT('Origin',(106.557406932956,131.106101712399,65.1889151897134));
#8264=CARTESIAN_POINT('Origin',(88.0518294435683,168.949093582437,71.0778879354476));
#8265=CARTESIAN_POINT('',(88.0518294435683,168.949093582437,71.0778879354476));
#8266=CARTESIAN_POINT('',(88.0518294435683,163.449093582437,71.0778879354476));
#8267=CARTESIAN_POINT('',(88.0518294435683,171.449093582932,71.0778879354476));
#8268=CARTESIAN_POINT('',(93.1519147103097,168.949093582437,71.0778477159302));
#8269=CARTESIAN_POINT('',(88.0518294435683,168.949093582437,71.0778879354476));
#8270=CARTESIAN_POINT('',(93.1519147103097,163.449093582437,71.0778477159302));
#8271=CARTESIAN_POINT('',(93.1519147639496,163.449093582437,71.0778386757025));
#8272=CARTESIAN_POINT('',(88.0518294435683,163.449093582437,71.0778879354476));
#8273=CARTESIAN_POINT('Origin',(88.0518294435683,163.449093582437,59.2999424439792));
#8274=CARTESIAN_POINT('',(88.0518294435683,168.949093582437,59.2999424439792));
#8275=CARTESIAN_POINT('',(88.0518294435683,163.449093582437,59.2999424439792));
#8276=CARTESIAN_POINT('',(88.0518294435683,168.949093582437,59.2999424439792));
#8277=CARTESIAN_POINT('',(93.1518408686828,163.449093582437,59.3000342697997));
#8278=CARTESIAN_POINT('',(88.0518294435683,163.449093582437,59.2999424439792));
#8279=CARTESIAN_POINT('',(93.1518408686828,168.949093582437,59.3000342697997));
#8280=CARTESIAN_POINT('',(93.1518294435683,156.738345614956,59.3000408660926));
#8281=CARTESIAN_POINT('',(88.0518294435683,168.949093582437,59.2999424439792));
#8282=CARTESIAN_POINT('Origin',(88.0518294435683,150.027597647476,79.6101424749129));
#8283=CARTESIAN_POINT('',(88.0518294435683,168.949093582437,60.1380148374386));
#8284=CARTESIAN_POINT('',(88.0518294435683,163.449093582437,60.1380148374386));
#8285=CARTESIAN_POINT('',(88.0518294435683,173.949093583427,60.1380148374386));
#8286=CARTESIAN_POINT('',(88.0518294435683,163.449093582437,59.2999424439792));
#8287=CARTESIAN_POINT('',(88.0518294435683,168.949093582437,71.0778879354476));
#8288=CARTESIAN_POINT('Origin',(88.0518294435683,173.949093583427,99.9203425058466));
#8289=CARTESIAN_POINT('',(88.0518294435683,127.477693206513,60.2074436198708));
#8290=CARTESIAN_POINT('',(88.0518294435683,127.531754323008,60.2073214333123));
#8291=CARTESIAN_POINT('',(88.0518294435683,150.740371058219,60.2074436198708));
#8292=CARTESIAN_POINT('',(88.0518294435683,126.106101712398,64.5309386395276));
#8293=CARTESIAN_POINT('Origin',(88.0518294435683,133.606101712398,64.5309386395276));
#8294=CARTESIAN_POINT('',(88.0518294435683,126.106101712398,99.9203425058465));
#8295=CARTESIAN_POINT('',(88.0518294435683,126.106101712398,99.9203425058466));
#8296=CARTESIAN_POINT('',(88.0518294435683,173.949093582554,99.9203425058465));
#8297=CARTESIAN_POINT('',(88.0518294435683,161.975371058219,99.9203425058465));
#8298=CARTESIAN_POINT('',(88.0518294435683,173.949093582554,64.6077834967633));
#8299=CARTESIAN_POINT('',(88.0518294435683,173.949093582554,99.9203425058465));
#8300=CARTESIAN_POINT('',(88.0518294435683,172.471648533081,60.1380148374386));
#8301=CARTESIAN_POINT('Origin',(88.051829443494,166.449093582554,64.6077834967633));
#8302=CARTESIAN_POINT('',(88.0518294435683,173.949093583427,60.1380148374386));
#8303=CARTESIAN_POINT('',(88.0518294435683,168.949093582437,79.6101424749129));
#8304=CARTESIAN_POINT('',(88.0518294435683,163.449093582437,85.4991152206471));
#8305=CARTESIAN_POINT('',(88.0518294435683,173.949093583427,60.1380148374386));
#8306=CARTESIAN_POINT('',(88.0518294435683,127.635666490195,60.1380148374386));
#8307=CARTESIAN_POINT('',(88.0518294435683,173.949093583427,60.1380148374386));
#8308=CARTESIAN_POINT('',(88.0518294435683,138.190731080183,53.1071404999884));
#8309=CARTESIAN_POINT('Origin',(88.0518294435683,173.949093583427,60.1380148374386));
#8310=CARTESIAN_POINT('',(86.555,172.471648533011,60.1380148374386));
#8311=CARTESIAN_POINT('',(95.055,172.471648533011,60.1380148374386));
#8312=CARTESIAN_POINT('',(86.555,127.635666490195,60.1380148374386));
#8313=CARTESIAN_POINT('',(86.555,161.975371058219,60.1380148374386));
#8314=CARTESIAN_POINT('',(87.3034147217841,127.635666490195,60.1380148374386));
#8315=CARTESIAN_POINT('Origin',(81.2902598642426,150.001648533012,99.9203425058465));
#8316=CARTESIAN_POINT('',(111.657406932956,126.106101712398,99.9203425058465));
#8317=CARTESIAN_POINT('',(85.1522112553062,126.106101712398,99.9203425058465));
#8318=CARTESIAN_POINT('',(111.657406932956,173.94909358232,99.9203425058465));
#8319=CARTESIAN_POINT('',(111.657406932956,161.975371058219,99.9203425058465));
#8320=CARTESIAN_POINT('',(85.206850243445,173.949093582582,99.9203425058465));
#8321=CARTESIAN_POINT('Origin',(114.557788744694,126.106101712398,99.9203425058465));
#8322=CARTESIAN_POINT('',(90.0202057657607,126.106101712398,64.5309386395278));
#8323=CARTESIAN_POINT('',(95.055,126.106101712398,64.5309386395276));
#8324=CARTESIAN_POINT('',(90.0202057657607,126.106101712398,65.8468917398991));
#8325=CARTESIAN_POINT('Origin',(93.1518294435684,126.106101712398,65.1889151897135));
#8326=CARTESIAN_POINT('',(96.2834531213761,126.106101712398,64.5309386395276));
#8327=CARTESIAN_POINT('Origin',(93.1518294435684,126.106101712398,65.1889151897135));
#8328=CARTESIAN_POINT('',(103.425783255148,126.106101712398,64.5309386395278));
#8329=CARTESIAN_POINT('',(95.055,126.106101712398,64.5309386395276));
#8330=CARTESIAN_POINT('',(103.425783255148,126.106101712398,65.8468917398991));
#8331=CARTESIAN_POINT('Origin',(106.557406932956,126.106101712398,65.1889151897134));
#8332=CARTESIAN_POINT('',(109.689030610764,126.106101712398,64.5309386395276));
#8333=CARTESIAN_POINT('Origin',(106.557406932956,126.106101712398,65.1889151897134));
#8334=CARTESIAN_POINT('',(111.657406932956,126.106101712398,64.5309386395276));
#8335=CARTESIAN_POINT('',(95.055,126.106101712398,64.5309386395276));
#8336=CARTESIAN_POINT('',(111.657406932956,126.106101712398,80.0291786716426));
#8337=CARTESIAN_POINT('Origin',(95.055,133.606101712398,64.5309386395276));
#8338=CARTESIAN_POINT('',(95.055,127.477693206513,60.2074436198708));
#8339=CARTESIAN_POINT('',(95.055,127.477693206513,60.2074436198708));
#8340=CARTESIAN_POINT('',(104.655,127.477693206513,60.2074436198708));
#8341=CARTESIAN_POINT('',(95.055,127.477693206513,60.2074436198708));
#8342=CARTESIAN_POINT('',(111.657406932956,127.477693206513,60.2074436198708));
#8343=CARTESIAN_POINT('',(95.055,127.477693206513,60.2074436198708));
#8344=CARTESIAN_POINT('Origin',(111.657406932956,133.606101712398,64.5309386395276));
#8345=CARTESIAN_POINT('Ctrl Pts',(109.689030610764,126.106101712398,64.5309386395276));
#8346=CARTESIAN_POINT('Ctrl Pts',(109.6487495119,126.106101712398,64.3392217114173));
#8347=CARTESIAN_POINT('Ctrl Pts',(109.590179313079,126.113590796718,64.1490125311868));
#8348=CARTESIAN_POINT('Ctrl Pts',(109.352114588062,126.157066519453,63.5732074850899));
#8349=CARTESIAN_POINT('Ctrl Pts',(109.107523376097,126.216754864423,63.215245101121));
#8350=CARTESIAN_POINT('Ctrl Pts',(108.543538001736,126.340481606662,62.6478900369476));
#8351=CARTESIAN_POINT('Ctrl Pts',(108.184811223937,126.412929385966,62.4006267442117));
#8352=CARTESIAN_POINT('Ctrl Pts',(107.395270565901,126.518860462093,62.0710666521045));
#8353=CARTESIAN_POINT('Ctrl Pts',(106.964087627186,126.550032212982,61.9889151897135));
#8354=CARTESIAN_POINT('Ctrl Pts',(106.557406932956,126.550032212982,61.9889151897135));
#8355=CARTESIAN_POINT('Ctrl Pts',(106.150726238726,126.550032212982,61.9889151897135));
#8356=CARTESIAN_POINT('Ctrl Pts',(105.719543300011,126.518860462093,62.0710666521045));
#8357=CARTESIAN_POINT('Ctrl Pts',(104.930002641975,126.412929385966,62.4006267442117));
#8358=CARTESIAN_POINT('Ctrl Pts',(104.571275864176,126.340481606662,62.6478900369476));
#8359=CARTESIAN_POINT('Ctrl Pts',(104.007290489815,126.216754864423,63.215245101121));
#8360=CARTESIAN_POINT('Ctrl Pts',(103.76269927785,126.157066519453,63.5732074850899));
#8361=CARTESIAN_POINT('Ctrl Pts',(103.524634552833,126.113590796718,64.1490125311869));
#8362=CARTESIAN_POINT('Ctrl Pts',(103.466064354012,126.106101712398,64.3392217114174));
#8363=CARTESIAN_POINT('Ctrl Pts',(103.425783255148,126.106101712398,64.5309386395278));
#8364=CARTESIAN_POINT('Ctrl Pts',(96.283453121376,126.106101712398,64.5309386395277));
#8365=CARTESIAN_POINT('Ctrl Pts',(96.2431720225121,126.106101712398,64.3392217114173));
#8366=CARTESIAN_POINT('Ctrl Pts',(96.1846018236918,126.113590796718,64.1490125311868));
#8367=CARTESIAN_POINT('Ctrl Pts',(95.9465370986747,126.157066519453,63.5732074850899));
#8368=CARTESIAN_POINT('Ctrl Pts',(95.7019458867093,126.216754864423,63.215245101121));
#8369=CARTESIAN_POINT('Ctrl Pts',(95.1379605123485,126.340481606662,62.6478900369476));
#8370=CARTESIAN_POINT('Ctrl Pts',(94.7792337345493,126.412929385966,62.4006267442117));
#8371=CARTESIAN_POINT('Ctrl Pts',(93.9896930765135,126.518860462093,62.0710666521045));
#8372=CARTESIAN_POINT('Ctrl Pts',(93.5585101377982,126.550032212982,61.9889151897135));
#8373=CARTESIAN_POINT('Ctrl Pts',(93.1518294435684,126.550032212982,61.9889151897135));
#8374=CARTESIAN_POINT('Ctrl Pts',(92.7451487493385,126.550032212982,61.9889151897135));
#8375=CARTESIAN_POINT('Ctrl Pts',(92.3139658106233,126.518860462093,62.0710666521045));
#8376=CARTESIAN_POINT('Ctrl Pts',(91.5244251525874,126.412929385966,62.4006267442117));
#8377=CARTESIAN_POINT('Ctrl Pts',(91.1656983747883,126.340481606662,62.6478900369476));
#8378=CARTESIAN_POINT('Ctrl Pts',(90.6017130004275,126.216754864423,63.215245101121));
#8379=CARTESIAN_POINT('Ctrl Pts',(90.357121788462,126.157066519453,63.5732074850899));
#8380=CARTESIAN_POINT('Ctrl Pts',(90.1190570634449,126.113590796718,64.1490125311869));
#8381=CARTESIAN_POINT('Ctrl Pts',(90.0604868646246,126.106101712398,64.3392217114174));
#8382=CARTESIAN_POINT('Ctrl Pts',(90.0202057657607,126.106101712398,64.5309386395278));
#8383=CARTESIAN_POINT('Origin',(86.555,127.531648533012,60.2074436198708));
#8384=CARTESIAN_POINT('',(88.555,127.531648533012,60.2074436198708));
#8385=CARTESIAN_POINT('',(86.555,127.531648533012,60.2074436198708));
#8386=CARTESIAN_POINT('',(95.055,127.531754323008,60.2073214333123));
#8387=CARTESIAN_POINT('',(86.555,127.531648533012,60.2074436198708));
#8388=CARTESIAN_POINT('',(95.055,127.531648533012,60.2074436198708));
#8389=CARTESIAN_POINT('Origin',(111.658,163.449093582437,71.0778879354473));
#8390=CARTESIAN_POINT('',(111.657406932956,163.449093582437,71.0778879354473));
#8391=CARTESIAN_POINT('',(111.657406932956,168.949093582437,71.0778879354473));
#8392=CARTESIAN_POINT('',(111.657406932956,168.699093582932,71.0778879354473));
#8393=CARTESIAN_POINT('',(106.558,163.449093582437,71.0778878867592));
#8394=CARTESIAN_POINT('',(111.658,163.449093582437,71.0778879354473));
#8395=CARTESIAN_POINT('',(106.558,168.949093582437,71.0778878867592));
#8396=CARTESIAN_POINT('',(106.558,163.449093582437,71.0778878867592));
#8397=CARTESIAN_POINT('',(111.658,168.949093582437,71.0778879354473));
#8398=CARTESIAN_POINT('Origin',(111.658,168.949093582437,59.299942443979));
#8399=CARTESIAN_POINT('',(111.658,163.449093582437,59.299942443979));
#8400=CARTESIAN_POINT('',(111.658,168.949093582437,59.299942443979));
#8401=CARTESIAN_POINT('',(111.658,163.449093582437,59.299942443979));
#8402=CARTESIAN_POINT('',(106.558,168.949093582437,59.2999423952908));
#8403=CARTESIAN_POINT('',(111.658,168.949093582437,59.299942443979));
#8404=CARTESIAN_POINT('',(106.558,163.449093582437,59.2999423952908));
#8405=CARTESIAN_POINT('',(106.558,163.449093582437,59.2999423952908));
#8406=CARTESIAN_POINT('',(111.658,163.449093582437,59.299942443979));
#8407=CARTESIAN_POINT('Origin',(111.658,166.199093582437,65.1889151897132));
#8408=CARTESIAN_POINT('',(111.658,168.949093582437,68.1334015138921));
#8409=CARTESIAN_POINT('',(111.658,163.449093582437,71.0778879354473));
#8410=CARTESIAN_POINT('Origin',(111.657406932956,173.949093583427,60.1380148374386));
#8411=CARTESIAN_POINT('',(111.657406932956,127.531754323008,60.2073214333123));
#8412=CARTESIAN_POINT('',(111.657406932956,147.368336635481,46.9938106545985));
#8413=CARTESIAN_POINT('',(111.657406932956,136.606101712398,59.7189786407089));
#8414=CARTESIAN_POINT('',(111.657406932956,163.449093582437,59.7189786407088));
#8415=CARTESIAN_POINT('',(111.657406932956,168.949093582437,65.607951386443));
#8416=CARTESIAN_POINT('',(111.657406932956,173.94909358232,64.6077834967633));
#8417=CARTESIAN_POINT('Origin',(111.657406932881,166.44909358232,64.6077834967633));
#8418=CARTESIAN_POINT('',(111.657406932956,173.94909358232,80.0291786716426));
#8419=CARTESIAN_POINT('',(111.657406932956,150.740371058219,60.2074436198708));
#8420=CARTESIAN_POINT('Origin',(106.558,168.949093582437,65.188915141025));
#8421=CARTESIAN_POINT('',(101.458,168.949093582437,68.1334015138921));
#8422=CARTESIAN_POINT('',(106.558,168.949093582437,71.0778878867592));
#8423=CARTESIAN_POINT('',(101.458,168.949093582437,62.2444287681579));
#8424=CARTESIAN_POINT('',(101.458,168.949093582437,68.1334015138921));
#8425=CARTESIAN_POINT('',(101.458,168.949093582437,62.2444287681579));
#8426=CARTESIAN_POINT('',(103.425783255148,168.949093582437,65.8468917398991));
#8427=CARTESIAN_POINT('Origin',(106.557406932956,168.949093582437,65.1889151897134));
#8428=CARTESIAN_POINT('Origin',(106.558,163.449093582437,65.188915141025));
#8429=CARTESIAN_POINT('',(101.458,163.449093582437,62.2444287681579));
#8430=CARTESIAN_POINT('',(101.458,163.449093582437,62.2444287681579));
#8431=CARTESIAN_POINT('',(101.458,163.449093582437,68.1334015138921));
#8432=CARTESIAN_POINT('',(101.458,163.449093582437,68.1334015138921));
#8433=CARTESIAN_POINT('',(106.558,163.449093582437,71.0778878867592));
#8434=CARTESIAN_POINT('Origin',(85.206850243445,173.949093582582,99.9203425058465));
#8435=CARTESIAN_POINT('',(109.704196718663,173.949093582437,64.6077834967496));
#8436=CARTESIAN_POINT('',(95.0550000000146,173.949093582484,64.6077834967633));
#8437=CARTESIAN_POINT('',(103.425783255148,173.949093582585,65.8468917398991));
#8438=CARTESIAN_POINT('Origin',(106.557406932956,173.949093582582,65.1889151897134));
#8439=CARTESIAN_POINT('',(103.410617147243,173.949093582437,64.6077834967771));
#8440=CARTESIAN_POINT('Origin',(106.557406932956,173.949093582582,65.1889151897134));
#8441=CARTESIAN_POINT('',(96.2986192292759,173.949093582437,64.6077834967496));
#8442=CARTESIAN_POINT('',(95.0550000000146,173.949093582484,64.6077834967633));
#8443=CARTESIAN_POINT('',(90.0202057657607,173.949093582585,65.8468917398991));
#8444=CARTESIAN_POINT('Origin',(93.1518294435684,173.949093582582,65.1889151897135));
#8445=CARTESIAN_POINT('',(90.0050396578558,173.949093582437,64.6077834967771));
#8446=CARTESIAN_POINT('Origin',(93.1518294435684,173.949093582582,65.1889151897135));
#8447=CARTESIAN_POINT('',(95.0550000000146,173.949093582484,64.6077834967633));
#8448=CARTESIAN_POINT('Origin',(113.155,150.001648533012,74.2667636489836));
#8449=CARTESIAN_POINT('',(113.155,135.021500761801,55.2182085967311));
#8450=CARTESIAN_POINT('',(113.155,135.815166349065,54.6895369848769));
#8451=CARTESIAN_POINT('',(113.155,164.957439383012,55.1817894003613));
#8452=CARTESIAN_POINT('Ctrl Pts',(113.155,135.021500761801,55.2182085967311));
#8453=CARTESIAN_POINT('Ctrl Pts',(113.155,138.53309558432,52.7351937033987));
#8454=CARTESIAN_POINT('Ctrl Pts',(113.155,142.383389954863,51.1209232345232));
#8455=CARTESIAN_POINT('Ctrl Pts',(113.155,146.436731615304,50.5235230429187));
#8456=CARTESIAN_POINT('Ctrl Pts',(113.155,150.296064875732,49.9547167042508));
#8457=CARTESIAN_POINT('Ctrl Pts',(113.155,154.285247718779,50.3323102397572));
#8458=CARTESIAN_POINT('Ctrl Pts',(113.155,157.988068811632,51.5962725405265));
#8459=CARTESIAN_POINT('Ctrl Pts',(113.155,160.425027648758,52.4281312832021));
#8460=CARTESIAN_POINT('Ctrl Pts',(113.155,162.754291273538,53.6353515026272));
#8461=CARTESIAN_POINT('Ctrl Pts',(113.155,164.957439383012,55.1817894003613));
#8462=CARTESIAN_POINT('',(113.155,167.889582813864,57.115773877909));
#8463=CARTESIAN_POINT('Origin',(113.155,135.021500761801,55.2182085967311));
#8464=CARTESIAN_POINT('',(111.155,127.531863333416,60.2071955272047));
#8465=CARTESIAN_POINT('',(113.155,127.531648533012,60.2074436198708));
#8466=CARTESIAN_POINT('',(104.655,127.531901735061,60.2071511736267));
#8467=CARTESIAN_POINT('',(104.105,127.531936916294,60.2071105395978));
#8468=CARTESIAN_POINT('',(104.655,135.021500761801,55.2182085967311));
#8469=CARTESIAN_POINT('',(104.655,140.560946906381,51.5283069945596));
#8470=CARTESIAN_POINT('',(113.155,135.021500761801,55.2182085967311));
#8471=CARTESIAN_POINT('Origin',(93.1518294435684,173.949093582437,65.1889151897135));
#8472=CARTESIAN_POINT('',(95.055000000012,173.679882516328,62.6163791193956));
#8473=CARTESIAN_POINT('Ctrl Pts',(90.0050396578558,173.949093582534,64.6077834967771));
#8474=CARTESIAN_POINT('Ctrl Pts',(90.0453047399297,173.949093582534,64.3897507332381));
#8475=CARTESIAN_POINT('Ctrl Pts',(90.109200054884,173.939353200469,64.1726597228219));
#8476=CARTESIAN_POINT('Ctrl Pts',(90.3576870548431,173.887724994092,63.5722090832032));
#8477=CARTESIAN_POINT('Ctrl Pts',(90.6023407512609,173.824217130143,63.2144645342152));
#8478=CARTESIAN_POINT('Ctrl Pts',(91.166113678889,173.694304583856,62.6476229874718));
#8479=CARTESIAN_POINT('Ctrl Pts',(91.5246074489774,173.619047487391,62.4005439694508));
#8480=CARTESIAN_POINT('Ctrl Pts',(92.3138685961343,173.509224932228,62.0711139137318));
#8481=CARTESIAN_POINT('Ctrl Pts',(92.7450240215829,173.477004281309,61.9889151897135));
#8482=CARTESIAN_POINT('Ctrl Pts',(93.1518294435684,173.477004281305,61.9889151897135));
#8483=CARTESIAN_POINT('Ctrl Pts',(93.5586348655528,173.477004281301,61.9889151897135));
#8484=CARTESIAN_POINT('Ctrl Pts',(93.9897902910007,173.509224932211,62.0711139137314));
#8485=CARTESIAN_POINT('Ctrl Pts',(94.6240504782551,173.597479719164,62.3358480509429));
#8486=CARTESIAN_POINT('Ctrl Pts',(94.8509565743683,173.638309396579,62.4654271291003));
#8487=CARTESIAN_POINT('Ctrl Pts',(95.055000000012,173.679882516328,62.6163791193956));
#8488=CARTESIAN_POINT('',(90.0202057657607,168.949093582437,65.8468917398991));
#8489=CARTESIAN_POINT('',(90.0202057657607,173.949093582437,65.8468917398991));
#8490=CARTESIAN_POINT('Origin',(93.1518294435684,168.949093582437,65.1889151897135));
#8491=CARTESIAN_POINT('Ctrl Pts',(95.0550000000119,173.679882516328,62.6163791193956));
#8492=CARTESIAN_POINT('Ctrl Pts',(95.1869825473746,173.706773489312,62.714020237436));
#8493=CARTESIAN_POINT('Ctrl Pts',(95.3094864305578,173.733925716555,62.8205000867913));
#8494=CARTESIAN_POINT('Ctrl Pts',(95.7013181358749,173.824217130092,63.2144645342137));
#8495=CARTESIAN_POINT('Ctrl Pts',(95.9459718322932,173.887724994036,63.5722090832022));
#8496=CARTESIAN_POINT('Ctrl Pts',(96.1944588322491,173.939353200408,64.1726597228128));
#8497=CARTESIAN_POINT('Ctrl Pts',(96.2583541472017,173.949093582472,64.3897507332197));
#8498=CARTESIAN_POINT('Ctrl Pts',(96.2986192292759,173.949093582472,64.6077834967496));
#8499=CARTESIAN_POINT('Origin',(93.1520000000001,163.449093582437,65.188915141025));
#8500=CARTESIAN_POINT('',(98.2520000000001,163.449093582437,68.1334015138921));
#8501=CARTESIAN_POINT('',(98.2520000000001,163.449093582437,68.1334015138921));
#8502=CARTESIAN_POINT('',(98.2520000000001,163.449093582437,62.2444287681579));
#8503=CARTESIAN_POINT('',(98.2520000000001,163.449093582437,62.2444287681579));
#8504=CARTESIAN_POINT('',(93.1520000000001,163.449093582437,59.2999423952908));
#8505=CARTESIAN_POINT('Origin',(98.2520000000001,163.449093582437,68.1334015138921));
#8506=CARTESIAN_POINT('',(98.2520000000001,168.949093582437,68.1334015138921));
#8507=CARTESIAN_POINT('',(98.2520000000001,168.949093582437,68.1334015138921));
#8508=CARTESIAN_POINT('',(98.2520000000001,163.449093582437,68.1334015138921));
#8509=CARTESIAN_POINT('Origin',(98.2520000000001,163.449093582437,62.2444287681579));
#8510=CARTESIAN_POINT('',(98.2520000000001,168.949093582437,62.2444287681579));
#8511=CARTESIAN_POINT('',(98.2520000000001,168.949093582437,62.2444287681579));
#8512=CARTESIAN_POINT('',(98.2520000000001,163.449093582437,62.2444287681579));
#8513=CARTESIAN_POINT('Origin',(93.1520000000001,163.449093582437,59.2999423952908));
#8514=CARTESIAN_POINT('',(93.1520000000001,168.949093582437,59.2999423952908));
#8515=CARTESIAN_POINT('Origin',(93.1520000000001,168.949093582437,65.188915141025));
#8516=CARTESIAN_POINT('Origin',(106.557406932956,173.949093582437,65.1889151897134));
#8517=CARTESIAN_POINT('',(104.655000000012,173.679726955228,62.6158143635726));
#8518=CARTESIAN_POINT('Ctrl Pts',(104.655000000012,173.679726955228,62.6158143635726));
#8519=CARTESIAN_POINT('Ctrl Pts',(104.858845099955,173.63820735577,62.465102690156));
#8520=CARTESIAN_POINT('Ctrl Pts',(105.085484725409,173.59743813845,62.3357233233523));
#8521=CARTESIAN_POINT('Ctrl Pts',(105.719446085522,173.509224932095,62.0711139137318));
#8522=CARTESIAN_POINT('Ctrl Pts',(106.15060151097,173.477004281176,61.9889151897135));
#8523=CARTESIAN_POINT('Ctrl Pts',(106.557406932956,173.477004281172,61.9889151897135));
#8524=CARTESIAN_POINT('Ctrl Pts',(106.96421235494,173.477004281168,61.9889151897135));
#8525=CARTESIAN_POINT('Ctrl Pts',(107.395367780388,173.509224932078,62.0711139137314));
#8526=CARTESIAN_POINT('Ctrl Pts',(108.184628927545,173.619047487225,62.4005439694496));
#8527=CARTESIAN_POINT('Ctrl Pts',(108.543122697633,173.694304583683,62.6476229874703));
#8528=CARTESIAN_POINT('Ctrl Pts',(109.106895625262,173.82421712996,63.2144645342137));
#8529=CARTESIAN_POINT('Ctrl Pts',(109.351549321681,173.887724993903,63.5722090832022));
#8530=CARTESIAN_POINT('Ctrl Pts',(109.600036321637,173.939353200275,64.1726597228128));
#8531=CARTESIAN_POINT('Ctrl Pts',(109.663931636589,173.949093582339,64.3897507332196));
#8532=CARTESIAN_POINT('Ctrl Pts',(109.704196718663,173.949093582339,64.6077834967496));
#8533=CARTESIAN_POINT('Ctrl Pts',(103.410617147243,173.949093582402,64.6077834967771));
#8534=CARTESIAN_POINT('Ctrl Pts',(103.450882229317,173.949093582402,64.3897507332381));
#8535=CARTESIAN_POINT('Ctrl Pts',(103.514777544272,173.939353200336,64.1726597228219));
#8536=CARTESIAN_POINT('Ctrl Pts',(103.763264544231,173.887724993959,63.5722090832031));
#8537=CARTESIAN_POINT('Ctrl Pts',(104.007918240649,173.82421713001,63.2144645342152));
#8538=CARTESIAN_POINT('Ctrl Pts',(104.399964363137,173.733876307423,62.8202845025474));
#8539=CARTESIAN_POINT('Ctrl Pts',(104.522726584337,173.706668683234,62.7136099339864));
#8540=CARTESIAN_POINT('Ctrl Pts',(104.655000000012,173.679726955228,62.6158143635726));
#8541=CARTESIAN_POINT('',(103.425783255148,173.949093582437,65.8468917398991));
#8542=CARTESIAN_POINT('Origin',(101.458,163.449093582437,62.2444287681579));
#8543=CARTESIAN_POINT('',(101.458,163.449093582437,62.2444287681579));
#8544=CARTESIAN_POINT('Origin',(101.458,163.449093582437,68.1334015138921));
#8545=CARTESIAN_POINT('',(101.458,163.449093582437,68.1334015138921));
#8546=CARTESIAN_POINT('Origin',(106.558,163.449093582437,71.0778878867592));
#8547=CARTESIAN_POINT('Origin',(93.1518294435684,126.106101712398,65.1889151897135));
#8548=CARTESIAN_POINT('',(90.0202057657607,126.106101712398,65.8468917398991));
#8549=CARTESIAN_POINT('Origin',(98.2520000000001,136.606101712399,68.1334015138921));
#8550=CARTESIAN_POINT('',(98.2520000000001,136.606101712399,68.1334015138921));
#8551=CARTESIAN_POINT('Origin',(98.2520000000001,136.606101712399,62.2444287681579));
#8552=CARTESIAN_POINT('',(98.2520000000001,136.606101712399,62.2444287681579));
#8553=CARTESIAN_POINT('Origin',(93.1520000000001,136.606101712399,59.2999423952908));
#8554=CARTESIAN_POINT('Origin',(106.557406932956,126.106101712398,65.1889151897134));
#8555=CARTESIAN_POINT('',(103.425783255148,126.106101712398,65.8468917398991));
#8556=CARTESIAN_POINT('Origin',(101.458,136.606101712399,62.2444287681579));
#8557=CARTESIAN_POINT('',(101.458,136.606101712399,62.2444287681579));
#8558=CARTESIAN_POINT('',(101.458,136.606101712399,62.2444287681579));
#8559=CARTESIAN_POINT('',(101.458,136.606101712399,62.2444287681579));
#8560=CARTESIAN_POINT('Origin',(101.458,136.606101712399,68.1334015138921));
#8561=CARTESIAN_POINT('',(101.458,136.606101712399,68.1334015138921));
#8562=CARTESIAN_POINT('',(101.458,136.606101712399,68.1334015138921));
#8563=CARTESIAN_POINT('',(101.458,136.606101712399,68.1334015138921));
#8564=CARTESIAN_POINT('Origin',(106.558,136.606101712399,71.0778878867592));
#8565=CARTESIAN_POINT('',(106.558,136.606101712399,71.0778878867592));
#8566=CARTESIAN_POINT('Origin',(106.558,136.606101712399,65.188915141025));
#8567=CARTESIAN_POINT('Origin',(95.0549999999403,166.449093582484,64.6077834967633));
#8568=CARTESIAN_POINT('',(104.655,172.471648533011,60.1380148374386));
#8569=CARTESIAN_POINT('',(95.055,172.471648533011,60.1380148374386));
#8570=CARTESIAN_POINT('',(95.055,172.471648533011,60.1380148374386));
#8571=CARTESIAN_POINT('',(95.055,172.471648533011,60.1380148374386));
#8572=CARTESIAN_POINT('',(95.055,172.471648533011,60.1380148374386));
#8573=CARTESIAN_POINT('Origin',(86.555,127.531648533012,60.2074436198708));
#8574=CARTESIAN_POINT('',(104.655,127.531648533012,60.2074436198708));
#8575=CARTESIAN_POINT('Origin',(104.655,150.001792724653,67.3147600801422));
#8576=CARTESIAN_POINT('',(104.655,145.014114570349,37.7618478366175));
#8577=CARTESIAN_POINT('',(104.655,142.09432180862,41.4990121497302));
#8578=CARTESIAN_POINT('',(104.655,150.001792724652,34.7748754997632));
#8579=CARTESIAN_POINT('Ctrl Pts',(104.655,150.001792724652,34.7748754997632));
#8580=CARTESIAN_POINT('Ctrl Pts',(104.655,150.001434179835,34.7748753665414));
#8581=CARTESIAN_POINT('Ctrl Pts',(104.655,149.801800473116,34.7748246233947));
#8582=CARTESIAN_POINT('Ctrl Pts',(104.655,149.402856650313,34.8007945265322));
#8583=CARTESIAN_POINT('Ctrl Pts',(104.655,148.80451546986,34.9178558903193));
#8584=CARTESIAN_POINT('Ctrl Pts',(104.655,148.006643023009,35.2258871522748));
#8585=CARTESIAN_POINT('Ctrl Pts',(104.655,147.00943726319,35.8446686467581));
#8586=CARTESIAN_POINT('Ctrl Pts',(104.655,146.211442357216,36.5114661596347));
#8587=CARTESIAN_POINT('Ctrl Pts',(104.655,145.612824869679,37.1020442607166));
#8588=CARTESIAN_POINT('Ctrl Pts',(104.655,145.213693509578,37.5353202341959));
#8589=CARTESIAN_POINT('Ctrl Pts',(104.655,145.014114570349,37.7618478366175));
#8590=CARTESIAN_POINT('',(104.655,154.989470878956,37.7618478366175));
#8591=CARTESIAN_POINT('Ctrl Pts',(104.655,150.001792724656,34.7748754997632));
#8592=CARTESIAN_POINT('Ctrl Pts',(104.655,150.002151269473,34.7748753665414));
#8593=CARTESIAN_POINT('Ctrl Pts',(104.655,150.201784976191,34.7748246233948));
#8594=CARTESIAN_POINT('Ctrl Pts',(104.655,150.600728798993,34.8007945265324));
#8595=CARTESIAN_POINT('Ctrl Pts',(104.655,151.199069979446,34.9178558903196));
#8596=CARTESIAN_POINT('Ctrl Pts',(104.655,151.996942426296,35.2258871522748));
#8597=CARTESIAN_POINT('Ctrl Pts',(104.655,152.994148186115,35.8446686467581));
#8598=CARTESIAN_POINT('Ctrl Pts',(104.655,153.792143092089,36.5114661596347));
#8599=CARTESIAN_POINT('Ctrl Pts',(104.655,154.390760579626,37.1020442607166));
#8600=CARTESIAN_POINT('Ctrl Pts',(104.655,154.789891939727,37.5353202341959));
#8601=CARTESIAN_POINT('Ctrl Pts',(104.655,154.989470878956,37.7618478366175));
#8602=CARTESIAN_POINT('',(104.655,172.471648533011,60.1380148374386));
#8603=CARTESIAN_POINT('',(104.655,164.957439383012,55.1817894003613));
#8604=CARTESIAN_POINT('',(104.655,162.534877791643,53.583915140762));
#8605=CARTESIAN_POINT('',(104.655,161.236936916294,52.9569427977664));
#8606=CARTESIAN_POINT('Ctrl Pts',(104.655,164.957439383012,55.1817894003613));
#8607=CARTESIAN_POINT('Ctrl Pts',(104.655,163.753738233136,54.3368852072614));
#8608=CARTESIAN_POINT('Ctrl Pts',(104.655,162.512391114173,53.5932388031036));
#8609=CARTESIAN_POINT('Ctrl Pts',(104.655,161.236402176809,52.9567448475506));
#8610=CARTESIAN_POINT('',(104.655,159.736936916294,52.2651093781671));
#8611=CARTESIAN_POINT('Ctrl Pts',(104.655,161.236936916294,52.9569427977664));
#8612=CARTESIAN_POINT('Ctrl Pts',(104.655,160.743743619052,52.7109231543756));
#8613=CARTESIAN_POINT('Ctrl Pts',(104.655,160.243715398208,52.4800901085172));
#8614=CARTESIAN_POINT('Ctrl Pts',(104.655,159.736936916294,52.2651093781671));
#8615=CARTESIAN_POINT('',(104.655,140.266648533012,52.2705233700424));
#8616=CARTESIAN_POINT('Ctrl Pts',(104.655,159.736643796278,52.2650120155214));
#8617=CARTESIAN_POINT('Ctrl Pts',(104.655,159.1602553814,52.0204942661167));
#8618=CARTESIAN_POINT('Ctrl Pts',(104.655,158.577310254972,51.7974107947806));
#8619=CARTESIAN_POINT('Ctrl Pts',(104.655,157.988068811632,51.5962725405265));
#8620=CARTESIAN_POINT('Ctrl Pts',(104.655,154.285247718779,50.3323102397572));
#8621=CARTESIAN_POINT('Ctrl Pts',(104.655,150.296064875732,49.9547167042508));
#8622=CARTESIAN_POINT('Ctrl Pts',(104.655,146.436731615304,50.5235230429187));
#8623=CARTESIAN_POINT('Ctrl Pts',(104.655,144.320039989714,50.8354908188002));
#8624=CARTESIAN_POINT('Ctrl Pts',(104.655,142.258719821663,51.4247614309341));
#8625=CARTESIAN_POINT('Ctrl Pts',(104.655,140.27208902234,52.2702406335736));
#8626=CARTESIAN_POINT('',(104.655,138.766648533012,52.9651898806699));
#8627=CARTESIAN_POINT('Ctrl Pts',(104.655,140.27208902234,52.2702406335736));
#8628=CARTESIAN_POINT('Ctrl Pts',(104.655,139.766736673577,52.4853107417332));
#8629=CARTESIAN_POINT('Ctrl Pts',(104.655,139.266217282999,52.7169594530513));
#8630=CARTESIAN_POINT('Ctrl Pts',(104.655,138.770848824551,52.9648395550101));
#8631=CARTESIAN_POINT('Ctrl Pts',(104.655,138.7708488246,52.964839554986));
#8632=CARTESIAN_POINT('Ctrl Pts',(104.655,137.484475427038,53.6085348963135));
#8633=CARTESIAN_POINT('Ctrl Pts',(104.655,136.232836703492,54.3616846137364));
#8634=CARTESIAN_POINT('Ctrl Pts',(104.655,135.021500761801,55.2182085967311));
#8635=CARTESIAN_POINT('',(104.655,150.001792724653,36.9800004944403));
#8636=CARTESIAN_POINT('',(104.655,150.001792724653,43.4799995055597));
#8637=CARTESIAN_POINT('Origin',(104.655,150.003585449305,40.23));
#8638=CARTESIAN_POINT('Origin',(104.655,150.,40.23));
#8639=CARTESIAN_POINT('Origin',(86.555,150.001648533012,74.2667636489836));
#8640=CARTESIAN_POINT('',(86.555,164.957439383012,55.1817894003613));
#8641=CARTESIAN_POINT('',(86.555,167.889582813864,57.115773877909));
#8642=CARTESIAN_POINT('',(86.555,135.021500761801,55.2182085967311));
#8643=CARTESIAN_POINT('Ctrl Pts',(86.555,164.957439383012,55.1817894003613));
#8644=CARTESIAN_POINT('Ctrl Pts',(86.555,162.754291273538,53.6353515026272));
#8645=CARTESIAN_POINT('Ctrl Pts',(86.555,160.425027648758,52.4281312832021));
#8646=CARTESIAN_POINT('Ctrl Pts',(86.555,157.988068811632,51.5962725405265));
#8647=CARTESIAN_POINT('Ctrl Pts',(86.555,154.285247718779,50.3323102397572));
#8648=CARTESIAN_POINT('Ctrl Pts',(86.555,150.296064875732,49.9547167042508));
#8649=CARTESIAN_POINT('Ctrl Pts',(86.555,146.436731615304,50.5235230429187));
#8650=CARTESIAN_POINT('Ctrl Pts',(86.555,142.383389954863,51.1209232345232));
#8651=CARTESIAN_POINT('Ctrl Pts',(86.555,138.53309558432,52.7351937033987));
#8652=CARTESIAN_POINT('Ctrl Pts',(86.555,135.021500761801,55.2182085967311));
#8653=CARTESIAN_POINT('',(86.555,135.815166349065,54.6895369848769));
#8654=CARTESIAN_POINT('Ctrl Pts',(113.170632284761,164.957439383012,55.1817894003613));
#8655=CARTESIAN_POINT('Ctrl Pts',(104.639367715239,164.957439383012,55.1817894003613));
#8656=CARTESIAN_POINT('Ctrl Pts',(113.170632284761,162.754291273538,53.6353515026272));
#8657=CARTESIAN_POINT('Ctrl Pts',(104.639367715239,162.754291273538,53.6353515026272));
#8658=CARTESIAN_POINT('Ctrl Pts',(113.170632284761,160.425027648758,52.4281312832021));
#8659=CARTESIAN_POINT('Ctrl Pts',(104.639367715239,160.425027648758,52.4281312832021));
#8660=CARTESIAN_POINT('Ctrl Pts',(113.170632284761,157.988068811632,51.5962725405265));
#8661=CARTESIAN_POINT('Ctrl Pts',(104.639367715239,157.988068811632,51.5962725405265));
#8662=CARTESIAN_POINT('Ctrl Pts',(113.170632284761,154.285247718779,50.3323102397572));
#8663=CARTESIAN_POINT('Ctrl Pts',(104.639367715239,154.285247718779,50.3323102397572));
#8664=CARTESIAN_POINT('Ctrl Pts',(113.170632284761,150.296064875732,49.9547167042508));
#8665=CARTESIAN_POINT('Ctrl Pts',(104.639367715239,150.296064875732,49.9547167042508));
#8666=CARTESIAN_POINT('Ctrl Pts',(113.170632284761,146.436731615304,50.5235230429187));
#8667=CARTESIAN_POINT('Ctrl Pts',(104.639367715239,146.436731615304,50.5235230429187));
#8668=CARTESIAN_POINT('Ctrl Pts',(113.170632284761,142.383389954863,51.1209232345232));
#8669=CARTESIAN_POINT('Ctrl Pts',(104.639367715239,142.383389954863,51.1209232345232));
#8670=CARTESIAN_POINT('Ctrl Pts',(113.170632284761,138.53309558432,52.7351937033987));
#8671=CARTESIAN_POINT('Ctrl Pts',(104.639367715239,138.53309558432,52.7351937033987));
#8672=CARTESIAN_POINT('Ctrl Pts',(113.170632284761,135.021500761801,55.2182085967311));
#8673=CARTESIAN_POINT('Ctrl Pts',(104.639367715239,135.021500761801,55.2182085967311));
#8674=CARTESIAN_POINT('',(113.155,164.957439383012,55.1817894003613));
#8675=CARTESIAN_POINT('Origin',(113.155,172.471648533011,60.1380148374386));
#8676=CARTESIAN_POINT('Origin',(95.055,154.989470878956,37.7618478366175));
#8677=CARTESIAN_POINT('',(95.055,154.989470878956,37.7618478366175));
#8678=CARTESIAN_POINT('',(95.055,154.989470878956,37.7618478366175));
#8679=CARTESIAN_POINT('',(95.055,172.471648533011,60.1380148374386));
#8680=CARTESIAN_POINT('Origin',(95.055,145.014114570349,37.7618478366175));
#8681=CARTESIAN_POINT('',(95.055,145.014114570349,37.7618478366175));
#8682=CARTESIAN_POINT('',(95.055,127.531936916294,60.1380148374386));
#8683=CARTESIAN_POINT('',(95.055,145.014114570349,37.7618478366175));
#8684=CARTESIAN_POINT('Origin',(95.055,150.001792724653,67.3147600801422));
#8685=CARTESIAN_POINT('',(95.055,135.021500761801,55.2182085967311));
#8686=CARTESIAN_POINT('',(95.055,133.674230580166,56.1156438767252));
#8687=CARTESIAN_POINT('',(95.055,138.766648533012,52.96518988067));
#8688=CARTESIAN_POINT('Ctrl Pts',(95.055,135.021500761801,55.2182085967311));
#8689=CARTESIAN_POINT('Ctrl Pts',(95.055,136.232836703492,54.3616846137364));
#8690=CARTESIAN_POINT('Ctrl Pts',(95.055,137.484475427038,53.6085348963136));
#8691=CARTESIAN_POINT('Ctrl Pts',(95.055,138.7708488246,52.9648395549861));
#8692=CARTESIAN_POINT('',(95.055,140.266648533046,52.2705233700126));
#8693=CARTESIAN_POINT('Ctrl Pts',(95.055,140.27208902241,52.2702406335439));
#8694=CARTESIAN_POINT('Ctrl Pts',(95.055,139.766736673626,52.4853107417108));
#8695=CARTESIAN_POINT('Ctrl Pts',(95.055,139.266217283026,52.7169594530377));
#8696=CARTESIAN_POINT('Ctrl Pts',(95.055,138.770848824558,52.9648395550066));
#8697=CARTESIAN_POINT('',(95.055,159.736936916265,52.2651093781431));
#8698=CARTESIAN_POINT('Ctrl Pts',(95.055,140.27208902238,52.2702406335565));
#8699=CARTESIAN_POINT('Ctrl Pts',(95.055,142.258719821691,51.4247614309261));
#8700=CARTESIAN_POINT('Ctrl Pts',(95.055,144.320039989728,50.8354908187981));
#8701=CARTESIAN_POINT('Ctrl Pts',(95.055,146.436731615304,50.5235230429187));
#8702=CARTESIAN_POINT('Ctrl Pts',(95.055,150.296064875732,49.9547167042508));
#8703=CARTESIAN_POINT('Ctrl Pts',(95.055,154.285247718779,50.3323102397572));
#8704=CARTESIAN_POINT('Ctrl Pts',(95.055,157.988068811632,51.5962725405265));
#8705=CARTESIAN_POINT('Ctrl Pts',(95.055,158.57731025496,51.7974107947768));
#8706=CARTESIAN_POINT('Ctrl Pts',(95.055,159.160255381378,52.0204942661083));
#8707=CARTESIAN_POINT('Ctrl Pts',(95.055,159.736643796245,52.2650120155075));
#8708=CARTESIAN_POINT('',(95.055,161.236936916294,52.9569427977664));
#8709=CARTESIAN_POINT('Ctrl Pts',(95.055,161.236936916294,52.9569427977664));
#8710=CARTESIAN_POINT('Ctrl Pts',(95.055,160.743743619034,52.7109231543665));
#8711=CARTESIAN_POINT('Ctrl Pts',(95.055,160.243715398171,52.4800901085));
#8712=CARTESIAN_POINT('Ctrl Pts',(95.055,159.736936916237,52.2651093781431));
#8713=CARTESIAN_POINT('',(95.055,164.957439383012,55.1817894003613));
#8714=CARTESIAN_POINT('Ctrl Pts',(95.055,161.236402176809,52.9567448475506));
#8715=CARTESIAN_POINT('Ctrl Pts',(95.055,162.512391114173,53.5932388031036));
#8716=CARTESIAN_POINT('Ctrl Pts',(95.055,163.753738233136,54.3368852072614));
#8717=CARTESIAN_POINT('Ctrl Pts',(95.055,164.957439383012,55.1817894003613));
#8718=CARTESIAN_POINT('',(95.055,163.162087429135,53.9976103544123));
#8719=CARTESIAN_POINT('',(95.055,150.001792724652,34.7748754997632));
#8720=CARTESIAN_POINT('Ctrl Pts',(95.055,154.989470878956,37.7618478366175));
#8721=CARTESIAN_POINT('Ctrl Pts',(95.055,154.789891939727,37.5353202341959));
#8722=CARTESIAN_POINT('Ctrl Pts',(95.055,154.390760579626,37.1020442607166));
#8723=CARTESIAN_POINT('Ctrl Pts',(95.055,153.792143092089,36.5114661596347));
#8724=CARTESIAN_POINT('Ctrl Pts',(95.055,152.994148186115,35.8446686467581));
#8725=CARTESIAN_POINT('Ctrl Pts',(95.055,151.996942426296,35.2258871522748));
#8726=CARTESIAN_POINT('Ctrl Pts',(95.055,151.199069979444,34.9178558903191));
#8727=CARTESIAN_POINT('Ctrl Pts',(95.055,150.600728798991,34.800794526532));
#8728=CARTESIAN_POINT('Ctrl Pts',(95.055,150.201784976187,34.7748246233946));
#8729=CARTESIAN_POINT('Ctrl Pts',(95.055,150.002151269468,34.7748753665414));
#8730=CARTESIAN_POINT('Ctrl Pts',(95.055,150.00179272465,34.7748754997632));
#8731=CARTESIAN_POINT('Ctrl Pts',(95.055,145.014114570349,37.7618478366175));
#8732=CARTESIAN_POINT('Ctrl Pts',(95.055,145.213693509578,37.5353202341959));
#8733=CARTESIAN_POINT('Ctrl Pts',(95.055,145.612824869679,37.1020442607166));
#8734=CARTESIAN_POINT('Ctrl Pts',(95.055,146.211442357216,36.5114661596347));
#8735=CARTESIAN_POINT('Ctrl Pts',(95.055,147.00943726319,35.8446686467581));
#8736=CARTESIAN_POINT('Ctrl Pts',(95.055,148.006643023009,35.2258871522748));
#8737=CARTESIAN_POINT('Ctrl Pts',(95.055,148.80451546986,34.9178558903193));
#8738=CARTESIAN_POINT('Ctrl Pts',(95.055,149.402856650313,34.8007945265322));
#8739=CARTESIAN_POINT('Ctrl Pts',(95.055,149.801800473116,34.7748246233947));
#8740=CARTESIAN_POINT('Ctrl Pts',(95.055,150.001434179835,34.7748753665414));
#8741=CARTESIAN_POINT('Ctrl Pts',(95.055,150.001792724652,34.7748754997632));
#8742=CARTESIAN_POINT('',(95.055,150.001792724653,43.4799995055597));
#8743=CARTESIAN_POINT('',(95.055,150.001792724653,36.9800004944403));
#8744=CARTESIAN_POINT('Origin',(95.055,150.003585449305,40.23));
#8745=CARTESIAN_POINT('Origin',(95.055,150.,40.23));
#8746=CARTESIAN_POINT('Origin',(86.555,172.471648533011,60.1380148374386));
#8747=CARTESIAN_POINT('',(86.555,164.957439383012,55.1817894003613));
#8748=CARTESIAN_POINT('Ctrl Pts',(86.5393677152392,164.957439383012,55.1817894003613));
#8749=CARTESIAN_POINT('Ctrl Pts',(95.0706322847608,164.957439383012,55.1817894003613));
#8750=CARTESIAN_POINT('Ctrl Pts',(86.5393677152392,162.754291273538,53.6353515026272));
#8751=CARTESIAN_POINT('Ctrl Pts',(95.0706322847608,162.754291273538,53.6353515026272));
#8752=CARTESIAN_POINT('Ctrl Pts',(86.5393677152392,160.425027648758,52.4281312832021));
#8753=CARTESIAN_POINT('Ctrl Pts',(95.0706322847608,160.425027648758,52.4281312832021));
#8754=CARTESIAN_POINT('Ctrl Pts',(86.5393677152392,157.988068811632,51.5962725405265));
#8755=CARTESIAN_POINT('Ctrl Pts',(95.0706322847608,157.988068811632,51.5962725405265));
#8756=CARTESIAN_POINT('Ctrl Pts',(86.5393677152392,154.285247718779,50.3323102397572));
#8757=CARTESIAN_POINT('Ctrl Pts',(95.0706322847608,154.285247718779,50.3323102397572));
#8758=CARTESIAN_POINT('Ctrl Pts',(86.5393677152392,150.296064875732,49.9547167042508));
#8759=CARTESIAN_POINT('Ctrl Pts',(95.0706322847608,150.296064875732,49.9547167042508));
#8760=CARTESIAN_POINT('Ctrl Pts',(86.5393677152392,146.436731615304,50.5235230429187));
#8761=CARTESIAN_POINT('Ctrl Pts',(95.0706322847608,146.436731615304,50.5235230429187));
#8762=CARTESIAN_POINT('Ctrl Pts',(86.5393677152392,142.383389954863,51.1209232345232));
#8763=CARTESIAN_POINT('Ctrl Pts',(95.0706322847608,142.383389954863,51.1209232345232));
#8764=CARTESIAN_POINT('Ctrl Pts',(86.5393677152392,138.53309558432,52.7351937033987));
#8765=CARTESIAN_POINT('Ctrl Pts',(95.0706322847608,138.53309558432,52.7351937033987));
#8766=CARTESIAN_POINT('Ctrl Pts',(86.5393677152392,135.021500761801,55.2182085967311));
#8767=CARTESIAN_POINT('Ctrl Pts',(95.0706322847608,135.021500761801,55.2182085967311));
#8768=CARTESIAN_POINT('',(86.555,135.021500761801,55.2182085967311));
#8769=CARTESIAN_POINT('Origin',(86.555,135.021500761801,55.2182085967311));
#8770=CARTESIAN_POINT('Ctrl Pts',(95.055,154.977876058139,37.7618478366175));
#8771=CARTESIAN_POINT('Ctrl Pts',(104.655,154.977876058139,37.7618478366175));
#8772=CARTESIAN_POINT('Ctrl Pts',(95.055,154.778904610603,37.5352659713023));
#8773=CARTESIAN_POINT('Ctrl Pts',(104.655,154.778904610603,37.5352659713023));
#8774=CARTESIAN_POINT('Ctrl Pts',(95.055,154.380935181927,37.10189284481));
#8775=CARTESIAN_POINT('Ctrl Pts',(104.655,154.380935181927,37.10189284481));
#8776=CARTESIAN_POINT('Ctrl Pts',(95.055,153.783901440516,36.511203164512));
#8777=CARTESIAN_POINT('Ctrl Pts',(104.655,153.783901440516,36.511203164512));
#8778=CARTESIAN_POINT('Ctrl Pts',(95.055,152.987694615193,35.8443260266927));
#8779=CARTESIAN_POINT('Ctrl Pts',(104.655,152.987694615193,35.8443260266927));
#8780=CARTESIAN_POINT('Ctrl Pts',(95.055,151.992148053637,35.2255622992534));
#8781=CARTESIAN_POINT('Ctrl Pts',(104.655,151.992148053637,35.2255622992534));
#8782=CARTESIAN_POINT('Ctrl Pts',(95.055,150.996287736291,34.8408194195667));
#8783=CARTESIAN_POINT('Ctrl Pts',(104.655,150.996287736291,34.8408194195667));
#8784=CARTESIAN_POINT('Ctrl Pts',(95.055,150.000088081908,34.7091776544379));
#8785=CARTESIAN_POINT('Ctrl Pts',(104.655,150.000088081908,34.7091776544379));
#8786=CARTESIAN_POINT('Ctrl Pts',(95.055,149.003535168227,34.8410211918863));
#8787=CARTESIAN_POINT('Ctrl Pts',(104.655,149.003535168227,34.8410211918863));
#8788=CARTESIAN_POINT('Ctrl Pts',(95.055,148.006643023009,35.2258871522748));
#8789=CARTESIAN_POINT('Ctrl Pts',(104.655,148.006643023009,35.2258871522748));
#8790=CARTESIAN_POINT('Ctrl Pts',(95.055,147.00943726319,35.8446686467581));
#8791=CARTESIAN_POINT('Ctrl Pts',(104.655,147.00943726319,35.8446686467581));
#8792=CARTESIAN_POINT('Ctrl Pts',(95.055,146.211442357216,36.5114661596347));
#8793=CARTESIAN_POINT('Ctrl Pts',(104.655,146.211442357216,36.5114661596347));
#8794=CARTESIAN_POINT('Ctrl Pts',(95.055,145.612824869679,37.1020442607166));
#8795=CARTESIAN_POINT('Ctrl Pts',(104.655,145.612824869679,37.1020442607166));
#8796=CARTESIAN_POINT('Ctrl Pts',(95.055,145.213693509578,37.5353202341959));
#8797=CARTESIAN_POINT('Ctrl Pts',(104.655,145.213693509578,37.5353202341959));
#8798=CARTESIAN_POINT('Ctrl Pts',(95.055,145.014114570349,37.7618478366175));
#8799=CARTESIAN_POINT('Ctrl Pts',(104.655,145.014114570349,37.7618478366175));
#8800=CARTESIAN_POINT('Ctrl Pts',(104.655,150.001792724656,34.7748754997632));
#8801=CARTESIAN_POINT('Ctrl Pts',(103.055,150.001792724656,34.7748754997632));
#8802=CARTESIAN_POINT('Ctrl Pts',(101.455,150.001792724656,34.7748754997632));
#8803=CARTESIAN_POINT('Ctrl Pts',(98.255,150.001792724656,34.7748754997632));
#8804=CARTESIAN_POINT('Ctrl Pts',(96.655,150.001792724652,34.7748754997632));
#8805=CARTESIAN_POINT('Ctrl Pts',(95.055,150.001792724652,34.7748754997632));
#8806=CARTESIAN_POINT('Origin',(104.655,150.,40.23));
#8807=CARTESIAN_POINT('',(104.655,150.001792724653,36.9800004944403));
#8808=CARTESIAN_POINT('',(104.655,150.001792724653,43.4799995055597));
#8809=CARTESIAN_POINT('Origin',(104.655,150.003585449305,40.23));
#8810=CARTESIAN_POINT('Ctrl Pts',(95.055,145.025709391166,37.7618478366175));
#8811=CARTESIAN_POINT('Ctrl Pts',(104.655,145.025709391166,37.7618478366175));
#8812=CARTESIAN_POINT('Ctrl Pts',(95.055,145.224680838702,37.5352659713023));
#8813=CARTESIAN_POINT('Ctrl Pts',(104.655,145.224680838702,37.5352659713023));
#8814=CARTESIAN_POINT('Ctrl Pts',(95.055,145.622650267378,37.10189284481));
#8815=CARTESIAN_POINT('Ctrl Pts',(104.655,145.622650267378,37.10189284481));
#8816=CARTESIAN_POINT('Ctrl Pts',(95.055,146.219684008789,36.511203164512));
#8817=CARTESIAN_POINT('Ctrl Pts',(104.655,146.219684008789,36.511203164512));
#8818=CARTESIAN_POINT('Ctrl Pts',(95.055,147.015890834112,35.8443260266927));
#8819=CARTESIAN_POINT('Ctrl Pts',(104.655,147.015890834112,35.8443260266927));
#8820=CARTESIAN_POINT('Ctrl Pts',(95.055,148.011437395668,35.2255622992534));
#8821=CARTESIAN_POINT('Ctrl Pts',(104.655,148.011437395668,35.2255622992534));
#8822=CARTESIAN_POINT('Ctrl Pts',(95.055,149.007297713014,34.8408194195667));
#8823=CARTESIAN_POINT('Ctrl Pts',(104.655,149.007297713014,34.8408194195667));
#8824=CARTESIAN_POINT('Ctrl Pts',(95.055,150.003497367397,34.7091776544379));
#8825=CARTESIAN_POINT('Ctrl Pts',(104.655,150.003497367397,34.7091776544379));
#8826=CARTESIAN_POINT('Ctrl Pts',(95.055,151.000050281078,34.8410211918863));
#8827=CARTESIAN_POINT('Ctrl Pts',(104.655,151.000050281078,34.8410211918863));
#8828=CARTESIAN_POINT('Ctrl Pts',(95.055,151.996942426296,35.2258871522748));
#8829=CARTESIAN_POINT('Ctrl Pts',(104.655,151.996942426296,35.2258871522748));
#8830=CARTESIAN_POINT('Ctrl Pts',(95.055,152.994148186115,35.8446686467581));
#8831=CARTESIAN_POINT('Ctrl Pts',(104.655,152.994148186115,35.8446686467581));
#8832=CARTESIAN_POINT('Ctrl Pts',(95.055,153.792143092089,36.5114661596347));
#8833=CARTESIAN_POINT('Ctrl Pts',(104.655,153.792143092089,36.5114661596347));
#8834=CARTESIAN_POINT('Ctrl Pts',(95.055,154.390760579626,37.1020442607166));
#8835=CARTESIAN_POINT('Ctrl Pts',(104.655,154.390760579626,37.1020442607166));
#8836=CARTESIAN_POINT('Ctrl Pts',(95.055,154.789891939727,37.5353202341959));
#8837=CARTESIAN_POINT('Ctrl Pts',(104.655,154.789891939727,37.5353202341959));
#8838=CARTESIAN_POINT('Ctrl Pts',(95.055,154.989470878956,37.7618478366175));
#8839=CARTESIAN_POINT('Ctrl Pts',(104.655,154.989470878956,37.7618478366175));
#8840=CARTESIAN_POINT('',(1.77635683940025E-15,2.66453525910038E-14,1.95399252334028E-14));
#8841=CARTESIAN_POINT('',(1.77635683940025E-15,2.66453525910038E-14,2.04281036531029E-14));
#8842=CARTESIAN_POINT('',(0.,0.,0.));
#8843=CARTESIAN_POINT('Origin',(132.925750668743,183.508078061835,3.98000000000001));
#8844=CARTESIAN_POINT('',(132.925750668743,183.508078061835,-8.04911692853238E-14));
#8845=CARTESIAN_POINT('',(131.228570964726,183.508078061835,3.98000000000001));
#8846=CARTESIAN_POINT('',(126.492319602871,183.508078061835,15.0868264459964));
#8847=CARTESIAN_POINT('',(132.925750668743,183.508078061835,-0.0199999999999905));
#8848=CARTESIAN_POINT('',(132.925750668743,183.508078061835,3.98000000000001));
#8849=CARTESIAN_POINT('',(121.0735,183.508078061835,-0.0199999999999978));
#8850=CARTESIAN_POINT('',(132.925750668743,183.508078061835,-0.0199999999999905));
#8851=CARTESIAN_POINT('',(121.0735,183.508078061835,3.98));
#8852=CARTESIAN_POINT('',(121.0735,183.508078061835,-0.0199999999999978));
#8853=CARTESIAN_POINT('',(132.925750668743,183.508078061835,3.98000000000001));
#8854=CARTESIAN_POINT('Origin',(132.925750668743,191.821921938165,-0.0199999999999905));
#8855=CARTESIAN_POINT('',(131.228570964726,191.821921938165,3.98000000000001));
#8856=CARTESIAN_POINT('',(132.925750668743,191.821921938165,-7.91250745479921E-14));
#8857=CARTESIAN_POINT('',(127.213952052909,191.821921938165,13.3945500510128));
#8858=CARTESIAN_POINT('',(121.0735,191.821921938165,3.98));
#8859=CARTESIAN_POINT('',(132.925750668743,191.821921938165,3.98000000000001));
#8860=CARTESIAN_POINT('',(121.0735,191.821921938165,-0.0199999999999978));
#8861=CARTESIAN_POINT('',(121.0735,191.821921938165,-0.0199999999999978));
#8862=CARTESIAN_POINT('',(132.925750668743,191.821921938165,-0.0199999999999905));
#8863=CARTESIAN_POINT('',(132.925750668743,191.821921938165,-0.0199999999999905));
#8864=CARTESIAN_POINT('',(132.925750668743,191.821921938165,-0.0199999999999905));
#8865=CARTESIAN_POINT('Origin',(132.925750668743,187.665,1.98000000000001));
#8866=CARTESIAN_POINT('',(132.925750668743,168.8325,-8.65973959207622E-14));
#8867=CARTESIAN_POINT('',(132.925750668743,183.508078061835,-0.0199999999999905));
#8868=CARTESIAN_POINT('Origin',(132.925750668743,108.178078061834,3.98000000000001));
#8869=CARTESIAN_POINT('',(132.925750668743,108.178078061834,-8.04911692853238E-14));
#8870=CARTESIAN_POINT('',(131.228570964726,108.178078061834,3.98000000000001));
#8871=CARTESIAN_POINT('',(126.492319602871,108.178078061834,15.0868264459964));
#8872=CARTESIAN_POINT('',(132.925750668743,108.178078061834,-0.0199999999999905));
#8873=CARTESIAN_POINT('',(132.925750668743,108.178078061834,3.98000000000001));
#8874=CARTESIAN_POINT('',(121.0735,108.178078061835,-0.0199999999999978));
#8875=CARTESIAN_POINT('',(132.925750668743,108.178078061834,-0.0199999999999905));
#8876=CARTESIAN_POINT('',(121.0735,108.178078061835,3.98));
#8877=CARTESIAN_POINT('',(121.0735,108.178078061835,-0.0199999999999978));
#8878=CARTESIAN_POINT('',(132.925750668743,108.178078061834,3.98000000000001));
#8879=CARTESIAN_POINT('Origin',(132.925750668743,116.491921938166,-0.0199999999999905));
#8880=CARTESIAN_POINT('',(131.228570964726,116.491921938166,3.98000000000001));
#8881=CARTESIAN_POINT('',(132.925750668743,116.491921938166,-7.91250745479921E-14));
#8882=CARTESIAN_POINT('',(127.213952052909,116.491921938166,13.3945500510128));
#8883=CARTESIAN_POINT('',(121.0735,116.491921938165,3.98));
#8884=CARTESIAN_POINT('',(132.925750668743,116.491921938166,3.98000000000001));
#8885=CARTESIAN_POINT('',(121.0735,116.491921938165,-0.0199999999999978));
#8886=CARTESIAN_POINT('',(121.0735,116.491921938165,-0.0199999999999978));
#8887=CARTESIAN_POINT('',(132.925750668743,116.491921938166,-0.0199999999999905));
#8888=CARTESIAN_POINT('',(132.925750668743,116.491921938166,-0.0199999999999905));
#8889=CARTESIAN_POINT('',(132.925750668743,116.491921938166,-0.0199999999999905));
#8890=CARTESIAN_POINT('Origin',(132.925750668743,112.335,1.98000000000001));
#8891=CARTESIAN_POINT('',(132.925750668743,131.1675,-8.65973959207622E-14));
#8892=CARTESIAN_POINT('',(132.925750668743,108.178078061834,-0.0199999999999905));
#8893=CARTESIAN_POINT('Origin',(67.0742493312572,183.508078061835,3.98));
#8894=CARTESIAN_POINT('',(68.7714290352741,183.508078061835,3.98));
#8895=CARTESIAN_POINT('',(67.0742493312572,183.508078061835,2.77555756156289E-15));
#8896=CARTESIAN_POINT('',(74.2769894096703,183.508078061835,16.8909075710926));
#8897=CARTESIAN_POINT('',(78.9265,183.508078061835,3.98));
#8898=CARTESIAN_POINT('',(67.0742493312572,183.508078061835,3.98));
#8899=CARTESIAN_POINT('',(78.9265,183.508078061835,-0.0199999999999978));
#8900=CARTESIAN_POINT('',(78.9265,183.508078061835,-0.0199999999999978));
#8901=CARTESIAN_POINT('',(67.0742493312572,183.508078061835,-0.0199999999999978));
#8902=CARTESIAN_POINT('',(67.0742493312572,183.508078061835,-0.0199999999999978));
#8903=CARTESIAN_POINT('',(67.0742493312572,183.508078061835,3.98));
#8904=CARTESIAN_POINT('Origin',(67.0742493312572,187.665,1.98));
#8905=CARTESIAN_POINT('',(67.0742493312572,191.821921938165,-1.52655665885959E-15));
#8906=CARTESIAN_POINT('',(67.0742493312572,168.8325,-2.44249065417534E-14));
#8907=CARTESIAN_POINT('',(67.0742493312572,191.821921938165,-0.0199999999999978));
#8908=CARTESIAN_POINT('',(67.0742493312572,183.508078061835,-0.0199999999999978));
#8909=CARTESIAN_POINT('',(67.0742493312572,191.821921938165,-0.0199999999999978));
#8910=CARTESIAN_POINT('Origin',(67.0742493312572,191.821921938165,-0.0199999999999978));
#8911=CARTESIAN_POINT('',(68.7714290352741,191.821921938165,3.98));
#8912=CARTESIAN_POINT('',(73.5553569596318,191.821921938165,15.198631176109));
#8913=CARTESIAN_POINT('',(78.9265,191.821921938165,-0.0199999999999978));
#8914=CARTESIAN_POINT('',(67.0742493312572,191.821921938165,-0.0199999999999978));
#8915=CARTESIAN_POINT('',(78.9265,191.821921938165,3.98));
#8916=CARTESIAN_POINT('',(78.9265,191.821921938165,-0.0199999999999978));
#8917=CARTESIAN_POINT('',(67.0742493312572,191.821921938165,3.98));
#8918=CARTESIAN_POINT('Origin',(67.0742493312572,108.178078061834,3.98));
#8919=CARTESIAN_POINT('',(68.7714290352741,108.178078061834,3.98));
#8920=CARTESIAN_POINT('',(67.0742493312572,108.178078061834,2.77555756156289E-15));
#8921=CARTESIAN_POINT('',(74.2769894096703,108.178078061834,16.8909075710926));
#8922=CARTESIAN_POINT('',(78.9265,108.178078061834,3.98));
#8923=CARTESIAN_POINT('',(67.0742493312572,108.178078061834,3.98));
#8924=CARTESIAN_POINT('',(78.9265,108.178078061834,-0.0199999999999978));
#8925=CARTESIAN_POINT('',(78.9265,108.178078061834,-0.0199999999999978));
#8926=CARTESIAN_POINT('',(67.0742493312572,108.178078061834,-0.0199999999999978));
#8927=CARTESIAN_POINT('',(67.0742493312572,108.178078061834,-0.0199999999999978));
#8928=CARTESIAN_POINT('',(67.0742493312572,108.178078061834,3.98));
#8929=CARTESIAN_POINT('Origin',(67.0742493312572,112.335,1.98));
#8930=CARTESIAN_POINT('',(67.0742493312572,116.491921938166,-1.52655665885959E-15));
#8931=CARTESIAN_POINT('',(67.0742493312572,131.1675,-2.44249065417534E-14));
#8932=CARTESIAN_POINT('',(67.0742493312572,116.491921938166,-0.0199999999999978));
#8933=CARTESIAN_POINT('',(67.0742493312572,108.178078061834,-0.0199999999999978));
#8934=CARTESIAN_POINT('',(67.0742493312572,116.491921938166,-0.0199999999999978));
#8935=CARTESIAN_POINT('Origin',(67.0742493312572,116.491921938166,-0.0199999999999978));
#8936=CARTESIAN_POINT('',(68.7714290352741,116.491921938166,3.98));
#8937=CARTESIAN_POINT('',(73.5553569596318,116.491921938166,15.198631176109));
#8938=CARTESIAN_POINT('',(78.9265,116.491921938166,-0.0199999999999978));
#8939=CARTESIAN_POINT('',(67.0742493312572,116.491921938166,-0.0199999999999978));
#8940=CARTESIAN_POINT('',(78.9265,116.491921938166,3.98));
#8941=CARTESIAN_POINT('',(78.9265,116.491921938166,-0.0199999999999978));
#8942=CARTESIAN_POINT('',(67.0742493312572,116.491921938166,3.98));
#8943=CARTESIAN_POINT('Origin',(78.9265,112.335,-12.02));
#8944=CARTESIAN_POINT('',(76.6265,112.335,-8.02));
#8945=CARTESIAN_POINT('Origin',(78.9265,112.335,-8.02));
#8946=CARTESIAN_POINT('',(76.6265,112.335,-0.0199999999999978));
#8947=CARTESIAN_POINT('',(76.6265,112.335,-12.02));
#8948=CARTESIAN_POINT('Origin',(78.9265,112.335,-0.0199999999999978));
#8949=CARTESIAN_POINT('Origin',(78.9265,187.665,-12.02));
#8950=CARTESIAN_POINT('',(76.6265,187.665,-8.02));
#8951=CARTESIAN_POINT('Origin',(78.9265,187.665,-8.02));
#8952=CARTESIAN_POINT('',(76.6265,187.665,-0.0199999999999978));
#8953=CARTESIAN_POINT('',(76.6265,187.665,-12.02));
#8954=CARTESIAN_POINT('Origin',(78.9265,187.665,-0.0199999999999978));
#8955=CARTESIAN_POINT('Origin',(121.0735,112.335,-12.02));
#8956=CARTESIAN_POINT('',(118.7735,112.335,-8.02));
#8957=CARTESIAN_POINT('Origin',(121.0735,112.335,-8.02));
#8958=CARTESIAN_POINT('',(118.7735,112.335,-0.0199999999999978));
#8959=CARTESIAN_POINT('',(118.7735,112.335,-12.02));
#8960=CARTESIAN_POINT('Origin',(121.0735,112.335,-0.0199999999999978));
#8961=CARTESIAN_POINT('Origin',(121.0735,187.665,-12.02));
#8962=CARTESIAN_POINT('',(118.7735,187.665,-8.02));
#8963=CARTESIAN_POINT('Origin',(121.0735,187.665,-8.02));
#8964=CARTESIAN_POINT('',(118.7735,187.665,-0.0199999999999978));
#8965=CARTESIAN_POINT('',(118.7735,187.665,-12.02));
#8966=CARTESIAN_POINT('Origin',(121.0735,187.665,-0.0199999999999978));
#8967=CARTESIAN_POINT('Origin',(80.0436809125068,150.,30.4141851161678));
#8968=CARTESIAN_POINT('',(87.2442493312572,132.645,47.3));
#8969=CARTESIAN_POINT('',(87.2442493312572,167.355,47.3));
#8970=CARTESIAN_POINT('',(87.2442493312572,150.,47.3));
#8971=CARTESIAN_POINT('',(67.0742493312572,201.3,0.));
#8972=CARTESIAN_POINT('',(79.8615777330852,179.779630014871,29.9871409720607));
#8973=CARTESIAN_POINT('',(65.8565634083457,200.436444060763,-2.85555499026836));
#8974=CARTESIAN_POINT('',(75.3528232520305,207.170981624392,19.4138099381546));
#8975=CARTESIAN_POINT('',(65.8565634083457,99.5635559392367,-2.85555499026836));
#8976=CARTESIAN_POINT('',(65.8565634083457,175.65,-2.85555499026836));
#8977=CARTESIAN_POINT('',(67.0742493312572,98.7,0.));
#8978=CARTESIAN_POINT('',(70.3401646450294,96.3838850534555,7.65879000205381));
#8979=CARTESIAN_POINT('',(76.1001821011112,113.890148134492,21.166416460788));
#8980=CARTESIAN_POINT('',(68.7714290352741,170.910960969083,3.98));
#8981=CARTESIAN_POINT('',(68.7714290352741,133.245960969083,3.98));
#8982=CARTESIAN_POINT('',(84.2469091341471,155.749853562971,40.2710366225431));
#8983=CARTESIAN_POINT('',(86.3440950448438,152.910334325341,45.1890779500568));
#8984=CARTESIAN_POINT('',(83.0032939847191,157.433666677964,37.3546758606221));
#8985=CARTESIAN_POINT('',(86.3615613330103,152.839388023878,45.2300375648449));
#8986=CARTESIAN_POINT('Origin',(84.2294100077899,150.,40.23));
#8987=CARTESIAN_POINT('',(86.3615292953043,147.160479678574,45.2299624342799));
#8988=CARTESIAN_POINT('',(86.3615533230643,151.419568858918,45.2300187809855));
#8989=CARTESIAN_POINT('',(86.3440622066531,147.089534460907,45.1890009423018));
#8990=CARTESIAN_POINT('Origin',(84.2294100077899,150.,40.23));
#8991=CARTESIAN_POINT('',(84.2468442582505,144.250145353233,40.2708844842232));
#8992=CARTESIAN_POINT('',(83.925957304432,143.815701750382,39.5183831002067));
#8993=CARTESIAN_POINT('',(84.2119108814328,144.250146437029,40.1889633774569));
#8994=CARTESIAN_POINT('Origin',(84.2294100077899,150.,40.23));
#8995=CARTESIAN_POINT('',(82.1147249707362,147.089665674659,35.2709220499433));
#8996=CARTESIAN_POINT('',(82.0497457287846,147.177645384338,35.1185413784357));
#8997=CARTESIAN_POINT('',(82.0972586825696,147.160611976122,35.2299624351551));
#8998=CARTESIAN_POINT('Origin',(84.2294100077899,150.,40.23));
#8999=CARTESIAN_POINT('',(82.0972907202757,152.839520321426,35.23003756572));
#9000=CARTESIAN_POINT('',(82.0972666916124,148.580271040896,35.2299812168964));
#9001=CARTESIAN_POINT('',(82.1147578089268,152.910465539093,35.2709990576982));
#9002=CARTESIAN_POINT('Origin',(84.2294100077899,150.,40.23));
#9003=CARTESIAN_POINT('',(84.2119757573295,155.749854646767,40.1891155157768));
#9004=CARTESIAN_POINT('',(81.1269908397422,151.57314398157,32.9546194026445));
#9005=CARTESIAN_POINT('Origin',(84.2294100077899,150.,40.23));
#9006=CARTESIAN_POINT('',(79.952112896508,146.600002145767,30.1994519899042));
#9007=CARTESIAN_POINT('Origin',(79.9521128965081,144.000002145767,30.1994519899041));
#9008=CARTESIAN_POINT('',(76.2755328574047,141.600002235165,21.5776257207128));
#9009=CARTESIAN_POINT('Origin',(76.2755328574047,139.000002235165,21.5776257207128));
#9010=CARTESIAN_POINT('',(79.9521128965106,158.600002324553,30.1994519899102));
#9011=CARTESIAN_POINT('Origin',(79.9521128965106,156.000002324553,30.1994519899102));
#9012=CARTESIAN_POINT('',(76.2755328574094,163.600002235165,21.5776257207239));
#9013=CARTESIAN_POINT('Origin',(76.2755328574094,161.000002235165,21.5776257207239));
#9014=CARTESIAN_POINT('Origin',(135.1,201.3,0.));
#9015=CARTESIAN_POINT('',(95.055,167.355,47.3));
#9016=CARTESIAN_POINT('',(114.93,167.355,47.3));
#9017=CARTESIAN_POINT('',(95.055,177.502617336152,33.16));
#9018=CARTESIAN_POINT('',(95.055,181.377623622292,27.7604478617059));
#9019=CARTESIAN_POINT('',(104.945,177.502617336152,33.16));
#9020=CARTESIAN_POINT('',(115.0775,177.502617336152,33.16));
#9021=CARTESIAN_POINT('',(104.945,167.355,47.3));
#9022=CARTESIAN_POINT('',(104.945,184.726614274238,23.0938619775686));
#9023=CARTESIAN_POINT('',(112.755750668743,167.355,47.3));
#9024=CARTESIAN_POINT('',(114.93,167.355,47.3));
#9025=CARTESIAN_POINT('',(132.925750668743,201.3,0.));
#9026=CARTESIAN_POINT('',(124.435629242475,187.011592869873,19.9099029976437));
#9027=CARTESIAN_POINT('',(135.1,201.3,0.));
#9028=CARTESIAN_POINT('Origin',(100.,150.,47.3));
#9029=CARTESIAN_POINT('',(95.055,132.645,47.3));
#9030=CARTESIAN_POINT('',(85.07,132.645,47.3));
#9031=CARTESIAN_POINT('',(95.055,150.,47.3));
#9032=CARTESIAN_POINT('Origin',(64.9,98.7,0.));
#9033=CARTESIAN_POINT('',(132.41343344426,101.125349417637,-8.02));
#9034=CARTESIAN_POINT('',(67.5865665557404,101.125349417637,-8.02));
#9035=CARTESIAN_POINT('',(82.45,101.125349417637,-8.02));
#9036=CARTESIAN_POINT('',(134.143436591654,99.5635559392368,-2.85555499026845));
#9037=CARTESIAN_POINT('',(135.1,98.7,0.));
#9038=CARTESIAN_POINT('',(132.925750668743,98.7,0.));
#9039=CARTESIAN_POINT('',(125.361230680591,93.3354096402587,17.7393056737527));
#9040=CARTESIAN_POINT('',(64.9,98.7,0.));
#9041=CARTESIAN_POINT('',(64.9,98.7,0.));
#9042=CARTESIAN_POINT('Origin',(100.,150.,47.3));
#9043=CARTESIAN_POINT('',(112.755750668743,132.645,47.3));
#9044=CARTESIAN_POINT('',(112.755750668743,150.,47.3));
#9045=CARTESIAN_POINT('',(104.945,132.645,47.3));
#9046=CARTESIAN_POINT('',(104.945,150.,47.3));
#9047=CARTESIAN_POINT('',(85.07,132.645,47.3));
#9048=CARTESIAN_POINT('Origin',(64.9,98.7,0.));
#9049=CARTESIAN_POINT('',(120.674233610501,119.318628980765,28.7306275089164));
#9050=CARTESIAN_POINT('',(104.945,122.497382663848,33.16));
#9051=CARTESIAN_POINT('',(104.945,115.273385725762,23.0938619775686));
#9052=CARTESIAN_POINT('',(95.055,122.497382663848,33.16));
#9053=CARTESIAN_POINT('',(79.9775,122.497382663848,33.16));
#9054=CARTESIAN_POINT('',(95.055,118.622376377708,27.7604478617059));
#9055=CARTESIAN_POINT('Origin',(95.055,150.,47.3));
#9056=CARTESIAN_POINT('',(95.055,150.,33.16));
#9057=CARTESIAN_POINT('',(95.055,153.25,40.23));
#9058=CARTESIAN_POINT('Origin',(95.055,150.,40.23));
#9059=CARTESIAN_POINT('Origin',(95.055,150.,33.16));
#9060=CARTESIAN_POINT('',(104.945,150.,33.16));
#9061=CARTESIAN_POINT('Origin',(104.945,150.,33.16));
#9062=CARTESIAN_POINT('',(104.945,153.25,40.23));
#9063=CARTESIAN_POINT('Origin',(104.945,150.,40.23));
#9064=CARTESIAN_POINT('Origin',(135.1,98.7,0.));
#9065=CARTESIAN_POINT('',(132.41343344426,198.874650582363,-8.02));
#9066=CARTESIAN_POINT('',(132.41343344426,124.35,-8.02));
#9067=CARTESIAN_POINT('',(134.143436591654,200.436444060763,-2.85555499026843));
#9068=CARTESIAN_POINT('',(135.1,201.3,0.));
#9069=CARTESIAN_POINT('',(134.143436591654,124.35,-2.85555499026844));
#9070=CARTESIAN_POINT('Origin',(121.494937112575,150.,26.8060228659755));
#9071=CARTESIAN_POINT('',(130.373889287592,203.109723681894,5.98428573765197));
#9072=CARTESIAN_POINT('',(131.228570964726,170.910960969083,3.98000000000001));
#9073=CARTESIAN_POINT('',(131.228570964726,133.245960969083,3.98000000000001));
#9074=CARTESIAN_POINT('',(117.945,147.342688987801,35.1308629961096));
#9075=CARTESIAN_POINT('',(115.77058999221,155.75,40.23));
#9076=CARTESIAN_POINT('Origin',(115.77058999221,150.,40.23));
#9077=CARTESIAN_POINT('',(117.945,152.657311012199,35.1308629961096));
#9078=CARTESIAN_POINT('Origin',(115.77058999221,150.,40.23));
#9079=CARTESIAN_POINT('',(117.945,150.,35.1308629961096));
#9080=CARTESIAN_POINT('',(120.047887103489,158.600002324553,30.1994519899102));
#9081=CARTESIAN_POINT('Origin',(120.047887103489,156.000002324553,30.1994519899102));
#9082=CARTESIAN_POINT('',(123.724467142595,141.600002235165,21.5776257207128));
#9083=CARTESIAN_POINT('Origin',(123.724467142595,139.000002235165,21.5776257207128));
#9084=CARTESIAN_POINT('',(123.724467142591,163.600002235165,21.5776257207239));
#9085=CARTESIAN_POINT('Origin',(123.724467142591,161.000002235165,21.5776257207239));
#9086=CARTESIAN_POINT('',(120.047887103492,146.600002145767,30.1994519899042));
#9087=CARTESIAN_POINT('Origin',(120.047887103492,144.000002145767,30.1994519899041));
#9088=CARTESIAN_POINT('Origin',(106.945,150.,40.23));
#9089=CARTESIAN_POINT('',(106.945,155.75,40.23));
#9090=CARTESIAN_POINT('Origin',(106.945,150.,40.23));
#9091=CARTESIAN_POINT('',(106.945,153.25,40.23));
#9092=CARTESIAN_POINT('Origin',(106.945,150.,40.23));
#9093=CARTESIAN_POINT('Origin',(117.945,150.,40.23));
#9094=CARTESIAN_POINT('Origin',(117.945,150.,40.23));
#9095=CARTESIAN_POINT('',(117.945,155.75,40.23));
#9096=CARTESIAN_POINT('Origin',(117.945,150.,40.23));
#9097=CARTESIAN_POINT('Origin',(117.945,150.,40.23));
#9098=CARTESIAN_POINT('',(117.945,153.25,40.23));
#9099=CARTESIAN_POINT('Origin',(117.945,150.,40.23));
#9100=CARTESIAN_POINT('',(89.055,153.25,40.23));
#9101=CARTESIAN_POINT('',(117.945,153.25,40.23));
#9102=CARTESIAN_POINT('Origin',(89.055,150.,40.23));
#9103=CARTESIAN_POINT('Origin',(89.055,150.,40.23));
#9104=CARTESIAN_POINT('',(89.055,152.910334325341,45.1890779500568));
#9105=CARTESIAN_POINT('',(89.055,152.839388023878,45.2300375648449));
#9106=CARTESIAN_POINT('Origin',(89.055,150.,40.23));
#9107=CARTESIAN_POINT('',(89.055,155.749853562971,40.2710366225431));
#9108=CARTESIAN_POINT('',(89.055,155.773502691391,40.230076382025));
#9109=CARTESIAN_POINT('',(89.055,155.749854646767,40.1891155157768));
#9110=CARTESIAN_POINT('Origin',(89.055,150.,40.23));
#9111=CARTESIAN_POINT('',(89.055,152.910465539093,35.2709990576982));
#9112=CARTESIAN_POINT('',(89.055,152.88681749447,35.23003819145));
#9113=CARTESIAN_POINT('',(89.055,152.839520321426,35.23003756572));
#9114=CARTESIAN_POINT('Origin',(89.055,150.,40.23));
#9115=CARTESIAN_POINT('',(89.055,147.160611976122,35.2299624351551));
#9116=CARTESIAN_POINT('',(89.055,147.113314803079,35.2299618094251));
#9117=CARTESIAN_POINT('',(89.055,147.089665674659,35.2709220499433));
#9118=CARTESIAN_POINT('Origin',(89.055,150.,40.23));
#9119=CARTESIAN_POINT('',(89.055,144.250146437029,40.1889633774569));
#9120=CARTESIAN_POINT('',(89.055,144.226497308609,40.229923617975));
#9121=CARTESIAN_POINT('',(89.055,144.250145353233,40.2708844842232));
#9122=CARTESIAN_POINT('Origin',(89.055,150.,40.23));
#9123=CARTESIAN_POINT('',(89.055,147.089534460907,45.1890009423018));
#9124=CARTESIAN_POINT('',(89.055,147.11318250553,45.2299618085499));
#9125=CARTESIAN_POINT('',(89.055,147.160479678574,45.2299624342799));
#9126=CARTESIAN_POINT('Origin',(89.055,150.,40.23));
#9127=CARTESIAN_POINT('',(89.055,152.886685196921,45.2300381905749));
#9128=CARTESIAN_POINT('Origin',(83.055,150.,40.23));
#9129=CARTESIAN_POINT('',(83.055,152.910334325341,45.1890779500568));
#9130=CARTESIAN_POINT('',(83.055,152.839388023878,45.2300375648449));
#9131=CARTESIAN_POINT('Origin',(83.055,152.839388023878,45.2300375648449));
#9132=CARTESIAN_POINT('',(83.055,147.160479678574,45.2299624342799));
#9133=CARTESIAN_POINT('Origin',(83.055,150.,40.23));
#9134=CARTESIAN_POINT('',(83.055,147.089534460907,45.1890009423018));
#9135=CARTESIAN_POINT('Origin',(83.055,147.089534460907,45.1890009423018));
#9136=CARTESIAN_POINT('',(83.055,144.250145353233,40.2708844842232));
#9137=CARTESIAN_POINT('Origin',(83.055,150.,40.23));
#9138=CARTESIAN_POINT('',(83.055,144.250146437029,40.1889633774569));
#9139=CARTESIAN_POINT('Origin',(83.055,155.749853562971,40.2710366225431));
#9140=CARTESIAN_POINT('',(83.055,155.749853562971,40.2710366225431));
#9141=CARTESIAN_POINT('Origin',(83.055,150.,40.23));
#9142=CARTESIAN_POINT('',(83.055,155.749854646767,40.1891155157768));
#9143=CARTESIAN_POINT('Origin',(83.055,152.910465539093,35.2709990576982));
#9144=CARTESIAN_POINT('',(83.055,152.910465539093,35.2709990576982));
#9145=CARTESIAN_POINT('Origin',(83.055,150.,40.23));
#9146=CARTESIAN_POINT('',(83.055,152.839520321426,35.23003756572));
#9147=CARTESIAN_POINT('Origin',(83.055,147.160611976122,35.2299624351551));
#9148=CARTESIAN_POINT('',(83.055,147.160611976122,35.2299624351551));
#9149=CARTESIAN_POINT('Origin',(83.055,150.,40.23));
#9150=CARTESIAN_POINT('',(83.055,147.089665674659,35.2709220499433));
#9151=CARTESIAN_POINT('Origin',(83.055,144.250146437029,40.1889633774569));
#9152=CARTESIAN_POINT('Origin',(81.8838140770582,144.000002145767,29.3757223321516));
#9153=CARTESIAN_POINT('',(81.8838140770582,146.600002145767,29.3757223321516));
#9154=CARTESIAN_POINT('Origin',(81.8838140770582,144.000002145767,29.3757223321516));
#9155=CARTESIAN_POINT('Origin',(79.952112896508,144.000002145767,30.1994519899042));
#9156=CARTESIAN_POINT('',(79.952112896508,146.600002145767,30.1994519899042));
#9157=CARTESIAN_POINT('Origin',(78.2072340379548,139.000002235165,20.7538960629602));
#9158=CARTESIAN_POINT('',(78.2072340379548,141.600002235165,20.7538960629602));
#9159=CARTESIAN_POINT('Origin',(78.2072340379548,139.000002235165,20.7538960629602));
#9160=CARTESIAN_POINT('Origin',(76.2755328574047,139.000002235165,21.5776257207128));
#9161=CARTESIAN_POINT('',(76.2755328574047,141.600002235165,21.5776257207128));
#9162=CARTESIAN_POINT('Origin',(81.8838140770608,156.000002324553,29.3757223321576));
#9163=CARTESIAN_POINT('',(81.8838140770608,158.600002324553,29.3757223321576));
#9164=CARTESIAN_POINT('Origin',(81.8838140770608,156.000002324553,29.3757223321576));
#9165=CARTESIAN_POINT('Origin',(79.9521128965106,156.000002324553,30.1994519899102));
#9166=CARTESIAN_POINT('',(79.9521128965106,158.600002324553,30.1994519899102));
#9167=CARTESIAN_POINT('Origin',(78.2072340379596,161.000002235165,20.7538960629713));
#9168=CARTESIAN_POINT('',(78.2072340379596,163.600002235165,20.7538960629713));
#9169=CARTESIAN_POINT('Origin',(78.2072340379596,161.000002235165,20.7538960629713));
#9170=CARTESIAN_POINT('Origin',(76.2755328574094,161.000002235165,21.5776257207239));
#9171=CARTESIAN_POINT('',(76.2755328574094,163.600002235165,21.5776257207239));
#9172=CARTESIAN_POINT('Origin',(118.116185922939,156.000002324553,29.3757223321576));
#9173=CARTESIAN_POINT('',(118.116185922939,158.600002324553,29.3757223321576));
#9174=CARTESIAN_POINT('Origin',(118.116185922939,156.000002324553,29.3757223321576));
#9175=CARTESIAN_POINT('Origin',(120.047887103489,156.000002324553,30.1994519899102));
#9176=CARTESIAN_POINT('',(120.047887103489,158.600002324553,30.1994519899102));
#9177=CARTESIAN_POINT('Origin',(121.792765962045,139.000002235165,20.7538960629602));
#9178=CARTESIAN_POINT('',(121.792765962045,141.600002235165,20.7538960629602));
#9179=CARTESIAN_POINT('Origin',(121.792765962045,139.000002235165,20.7538960629602));
#9180=CARTESIAN_POINT('Origin',(123.724467142595,139.000002235165,21.5776257207128));
#9181=CARTESIAN_POINT('',(123.724467142595,141.600002235165,21.5776257207128));
#9182=CARTESIAN_POINT('Origin',(121.79276596204,161.000002235165,20.7538960629713));
#9183=CARTESIAN_POINT('',(121.79276596204,163.600002235165,20.7538960629713));
#9184=CARTESIAN_POINT('Origin',(121.79276596204,161.000002235165,20.7538960629713));
#9185=CARTESIAN_POINT('Origin',(123.724467142591,161.000002235165,21.5776257207239));
#9186=CARTESIAN_POINT('',(123.724467142591,163.600002235165,21.5776257207239));
#9187=CARTESIAN_POINT('Origin',(118.116185922942,144.000002145767,29.3757223321516));
#9188=CARTESIAN_POINT('',(118.116185922942,146.600002145767,29.3757223321516));
#9189=CARTESIAN_POINT('Origin',(118.116185922942,144.000002145767,29.3757223321516));
#9190=CARTESIAN_POINT('Origin',(120.047887103492,144.000002145767,30.1994519899042));
#9191=CARTESIAN_POINT('',(120.047887103492,146.600002145767,30.1994519899042));
#9192=CARTESIAN_POINT('Origin',(100.,150.,-1.02));
#9193=CARTESIAN_POINT('',(86.3952214277482,150.,-8.02));
#9194=CARTESIAN_POINT('Origin',(100.,150.,-8.02));
#9195=CARTESIAN_POINT('',(100.,150.,14.28));
#9196=CARTESIAN_POINT('Origin',(100.,150.,-1.02));
#9197=CARTESIAN_POINT('Origin',(64.9,201.3,0.));
#9198=CARTESIAN_POINT('',(67.5865665557404,198.874650582363,-8.02));
#9199=CARTESIAN_POINT('',(67.5865665557404,175.65,-8.02));
#9200=CARTESIAN_POINT('',(64.9,201.3,0.));
#9201=CARTESIAN_POINT('Origin',(135.1,201.3,0.));
#9202=CARTESIAN_POINT('',(117.55,198.874650582363,-8.02));
#9203=CARTESIAN_POINT('Origin',(100.,150.,-8.02));
#9204=CARTESIAN_POINT('Origin',(78.9265,183.508078061835,-0.0199999999999978));
#9205=CARTESIAN_POINT('',(82.5265,185.586539030917,-0.0199999999999978));
#9206=CARTESIAN_POINT('',(82.5265,185.586539030917,-0.0199999999999978));
#9207=CARTESIAN_POINT('',(82.5265,185.586539030917,3.98));
#9208=CARTESIAN_POINT('',(82.5265,185.586539030917,3.98));
#9209=CARTESIAN_POINT('',(82.5265,185.586539030917,-0.0199999999999978));
#9210=CARTESIAN_POINT('Origin',(82.5265,189.743460969083,-0.0199999999999978));
#9211=CARTESIAN_POINT('',(82.5265,189.743460969083,-0.0199999999999978));
#9212=CARTESIAN_POINT('',(78.9265,191.821921938165,-0.0199999999999978));
#9213=CARTESIAN_POINT('',(82.5265,189.743460969083,3.98));
#9214=CARTESIAN_POINT('',(82.5265,189.743460969083,-0.0199999999999978));
#9215=CARTESIAN_POINT('',(78.9265,191.821921938165,3.98));
#9216=CARTESIAN_POINT('Origin',(82.5265,185.586539030917,-0.0199999999999978));
#9217=CARTESIAN_POINT('',(82.5265,189.743460969083,-0.0199999999999978));
#9218=CARTESIAN_POINT('',(82.5265,189.743460969083,3.98));
#9219=CARTESIAN_POINT('Origin',(78.9265,187.665,-0.0199999999999978));
#9220=CARTESIAN_POINT('Origin',(78.9265,187.665,3.98));
#9221=CARTESIAN_POINT('Origin',(117.4735,185.586539030917,-0.0199999999999978));
#9222=CARTESIAN_POINT('',(117.4735,185.586539030917,-0.0199999999999978));
#9223=CARTESIAN_POINT('',(121.0735,183.508078061835,-0.0199999999999978));
#9224=CARTESIAN_POINT('',(117.4735,185.586539030917,3.98));
#9225=CARTESIAN_POINT('',(117.4735,185.586539030917,-0.0199999999999978));
#9226=CARTESIAN_POINT('',(121.0735,183.508078061835,3.98));
#9227=CARTESIAN_POINT('Origin',(117.4735,189.743460969083,-0.0199999999999978));
#9228=CARTESIAN_POINT('',(117.4735,189.743460969083,-0.0199999999999978));
#9229=CARTESIAN_POINT('',(117.4735,185.586539030917,-0.0199999999999978));
#9230=CARTESIAN_POINT('',(117.4735,189.743460969083,3.98));
#9231=CARTESIAN_POINT('',(117.4735,189.743460969083,-0.0199999999999978));
#9232=CARTESIAN_POINT('',(117.4735,185.586539030917,3.98));
#9233=CARTESIAN_POINT('Origin',(121.0735,191.821921938165,-0.0199999999999978));
#9234=CARTESIAN_POINT('',(117.4735,189.743460969083,-0.0199999999999978));
#9235=CARTESIAN_POINT('',(117.4735,189.743460969083,3.98));
#9236=CARTESIAN_POINT('Origin',(121.0735,187.665,-0.0199999999999978));
#9237=CARTESIAN_POINT('Origin',(121.0735,187.665,3.98));
#9238=CARTESIAN_POINT('Origin',(78.9265,108.178078061834,-0.0199999999999978));
#9239=CARTESIAN_POINT('',(82.5265000000003,110.256539030917,-0.0199999999999978));
#9240=CARTESIAN_POINT('',(82.5265000000003,110.256539030917,-0.0199999999999978));
#9241=CARTESIAN_POINT('',(82.5265000000003,110.256539030917,3.98));
#9242=CARTESIAN_POINT('',(82.5265000000003,110.256539030917,3.98));
#9243=CARTESIAN_POINT('',(82.5265000000003,110.256539030917,-0.0199999999999978));
#9244=CARTESIAN_POINT('Origin',(82.5265000000003,114.413460969083,-0.0199999999999978));
#9245=CARTESIAN_POINT('',(82.5265000000003,114.413460969083,-0.0199999999999978));
#9246=CARTESIAN_POINT('',(78.9265,116.491921938166,-0.0199999999999978));
#9247=CARTESIAN_POINT('',(82.5265000000003,114.413460969083,3.98));
#9248=CARTESIAN_POINT('',(82.5265000000003,114.413460969083,-0.0199999999999978));
#9249=CARTESIAN_POINT('',(78.9265,116.491921938166,3.98));
#9250=CARTESIAN_POINT('Origin',(82.5265000000003,110.256539030917,-0.0199999999999978));
#9251=CARTESIAN_POINT('',(82.5265000000003,114.413460969083,-0.0199999999999978));
#9252=CARTESIAN_POINT('',(82.5265000000003,114.413460969083,3.98));
#9253=CARTESIAN_POINT('Origin',(78.9265,112.335,-0.0199999999999978));
#9254=CARTESIAN_POINT('Origin',(78.9265,112.335,3.98));
#9255=CARTESIAN_POINT('Origin',(117.4735,110.256539030917,-0.0199999999999978));
#9256=CARTESIAN_POINT('',(117.4735,110.256539030917,-0.0199999999999978));
#9257=CARTESIAN_POINT('',(121.0735,108.178078061835,-0.0199999999999978));
#9258=CARTESIAN_POINT('',(117.4735,110.256539030917,3.98));
#9259=CARTESIAN_POINT('',(117.4735,110.256539030917,-0.0199999999999978));
#9260=CARTESIAN_POINT('',(121.0735,108.178078061835,3.98));
#9261=CARTESIAN_POINT('Origin',(117.4735,114.413460969083,-0.0199999999999978));
#9262=CARTESIAN_POINT('',(117.4735,114.413460969083,-0.0199999999999978));
#9263=CARTESIAN_POINT('',(117.4735,110.256539030917,-0.0199999999999978));
#9264=CARTESIAN_POINT('',(117.4735,114.413460969083,3.98));
#9265=CARTESIAN_POINT('',(117.4735,114.413460969083,-0.0199999999999978));
#9266=CARTESIAN_POINT('',(117.4735,110.256539030917,3.98));
#9267=CARTESIAN_POINT('Origin',(121.0735,116.491921938165,-0.0199999999999978));
#9268=CARTESIAN_POINT('',(117.4735,114.413460969083,-0.0199999999999978));
#9269=CARTESIAN_POINT('',(117.4735,114.413460969083,3.98));
#9270=CARTESIAN_POINT('Origin',(121.0735,112.335,-0.0199999999999978));
#9271=CARTESIAN_POINT('Origin',(121.0735,112.335,3.98));
#9272=CARTESIAN_POINT('Origin',(121.0735,112.335,-12.02));
#9273=CARTESIAN_POINT('',(117.0735,112.335,-12.02));
#9274=CARTESIAN_POINT('Origin',(121.0735,112.335,-12.02));
#9275=CARTESIAN_POINT('',(117.0735,112.335,-9.82));
#9276=CARTESIAN_POINT('',(117.0735,112.335,-12.02));
#9277=CARTESIAN_POINT('Origin',(121.0735,112.335,-9.82));
#9278=CARTESIAN_POINT('Origin',(121.0735,112.335,-9.82));
#9279=CARTESIAN_POINT('',(118.7735,112.335,-9.82));
#9280=CARTESIAN_POINT('Origin',(121.0735,112.335,-9.82));
#9281=CARTESIAN_POINT('Origin',(121.0735,187.665,-12.02));
#9282=CARTESIAN_POINT('',(117.0735,187.665,-12.02));
#9283=CARTESIAN_POINT('Origin',(121.0735,187.665,-12.02));
#9284=CARTESIAN_POINT('',(117.0735,187.665,-9.82));
#9285=CARTESIAN_POINT('',(117.0735,187.665,-12.02));
#9286=CARTESIAN_POINT('Origin',(121.0735,187.665,-9.82));
#9287=CARTESIAN_POINT('Origin',(121.0735,187.665,-9.82));
#9288=CARTESIAN_POINT('',(118.7735,187.665,-9.82));
#9289=CARTESIAN_POINT('Origin',(121.0735,187.665,-9.82));
#9290=CARTESIAN_POINT('Origin',(78.9265,112.335,-12.02));
#9291=CARTESIAN_POINT('',(74.9265,112.335,-12.02));
#9292=CARTESIAN_POINT('Origin',(78.9265,112.335,-12.02));
#9293=CARTESIAN_POINT('',(74.9265,112.335,-9.82));
#9294=CARTESIAN_POINT('',(74.9265,112.335,-12.02));
#9295=CARTESIAN_POINT('Origin',(78.9265,112.335,-9.82));
#9296=CARTESIAN_POINT('Origin',(78.9265,112.335,-9.82));
#9297=CARTESIAN_POINT('',(76.6265,112.335,-9.82));
#9298=CARTESIAN_POINT('Origin',(78.9265,112.335,-9.82));
#9299=CARTESIAN_POINT('Origin',(78.9265,187.665,-12.02));
#9300=CARTESIAN_POINT('',(74.9265,187.665,-12.02));
#9301=CARTESIAN_POINT('Origin',(78.9265,187.665,-12.02));
#9302=CARTESIAN_POINT('',(74.9265,187.665,-9.82));
#9303=CARTESIAN_POINT('',(74.9265,187.665,-12.02));
#9304=CARTESIAN_POINT('Origin',(78.9265,187.665,-9.82));
#9305=CARTESIAN_POINT('Origin',(78.9265,187.665,-9.82));
#9306=CARTESIAN_POINT('',(76.6265,187.665,-9.82));
#9307=CARTESIAN_POINT('Origin',(78.9265,187.665,-9.82));
#9308=CARTESIAN_POINT('Origin',(78.9265,112.335,-12.02));
#9309=CARTESIAN_POINT('',(76.6265,112.335,-8.02));
#9310=CARTESIAN_POINT('',(76.6265,112.335,-12.02));
#9311=CARTESIAN_POINT('Origin',(78.9265,112.335,-8.02));
#9312=CARTESIAN_POINT('Origin',(78.9265,187.665,-12.02));
#9313=CARTESIAN_POINT('',(76.6265,187.665,-8.02));
#9314=CARTESIAN_POINT('',(76.6265,187.665,-12.02));
#9315=CARTESIAN_POINT('Origin',(78.9265,187.665,-8.02));
#9316=CARTESIAN_POINT('Origin',(121.0735,112.335,-12.02));
#9317=CARTESIAN_POINT('',(118.7735,112.335,-8.02));
#9318=CARTESIAN_POINT('',(118.7735,112.335,-12.02));
#9319=CARTESIAN_POINT('Origin',(121.0735,112.335,-8.02));
#9320=CARTESIAN_POINT('Origin',(121.0735,187.665,-12.02));
#9321=CARTESIAN_POINT('',(118.7735,187.665,-8.02));
#9322=CARTESIAN_POINT('',(118.7735,187.665,-12.02));
#9323=CARTESIAN_POINT('Origin',(121.0735,187.665,-8.02));
#9324=CARTESIAN_POINT('Origin',(100.,150.,-8.02));
#9325=CARTESIAN_POINT('',(67.5865665557404,101.125349417637,-8.02));
#9326=CARTESIAN_POINT('',(67.5865665557404,198.874650582363,-8.02));
#9327=CARTESIAN_POINT('',(67.5865665557404,175.65,-8.02));
#9328=CARTESIAN_POINT('',(132.41343344426,101.125349417637,-8.02));
#9329=CARTESIAN_POINT('',(82.45,101.125349417637,-8.02));
#9330=CARTESIAN_POINT('',(132.41343344426,198.874650582363,-8.02));
#9331=CARTESIAN_POINT('',(132.41343344426,124.35,-8.02));
#9332=CARTESIAN_POINT('',(117.55,198.874650582363,-8.02));
#9333=CARTESIAN_POINT('',(86.3952214277482,150.,-8.02));
#9334=CARTESIAN_POINT('Origin',(100.,150.,-8.02));
#9335=CARTESIAN_POINT('Origin',(135.1,98.7,0.));
#9336=CARTESIAN_POINT('',(131.0735,102.335,-12.02));
#9337=CARTESIAN_POINT('',(135.1,98.7,0.));
#9338=CARTESIAN_POINT('',(131.0735,197.665,-12.02));
#9339=CARTESIAN_POINT('',(131.0735,102.335,-12.02));
#9340=CARTESIAN_POINT('',(135.1,201.3,0.));
#9341=CARTESIAN_POINT('Origin',(64.9,98.7,0.));
#9342=CARTESIAN_POINT('',(68.9265,102.335,-12.02));
#9343=CARTESIAN_POINT('',(64.9,98.7,0.));
#9344=CARTESIAN_POINT('',(68.9265,102.335,-12.02));
#9345=CARTESIAN_POINT('Origin',(100.,150.,-1.02));
#9346=CARTESIAN_POINT('',(89.3656217859246,150.,-12.02));
#9347=CARTESIAN_POINT('Origin',(100.,150.,-12.02));
#9348=CARTESIAN_POINT('Origin',(100.,150.,-1.02));
#9349=CARTESIAN_POINT('Origin',(100.,150.,-12.02));
#9350=CARTESIAN_POINT('',(68.9265,197.665,-12.02));
#9351=CARTESIAN_POINT('',(68.9265,197.665,-12.02));
#9352=CARTESIAN_POINT('',(131.0735,197.665,-12.02));
#9353=CARTESIAN_POINT('Origin',(64.9,201.3,0.));
#9354=CARTESIAN_POINT('',(64.9,201.3,0.));
#9355=CARTESIAN_POINT('Origin',(135.1,201.3,0.));
#9356=CARTESIAN_POINT('',(0.,0.,0.));
#9357=CARTESIAN_POINT('Origin',(54.9521128965106,156.000002324553,30.1994519899102));
#9358=CARTESIAN_POINT('',(54.9521128965106,153.400002324553,30.1994519899102));
#9359=CARTESIAN_POINT('Origin',(54.9521128965106,156.000002324553,30.1994519899102));
#9360=CARTESIAN_POINT('',(53.0204117159605,153.400002324553,31.0231816476628));
#9361=CARTESIAN_POINT('',(54.9521128965106,153.400002324553,30.1994519899102));
#9362=CARTESIAN_POINT('Origin',(53.0204117159605,156.000002324553,31.0231816476628));
#9363=CARTESIAN_POINT('Origin',(53.0204117159605,156.000002324553,31.0231816476628));
#9364=CARTESIAN_POINT('Origin',(51.2755328574094,161.000002235165,21.5776257207239));
#9365=CARTESIAN_POINT('',(51.2755328574094,158.400002235165,21.5776257207239));
#9366=CARTESIAN_POINT('Origin',(51.2755328574094,161.000002235165,21.5776257207239));
#9367=CARTESIAN_POINT('',(49.3438316768593,158.400002235165,22.4013553784765));
#9368=CARTESIAN_POINT('',(51.2755328574094,158.400002235165,21.5776257207239));
#9369=CARTESIAN_POINT('Origin',(49.3438316768593,161.000002235165,22.4013553784765));
#9370=CARTESIAN_POINT('Origin',(49.3438316768593,161.000002235165,22.4013553784765));
#9371=CARTESIAN_POINT('Origin',(54.9521128965081,144.000002145767,30.1994519899041));
#9372=CARTESIAN_POINT('',(54.9521128965081,141.400002145767,30.1994519899041));
#9373=CARTESIAN_POINT('Origin',(54.9521128965081,144.000002145767,30.1994519899041));
#9374=CARTESIAN_POINT('',(53.0204117159579,141.400002145767,31.0231816476567));
#9375=CARTESIAN_POINT('',(54.9521128965081,141.400002145767,30.1994519899041));
#9376=CARTESIAN_POINT('Origin',(53.0204117159579,144.000002145767,31.0231816476567));
#9377=CARTESIAN_POINT('Origin',(53.0204117159579,144.000002145767,31.0231816476567));
#9378=CARTESIAN_POINT('Origin',(51.2755328574047,139.000002235165,21.5776257207128));
#9379=CARTESIAN_POINT('',(51.2755328574047,136.400002235165,21.5776257207128));
#9380=CARTESIAN_POINT('Origin',(51.2755328574047,139.000002235165,21.5776257207128));
#9381=CARTESIAN_POINT('',(49.3438316768545,136.400002235165,22.4013553784653));
#9382=CARTESIAN_POINT('',(51.2755328574047,136.400002235165,21.5776257207128));
#9383=CARTESIAN_POINT('Origin',(49.3438316768545,139.000002235165,22.4013553784653));
#9384=CARTESIAN_POINT('Origin',(49.3438316768545,139.000002235165,22.4013553784653));
#9385=CARTESIAN_POINT('Origin',(55.0436809125068,150.,30.4141851161678));
#9386=CARTESIAN_POINT('',(62.2442493312572,132.645,47.3));
#9387=CARTESIAN_POINT('',(62.2442493312572,167.355,47.3));
#9388=CARTESIAN_POINT('',(62.2442493312572,150.,47.3));
#9389=CARTESIAN_POINT('',(42.0742493312572,98.7,0.));
#9390=CARTESIAN_POINT('',(51.1001821011112,113.890148134492,21.166416460788));
#9391=CARTESIAN_POINT('',(40.8565634083457,99.5635559392367,-2.85555499026836));
#9392=CARTESIAN_POINT('',(45.3401646450294,96.3838850534555,7.65879000205381));
#9393=CARTESIAN_POINT('',(40.8565634083457,200.436444060763,-2.85555499026836));
#9394=CARTESIAN_POINT('',(40.8565634083457,175.65,-2.85555499026836));
#9395=CARTESIAN_POINT('',(42.0742493312572,201.3,0.));
#9396=CARTESIAN_POINT('',(50.3528232520305,207.170981624392,19.4138099381546));
#9397=CARTESIAN_POINT('',(54.8615777330852,179.779630014871,29.9871409720607));
#9398=CARTESIAN_POINT('Origin',(39.9,201.3,0.));
#9399=CARTESIAN_POINT('',(39.9,98.7,0.));
#9400=CARTESIAN_POINT('',(39.9,98.7,0.));
#9401=CARTESIAN_POINT('',(39.9,201.3,0.));
#9402=CARTESIAN_POINT('',(39.9,201.3,0.));
#9403=CARTESIAN_POINT('',(39.9,201.3,0.));
#9404=CARTESIAN_POINT('Origin',(39.9,98.7,0.));
#9405=CARTESIAN_POINT('',(39.9,98.7,0.));
#9406=CARTESIAN_POINT('Origin',(39.9,98.7,0.));
#9407=CARTESIAN_POINT('',(60.07,132.645,47.3));
#9408=CARTESIAN_POINT('',(60.07,132.645,47.3));
#9409=CARTESIAN_POINT('',(39.9,98.7,0.));
#9410=CARTESIAN_POINT('Origin',(39.9,201.3,0.));
#9411=CARTESIAN_POINT('',(44.9776789457819,186.981775943955,11.9074969824236));
#9412=CARTESIAN_POINT('',(41.9693835326526,182.854879128455,4.85284289015724));
#9413=CARTESIAN_POINT('Origin',(43.909070750551,182.854879128455,9.4015392415003));
#9414=CARTESIAN_POINT('',(41.9693835326526,117.145788604837,4.85284289015721));
#9415=CARTESIAN_POINT('',(41.9693835326527,159.222894302418,4.85284289015721));
#9416=CARTESIAN_POINT('',(44.9776789457819,113.018891789336,11.9074969824236));
#9417=CARTESIAN_POINT('Origin',(43.909070750551,117.145788604837,9.40153924150028));
#9418=CARTESIAN_POINT('',(58.179989264406,135.23735469534,42.8677983245616));
#9419=CARTESIAN_POINT('',(57.771186291799,134.549371042212,41.9091279921712));
#9420=CARTESIAN_POINT('',(58.6155287757397,137.30080310309,43.8891676297714));
#9421=CARTESIAN_POINT('Origin',(57.6456851667905,137.30080310309,41.6148194540999));
#9422=CARTESIAN_POINT('',(58.6155287757397,162.699864630201,43.8891676297714));
#9423=CARTESIAN_POINT('',(58.6155287757397,181.9999323151,43.8891676297714));
#9424=CARTESIAN_POINT('',(58.179989264406,164.763313037951,42.8677983245616));
#9425=CARTESIAN_POINT('Origin',(57.6456851667905,162.699864630201,41.6148194540999));
#9426=CARTESIAN_POINT('',(41.9182775348324,192.130510909522,4.73299590468884));
#9427=CARTESIAN_POINT('',(58.0220511699399,136.784489561182,42.4974229220703));
#9428=CARTESIAN_POINT('',(56.3430338818999,133.958833866646,38.5600150031665));
#9429=CARTESIAN_POINT('',(57.5287385590872,135.954282750346,41.3405718316721));
#9430=CARTESIAN_POINT('',(56.3430338818999,166.041833866646,38.5600150031665));
#9431=CARTESIAN_POINT('',(56.3430338819,167.629416933323,38.5600150031665));
#9432=CARTESIAN_POINT('',(58.0220511699399,163.216178172109,42.4974229220703));
#9433=CARTESIAN_POINT('',(47.4374763174128,181.029195595654,17.6758864558068));
#9434=CARTESIAN_POINT('',(58.0220511699399,182.258089086055,42.4974229220703));
#9435=CARTESIAN_POINT('',(43.0364487493888,182.634151412436,7.35518224323707));
#9436=CARTESIAN_POINT('',(43.0364487493888,117.365853057913,7.35518224323707));
#9437=CARTESIAN_POINT('Origin',(43.0353794468486,150.000002235174,7.35267465721073));
#9438=CARTESIAN_POINT('',(43.0364487493888,159.332926528956,7.35518224323706));
#9439=CARTESIAN_POINT('Origin',(56.0557168372656,150.000333866646,41.0092279296408));
#9440=CARTESIAN_POINT('',(55.2162081932457,133.958833866646,39.0405239701889));
#9441=CARTESIAN_POINT('',(55.2162081932457,166.041833866646,39.0405239701889));
#9442=CARTESIAN_POINT('',(55.2162081932457,133.958833866646,39.0405239701889));
#9443=CARTESIAN_POINT('',(56.8952254812856,136.784489561182,42.9779318890926));
#9444=CARTESIAN_POINT('',(55.2162081932457,133.958833866646,39.0405239701889));
#9445=CARTESIAN_POINT('',(56.8952254812856,163.216178172109,42.9779318890926));
#9446=CARTESIAN_POINT('',(56.8952254812856,136.784489561182,42.9779318890926));
#9447=CARTESIAN_POINT('',(56.8952254812856,163.216178172109,42.9779318890926));
#9448=CARTESIAN_POINT('Origin',(56.3430338818999,133.958833866646,38.5600150031665));
#9449=CARTESIAN_POINT('',(56.3430338818999,133.958833866646,38.5600150031665));
#9450=CARTESIAN_POINT('',(56.3430338818999,166.041833866646,38.5600150031665));
#9451=CARTESIAN_POINT('Origin',(56.3430338818999,166.041833866646,38.5600150031665));
#9452=CARTESIAN_POINT('',(58.0220511699399,163.216178172109,42.4974229220703));
#9453=CARTESIAN_POINT('Origin',(58.0220511699399,163.216178172109,42.4974229220703));
#9454=CARTESIAN_POINT('',(58.0220511699399,136.784489561182,42.4974229220703));
#9455=CARTESIAN_POINT('Origin',(58.0220511699399,136.784489561182,42.4974229220703));
#9456=CARTESIAN_POINT('Origin',(39.9,201.3,0.));
#9457=CARTESIAN_POINT('',(60.07,167.355,47.3));
#9458=CARTESIAN_POINT('',(60.07,167.355,47.3));
#9459=CARTESIAN_POINT('',(39.9,201.3,0.));
#9460=CARTESIAN_POINT('',(58.4470872885325,134.205839131344,43.4941610682989));
#9461=CARTESIAN_POINT('',(45.2447769699084,111.98737622534,12.533859726161));
#9462=CARTESIAN_POINT('',(51.4371291566134,122.408624025214,27.0553400648396));
#9463=CARTESIAN_POINT('',(41.4845597912325,117.145788604837,3.7158987667477));
#9464=CARTESIAN_POINT('Origin',(43.909070750551,117.145788604837,9.40153924150028));
#9465=CARTESIAN_POINT('',(41.4845597912325,182.854879128455,3.71589876674772));
#9466=CARTESIAN_POINT('',(41.4845597912326,192.077439564227,3.71589876674771));
#9467=CARTESIAN_POINT('',(45.2447769699084,188.013291507951,12.533859726161));
#9468=CARTESIAN_POINT('Origin',(43.909070750551,182.854879128455,9.4015392415003));
#9469=CARTESIAN_POINT('',(58.4470872885325,165.794828601947,43.4941610682989));
#9470=CARTESIAN_POINT('',(48.786530718271,182.052795020516,20.8395093194952));
#9471=CARTESIAN_POINT('',(59.1003525171598,162.699864630201,45.026111753181));
#9472=CARTESIAN_POINT('Origin',(57.6456851667905,162.699864630201,41.6148194540999));
#9473=CARTESIAN_POINT('',(59.1003525171598,137.30080310309,45.0261117531809));
#9474=CARTESIAN_POINT('',(59.1003525171598,169.300401551545,45.0261117531809));
#9475=CARTESIAN_POINT('Origin',(57.6456851667905,137.30080310309,41.6148194540999));
#9476=CARTESIAN_POINT('Origin',(51.2123138592201,150.000333866646,23.9787530419869));
#9477=CARTESIAN_POINT('',(59.3669449935564,134.205839131344,43.1019088503215));
#9478=CARTESIAN_POINT('',(60.0202102221836,137.30080310309,44.6338595352035));
#9479=CARTESIAN_POINT('Origin',(58.5655428718144,137.30080310309,41.2225672361225));
#9480=CARTESIAN_POINT('',(60.0202102221836,162.699864630201,44.6338595352035));
#9481=CARTESIAN_POINT('',(60.0202102221837,137.30080310309,44.6338595352035));
#9482=CARTESIAN_POINT('',(59.3669449935564,165.794828601947,43.1019088503215));
#9483=CARTESIAN_POINT('Origin',(58.5655428718144,162.699864630201,41.2225672361225));
#9484=CARTESIAN_POINT('',(46.1646346749322,188.013291507951,12.1416075081836));
#9485=CARTESIAN_POINT('',(59.3669449935564,165.794828601947,43.1019088503215));
#9486=CARTESIAN_POINT('',(42.4044174962564,182.854879128455,3.32364654877031));
#9487=CARTESIAN_POINT('Origin',(44.8289284555748,182.854879128455,9.00928702352289));
#9488=CARTESIAN_POINT('',(42.4044174962564,117.145788604837,3.32364654877029));
#9489=CARTESIAN_POINT('',(42.4044174962564,117.145788604837,3.32364654877028));
#9490=CARTESIAN_POINT('',(46.1646346749322,111.98737622534,12.1416075081836));
#9491=CARTESIAN_POINT('Origin',(44.8289284555748,117.145788604837,9.00928702352287));
#9492=CARTESIAN_POINT('',(59.3669449935564,134.205839131344,43.1019088503215));
#9493=CARTESIAN_POINT('',(59.0998469694299,135.23735469534,42.4755461065842));
#9494=CARTESIAN_POINT('',(45.8975366508058,113.018891789336,11.5152447644462));
#9495=CARTESIAN_POINT('',(59.0998469694299,135.23735469534,42.4755461065842));
#9496=CARTESIAN_POINT('',(42.8892412376765,117.145788604837,4.46059067217979));
#9497=CARTESIAN_POINT('Origin',(44.8289284555748,117.145788604837,9.00928702352287));
#9498=CARTESIAN_POINT('',(42.8892412376765,182.854879128455,4.46059067217982));
#9499=CARTESIAN_POINT('',(42.8892412376765,117.145788604837,4.46059067217979));
#9500=CARTESIAN_POINT('',(45.8975366508058,186.981775943955,11.5152447644462));
#9501=CARTESIAN_POINT('Origin',(44.8289284555748,182.854879128455,9.00928702352289));
#9502=CARTESIAN_POINT('',(59.0998469694299,164.763313037951,42.4755461065842));
#9503=CARTESIAN_POINT('',(59.0998469694299,164.763313037951,42.4755461065842));
#9504=CARTESIAN_POINT('',(59.5353864807636,162.699864630201,43.496915411794));
#9505=CARTESIAN_POINT('Origin',(58.5655428718144,162.699864630201,41.2225672361225));
#9506=CARTESIAN_POINT('',(59.5353864807635,137.30080310309,43.496915411794));
#9507=CARTESIAN_POINT('',(59.5353864807636,137.30080310309,43.496915411794));
#9508=CARTESIAN_POINT('Origin',(58.5655428718144,137.30080310309,41.2225672361225));
#9509=CARTESIAN_POINT('Origin',(57.6456851667905,137.30080310309,41.6148194540999));
#9510=CARTESIAN_POINT('',(59.1003525171598,137.30080310309,45.0261117531809));
#9511=CARTESIAN_POINT('',(58.4470872885325,134.205839131344,43.4941610682989));
#9512=CARTESIAN_POINT('Origin',(59.1003525171598,137.30080310309,45.0261117531809));
#9513=CARTESIAN_POINT('',(59.1003525171598,162.699864630201,45.026111753181));
#9514=CARTESIAN_POINT('Origin',(57.6456851667905,162.699864630201,41.6148194540999));
#9515=CARTESIAN_POINT('',(58.4470872885325,165.794828601947,43.4941610682989));
#9516=CARTESIAN_POINT('Origin',(58.4470872885325,165.794828601947,43.4941610682989));
#9517=CARTESIAN_POINT('',(45.2447769699084,188.013291507951,12.533859726161));
#9518=CARTESIAN_POINT('Origin',(43.9090707505509,182.854879128455,9.40153924150031));
#9519=CARTESIAN_POINT('',(41.4845597912325,182.854879128455,3.71589876674772));
#9520=CARTESIAN_POINT('Origin',(41.4845597912326,182.854879128455,3.71589876674772));
#9521=CARTESIAN_POINT('',(41.4845597912325,117.145788604837,3.7158987667477));
#9522=CARTESIAN_POINT('Origin',(43.9090707505509,117.145788604837,9.40153924150029));
#9523=CARTESIAN_POINT('',(45.2447769699084,111.98737622534,12.533859726161));
#9524=CARTESIAN_POINT('Origin',(45.2447769699084,111.98737622534,12.533859726161));
#9525=CARTESIAN_POINT('Origin',(58.179989264406,135.23735469534,42.8677983245616));
#9526=CARTESIAN_POINT('',(44.9776789457819,113.018891789336,11.9074969824236));
#9527=CARTESIAN_POINT('',(58.179989264406,135.23735469534,42.8677983245616));
#9528=CARTESIAN_POINT('Origin',(43.9090707505509,117.145788604837,9.40153924150029));
#9529=CARTESIAN_POINT('',(41.9693835326526,117.145788604837,4.85284289015721));
#9530=CARTESIAN_POINT('Origin',(41.9693835326526,117.145788604837,4.85284289015721));
#9531=CARTESIAN_POINT('',(41.9693835326526,182.854879128455,4.85284289015724));
#9532=CARTESIAN_POINT('Origin',(43.9090707505509,182.854879128455,9.40153924150031));
#9533=CARTESIAN_POINT('',(44.9776789457819,186.981775943955,11.9074969824236));
#9534=CARTESIAN_POINT('Origin',(44.9776789457819,186.981775943955,11.9074969824236));
#9535=CARTESIAN_POINT('',(58.179989264406,164.763313037951,42.8677983245616));
#9536=CARTESIAN_POINT('Origin',(57.6456851667905,162.699864630201,41.6148194540999));
#9537=CARTESIAN_POINT('',(58.6155287757397,162.699864630201,43.8891676297714));
#9538=CARTESIAN_POINT('Origin',(58.6155287757397,162.699864630201,43.8891676297714));
#9539=CARTESIAN_POINT('',(58.6155287757397,137.30080310309,43.8891676297714));
#9540=CARTESIAN_POINT('Origin',(57.6456851667905,137.30080310309,41.6148194540999));
#9541=CARTESIAN_POINT('Origin',(43.0353794468486,150.000002235174,7.35267465721076));
#9542=CARTESIAN_POINT('Origin',(43.0357636755732,150.000002235174,7.35251081168483));
#9543=CARTESIAN_POINT('Origin',(51.2369083629773,150.,39.3327094194349));
#9544=CARTESIAN_POINT('Origin',(75.,150.,47.3));
#9545=CARTESIAN_POINT('',(89.93,167.355,47.3));
#9546=CARTESIAN_POINT('Origin',(110.1,201.3,0.));
#9547=CARTESIAN_POINT('',(110.1,201.3,0.));
#9548=CARTESIAN_POINT('Origin',(110.1,201.3,0.));
#9549=CARTESIAN_POINT('',(0.,0.,0.));
#9550=CARTESIAN_POINT('Origin',(160.047910804551,144.000002145767,30.1993964093347));
#9551=CARTESIAN_POINT('',(160.047910804551,146.600002145767,30.1993964093347));
#9552=CARTESIAN_POINT('Origin',(160.047910804551,144.000002145767,30.1993964093347));
#9553=CARTESIAN_POINT('',(161.979611985101,146.600002145767,31.0231260670873));
#9554=CARTESIAN_POINT('',(160.047910804551,146.600002145767,30.1993964093347));
#9555=CARTESIAN_POINT('Origin',(161.979611985101,144.000002145767,31.0231260670873));
#9556=CARTESIAN_POINT('Origin',(161.979611985101,144.000002145767,31.0231260670873));
#9557=CARTESIAN_POINT('Origin',(163.72449642248,161.000002399087,21.5775570574245));
#9558=CARTESIAN_POINT('',(163.72449642248,163.600002399087,21.5775570574245));
#9559=CARTESIAN_POINT('Origin',(163.72449642248,161.000002399087,21.5775570574244));
#9560=CARTESIAN_POINT('',(165.65619760303,163.600002399087,22.401286715177));
#9561=CARTESIAN_POINT('',(163.72449642248,163.600002399087,21.5775570574245));
#9562=CARTESIAN_POINT('Origin',(165.65619760303,161.000002399087,22.401286715177));
#9563=CARTESIAN_POINT('Origin',(165.65619760303,161.000002399087,22.401286715177));
#9564=CARTESIAN_POINT('Origin',(160.047910804552,156.000002324581,30.1993964093322));
#9565=CARTESIAN_POINT('',(160.047910804552,158.600002324581,30.1993964093322));
#9566=CARTESIAN_POINT('Origin',(160.047910804552,156.000002324581,30.1993964093322));
#9567=CARTESIAN_POINT('',(161.979611985102,158.600002324581,31.0231260670847));
#9568=CARTESIAN_POINT('',(160.047910804552,158.600002324581,30.1993964093322));
#9569=CARTESIAN_POINT('Origin',(161.979611985102,156.000002324581,31.0231260670847));
#9570=CARTESIAN_POINT('Origin',(161.979611985102,156.000002324581,31.0231260670847));
#9571=CARTESIAN_POINT('Origin',(163.72449642248,139.000002071269,21.5775570574245));
#9572=CARTESIAN_POINT('',(163.72449642248,141.600002071269,21.5775570574245));
#9573=CARTESIAN_POINT('Origin',(163.72449642248,139.000002071269,21.5775570574244));
#9574=CARTESIAN_POINT('',(165.65619760303,141.600002071269,22.401286715177));
#9575=CARTESIAN_POINT('',(163.72449642248,141.600002071269,21.5775570574245));
#9576=CARTESIAN_POINT('Origin',(165.65619760303,139.000002071269,22.401286715177));
#9577=CARTESIAN_POINT('Origin',(165.65619760303,139.000002071269,22.401286715177));
#9578=CARTESIAN_POINT('Origin',(161.494937112575,150.,26.8060228659755));
#9579=CARTESIAN_POINT('',(174.143436591654,99.5635559392368,-2.85555499026845));
#9580=CARTESIAN_POINT('',(174.143436591654,200.436444060763,-2.85555499026843));
#9581=CARTESIAN_POINT('',(174.143436591654,124.35,-2.85555499026844));
#9582=CARTESIAN_POINT('',(172.925750668743,98.7,0.));
#9583=CARTESIAN_POINT('',(165.361230680591,93.3354096402587,17.7393056737527));
#9584=CARTESIAN_POINT('',(152.755750668743,132.645,47.3));
#9585=CARTESIAN_POINT('',(160.674233610501,119.318628980765,28.7306275089164));
#9586=CARTESIAN_POINT('',(152.755750668743,167.355,47.3));
#9587=CARTESIAN_POINT('',(152.755750668743,150.,47.3));
#9588=CARTESIAN_POINT('',(172.925750668743,201.3,0.));
#9589=CARTESIAN_POINT('',(164.435629242475,187.011592869873,19.9099029976437));
#9590=CARTESIAN_POINT('',(170.373889287592,203.109723681894,5.98428573765197));
#9591=CARTESIAN_POINT('Origin',(140.,150.,47.3));
#9592=CARTESIAN_POINT('',(154.93,132.645,47.3));
#9593=CARTESIAN_POINT('',(125.07,132.645,47.3));
#9594=CARTESIAN_POINT('',(154.93,167.355,47.3));
#9595=CARTESIAN_POINT('',(154.93,132.645,47.3));
#9596=CARTESIAN_POINT('',(154.93,167.355,47.3));
#9597=CARTESIAN_POINT('Origin',(104.9,98.7,0.));
#9598=CARTESIAN_POINT('',(175.1,98.7,0.));
#9599=CARTESIAN_POINT('',(104.9,98.7,0.));
#9600=CARTESIAN_POINT('',(175.1,98.7,0.));
#9601=CARTESIAN_POINT('Origin',(104.9,98.7,0.));
#9602=CARTESIAN_POINT('',(175.1,98.7,0.));
#9603=CARTESIAN_POINT('Origin',(163.763091637023,150.,39.3327094194349));
#9604=CARTESIAN_POINT('',(171.963551250611,117.365853057913,7.35518224323708));
#9605=CARTESIAN_POINT('',(171.963551250611,182.634151412436,7.35518224323708));
#9606=CARTESIAN_POINT('Origin',(171.964236324427,150.000002235174,7.35251081168484));
#9607=CARTESIAN_POINT('',(171.963551250611,108.032926528956,7.35518224323708));
#9608=CARTESIAN_POINT('Origin',(171.964620553151,150.000002235174,7.35267465721076));
#9609=CARTESIAN_POINT('Origin',(171.964620553151,150.000002235174,7.35267465721075));
#9610=CARTESIAN_POINT('Origin',(157.354314833209,137.30080310309,41.6148194540999));
#9611=CARTESIAN_POINT('',(156.38447122426,137.30080310309,43.8891676297714));
#9612=CARTESIAN_POINT('',(156.820010735594,135.23735469534,42.8677983245616));
#9613=CARTESIAN_POINT('Origin',(157.354314833209,137.30080310309,41.6148194540999));
#9614=CARTESIAN_POINT('',(155.464613519236,137.30080310309,43.496915411794));
#9615=CARTESIAN_POINT('',(156.38447122426,137.30080310309,43.8891676297714));
#9616=CARTESIAN_POINT('',(155.90015303057,135.23735469534,42.4755461065842));
#9617=CARTESIAN_POINT('Origin',(156.434457128185,137.30080310309,41.2225672361225));
#9618=CARTESIAN_POINT('',(156.820010735594,135.23735469534,42.8677983245616));
#9619=CARTESIAN_POINT('Origin',(156.38447122426,162.699864630201,43.8891676297715));
#9620=CARTESIAN_POINT('',(156.38447122426,162.699864630201,43.8891676297715));
#9621=CARTESIAN_POINT('',(156.38447122426,130.6999323151,43.8891676297714));
#9622=CARTESIAN_POINT('',(155.464613519236,162.699864630201,43.496915411794));
#9623=CARTESIAN_POINT('',(156.38447122426,162.699864630201,43.8891676297715));
#9624=CARTESIAN_POINT('',(155.464613519236,137.30080310309,43.496915411794));
#9625=CARTESIAN_POINT('Origin',(157.354314833209,162.699864630201,41.6148194540999));
#9626=CARTESIAN_POINT('',(156.820010735594,164.763313037951,42.8677983245616));
#9627=CARTESIAN_POINT('Origin',(157.354314833209,162.699864630201,41.6148194540999));
#9628=CARTESIAN_POINT('',(155.90015303057,164.763313037951,42.4755461065842));
#9629=CARTESIAN_POINT('',(156.820010735594,164.763313037951,42.8677983245616));
#9630=CARTESIAN_POINT('Origin',(156.434457128185,162.699864630201,41.2225672361225));
#9631=CARTESIAN_POINT('Origin',(170.022321054218,186.981775943955,11.9074969824236));
#9632=CARTESIAN_POINT('',(170.022321054218,186.981775943955,11.9074969824236));
#9633=CARTESIAN_POINT('',(163.829908655582,176.560426812078,26.4291185221097));
#9634=CARTESIAN_POINT('',(169.102463349194,186.981775943955,11.5152447644462));
#9635=CARTESIAN_POINT('',(170.022321054218,186.981775943955,11.9074969824236));
#9636=CARTESIAN_POINT('',(155.90015303057,164.763313037951,42.4755461065842));
#9637=CARTESIAN_POINT('Origin',(171.090929249449,182.854879128455,9.40153924150032));
#9638=CARTESIAN_POINT('',(173.030616467347,182.854879128455,4.85284289015724));
#9639=CARTESIAN_POINT('Origin',(171.090929249449,182.854879128455,9.40153924150031));
#9640=CARTESIAN_POINT('',(172.110758762323,182.854879128455,4.46059067217983));
#9641=CARTESIAN_POINT('',(173.030616467347,182.854879128455,4.85284289015724));
#9642=CARTESIAN_POINT('Origin',(170.171071544425,182.854879128455,9.0092870235229));
#9643=CARTESIAN_POINT('Origin',(173.030616467347,117.145788604837,4.85284289015722));
#9644=CARTESIAN_POINT('',(173.030616467347,117.145788604837,4.85284289015722));
#9645=CARTESIAN_POINT('',(173.030616467347,107.922894302418,4.85284289015721));
#9646=CARTESIAN_POINT('',(172.110758762323,117.145788604837,4.4605906721798));
#9647=CARTESIAN_POINT('',(173.030616467347,117.145788604837,4.85284289015722));
#9648=CARTESIAN_POINT('',(172.110758762323,117.145788604837,4.4605906721798));
#9649=CARTESIAN_POINT('Origin',(171.090929249449,117.145788604837,9.4015392415003));
#9650=CARTESIAN_POINT('',(170.022321054218,113.018891789336,11.9074969824236));
#9651=CARTESIAN_POINT('Origin',(171.090929249449,117.145788604837,9.4015392415003));
#9652=CARTESIAN_POINT('',(169.102463349194,113.018891789336,11.5152447644462));
#9653=CARTESIAN_POINT('',(170.022321054218,113.018891789336,11.9074969824236));
#9654=CARTESIAN_POINT('Origin',(170.171071544425,117.145788604837,9.00928702352288));
#9655=CARTESIAN_POINT('Origin',(156.820010735594,135.23735469534,42.8677983245616));
#9656=CARTESIAN_POINT('',(166.480627517786,118.979286944768,20.2130053747504));
#9657=CARTESIAN_POINT('',(155.90015303057,135.23735469534,42.4755461065842));
#9658=CARTESIAN_POINT('Origin',(169.755223030092,111.98737622534,12.533859726161));
#9659=CARTESIAN_POINT('',(169.755223030092,111.98737622534,12.533859726161));
#9660=CARTESIAN_POINT('',(156.552912711467,134.205839131344,43.4941610682989));
#9661=CARTESIAN_POINT('',(172.814684652972,106.838539927771,5.35921744741881));
#9662=CARTESIAN_POINT('',(168.835365325068,111.98737622534,12.1416075081836));
#9663=CARTESIAN_POINT('',(169.755223030092,111.98737622534,12.533859726161));
#9664=CARTESIAN_POINT('',(155.633055006444,134.205839131344,43.1019088503215));
#9665=CARTESIAN_POINT('',(155.633055006444,134.205839131344,43.1019088503215));
#9666=CARTESIAN_POINT('',(156.552912711467,134.205839131344,43.4941610682989));
#9667=CARTESIAN_POINT('Origin',(171.090929249449,117.145788604837,9.4015392415003));
#9668=CARTESIAN_POINT('',(173.515440208767,117.145788604837,3.71589876674771));
#9669=CARTESIAN_POINT('Origin',(171.090929249449,117.145788604837,9.4015392415003));
#9670=CARTESIAN_POINT('',(172.595582503744,117.145788604837,3.3236465487703));
#9671=CARTESIAN_POINT('',(173.515440208767,117.145788604837,3.71589876674771));
#9672=CARTESIAN_POINT('Origin',(170.171071544425,117.145788604837,9.00928702352288));
#9673=CARTESIAN_POINT('Origin',(173.515440208767,182.854879128455,3.71589876674773));
#9674=CARTESIAN_POINT('',(173.515440208767,182.854879128455,3.71589876674773));
#9675=CARTESIAN_POINT('',(173.515440208767,140.777439564227,3.71589876674771));
#9676=CARTESIAN_POINT('',(172.595582503744,182.854879128455,3.32364654877032));
#9677=CARTESIAN_POINT('',(173.515440208767,182.854879128455,3.71589876674773));
#9678=CARTESIAN_POINT('',(172.595582503744,117.145788604837,3.32364654877028));
#9679=CARTESIAN_POINT('Origin',(171.090929249449,182.854879128455,9.40153924150032));
#9680=CARTESIAN_POINT('',(169.755223030092,188.013291507951,12.533859726161));
#9681=CARTESIAN_POINT('Origin',(171.090929249449,182.854879128455,9.40153924150031));
#9682=CARTESIAN_POINT('',(168.835365325068,188.013291507951,12.1416075081836));
#9683=CARTESIAN_POINT('',(169.755223030092,188.013291507951,12.533859726161));
#9684=CARTESIAN_POINT('Origin',(170.171071544425,182.854879128455,9.0092870235229));
#9685=CARTESIAN_POINT('Origin',(156.552912711467,165.794828601947,43.4941610682989));
#9686=CARTESIAN_POINT('',(156.552912711467,165.794828601947,43.4941610682989));
#9687=CARTESIAN_POINT('',(156.961655472144,166.482710923072,42.535631936916));
#9688=CARTESIAN_POINT('',(155.633055006444,165.794828601947,43.1019088503215));
#9689=CARTESIAN_POINT('',(156.552912711467,165.794828601947,43.4941610682989));
#9690=CARTESIAN_POINT('',(155.633055006444,165.794828601947,43.1019088503215));
#9691=CARTESIAN_POINT('Origin',(157.354314833209,162.699864630201,41.6148194540999));
#9692=CARTESIAN_POINT('',(155.89964748284,162.699864630201,45.026111753181));
#9693=CARTESIAN_POINT('Origin',(157.354314833209,162.699864630201,41.6148194540999));
#9694=CARTESIAN_POINT('',(154.979789777816,162.699864630201,44.6338595352036));
#9695=CARTESIAN_POINT('',(155.89964748284,162.699864630201,45.026111753181));
#9696=CARTESIAN_POINT('Origin',(156.434457128185,162.699864630201,41.2225672361225));
#9697=CARTESIAN_POINT('Origin',(155.89964748284,137.30080310309,45.0261117531809));
#9698=CARTESIAN_POINT('',(155.89964748284,137.30080310309,45.0261117531809));
#9699=CARTESIAN_POINT('',(155.89964748284,118.000401551545,45.0261117531809));
#9700=CARTESIAN_POINT('',(154.979789777816,137.30080310309,44.6338595352035));
#9701=CARTESIAN_POINT('',(155.89964748284,137.30080310309,45.0261117531809));
#9702=CARTESIAN_POINT('',(154.979789777816,137.30080310309,44.6338595352035));
#9703=CARTESIAN_POINT('Origin',(157.354314833209,137.30080310309,41.6148194540999));
#9704=CARTESIAN_POINT('Origin',(157.354314833209,137.30080310309,41.6148194540999));
#9705=CARTESIAN_POINT('Origin',(156.434457128185,137.30080310309,41.2225672361225));
#9706=CARTESIAN_POINT('Origin',(163.78768614078,150.000333866646,23.9787530419869));
#9707=CARTESIAN_POINT('Origin',(175.1,98.7,0.));
#9708=CARTESIAN_POINT('',(175.1,201.3,0.));
#9709=CARTESIAN_POINT('',(175.1,98.7,0.));
#9710=CARTESIAN_POINT('',(175.1,201.3,0.));
#9711=CARTESIAN_POINT('Origin',(156.97794883006,136.784489561182,42.4974229220703));
#9712=CARTESIAN_POINT('',(158.6569661181,133.958833866646,38.5600150031666));
#9713=CARTESIAN_POINT('',(156.97794883006,136.784489561182,42.4974229220703));
#9714=CARTESIAN_POINT('',(166.723075250498,120.384198652902,19.6444492142513));
#9715=CARTESIAN_POINT('',(159.783791806754,133.958833866646,39.0405239701889));
#9716=CARTESIAN_POINT('',(158.6569661181,133.958833866646,38.5600150031666));
#9717=CARTESIAN_POINT('',(158.104774518714,136.784489561182,42.9779318890926));
#9718=CARTESIAN_POINT('',(159.783791806754,133.958833866646,39.0405239701889));
#9719=CARTESIAN_POINT('',(156.97794883006,136.784489561182,42.4974229220703));
#9720=CARTESIAN_POINT('Origin',(156.97794883006,163.216178172109,42.4974229220703));
#9721=CARTESIAN_POINT('',(156.97794883006,163.216178172109,42.4974229220703));
#9722=CARTESIAN_POINT('',(156.97794883006,130.958089086055,42.4974229220703));
#9723=CARTESIAN_POINT('',(158.104774518714,163.216178172109,42.9779318890926));
#9724=CARTESIAN_POINT('',(158.104774518714,136.784489561182,42.9779318890926));
#9725=CARTESIAN_POINT('',(156.97794883006,163.216178172109,42.4974229220703));
#9726=CARTESIAN_POINT('Origin',(158.6569661181,166.041833866646,38.5600150031665));
#9727=CARTESIAN_POINT('',(158.6569661181,166.041833866646,38.5600150031666));
#9728=CARTESIAN_POINT('',(158.310709873002,165.459111498211,39.3720090732276));
#9729=CARTESIAN_POINT('',(159.783791806754,166.041833866646,39.0405239701889));
#9730=CARTESIAN_POINT('',(158.104774518714,163.216178172109,42.9779318890926));
#9731=CARTESIAN_POINT('',(158.6569661181,166.041833866646,38.5600150031666));
#9732=CARTESIAN_POINT('Origin',(158.6569661181,133.958833866646,38.5600150031666));
#9733=CARTESIAN_POINT('',(158.6569661181,116.329416933323,38.5600150031665));
#9734=CARTESIAN_POINT('',(159.783791806754,133.958833866646,39.0405239701889));
#9735=CARTESIAN_POINT('Origin',(158.944283162734,150.000333866646,41.0092279296408));
#9736=CARTESIAN_POINT('Origin',(175.1,98.7,0.));
#9737=CARTESIAN_POINT('Origin',(175.1,201.3,0.));
#9738=CARTESIAN_POINT('',(175.1,201.3,0.));
#9739=CARTESIAN_POINT('Origin',(175.1,98.7,0.));
#9740=CARTESIAN_POINT('',(175.1,201.3,0.));
#9741=CARTESIAN_POINT('Origin',(175.1,201.3,0.));
#9742=CARTESIAN_POINT('Origin',(100.,150.,-1.02));
#9743=CARTESIAN_POINT('',(100.,150.,13.98));
#9744=CARTESIAN_POINT('',(100.,150.,-16.02));
#9745=CARTESIAN_POINT('Origin',(100.,150.,-1.02));
#9746=CARTESIAN_POINT('',(-5.32907051820075E-14,-0.00358544930520566,-1.15463194561016E-13));
#9747=CARTESIAN_POINT('',(1.77635683940025E-15,0.,0.));
#9748=CARTESIAN_POINT('',(25.0000000000001,-1.06581410364015E-13,-2.66453525910038E-14));
#9749=CARTESIAN_POINT('',(-40.,-3.5527136788005E-14,-1.77635683940025E-14));
#9750=CARTESIAN_POINT('',(-97.6756598283813,-141.362631150847,-79.8391605351965));
#9751=CARTESIAN_POINT('Origin',(0.,0.,0.));
#9752=UNCERTAINTY_MEASURE_WITH_UNIT(LENGTH_MEASURE(0.01),#9770,
'DISTANCE_ACCURACY_VALUE',
'Maximum model space distance between geometric entities at asserted c
onnectivities');
#9753=UNCERTAINTY_MEASURE_WITH_UNIT(LENGTH_MEASURE(0.01),#9770,
'DISTANCE_ACCURACY_VALUE',
'Maximum model space distance between geometric entities at asserted c
onnectivities');
#9754=UNCERTAINTY_MEASURE_WITH_UNIT(LENGTH_MEASURE(0.01),#9770,
'DISTANCE_ACCURACY_VALUE',
'Maximum model space distance between geometric entities at asserted c
onnectivities');
#9755=UNCERTAINTY_MEASURE_WITH_UNIT(LENGTH_MEASURE(0.01),#9770,
'DISTANCE_ACCURACY_VALUE',
'Maximum model space distance between geometric entities at asserted c
onnectivities');
#9756=UNCERTAINTY_MEASURE_WITH_UNIT(LENGTH_MEASURE(0.01),#9770,
'DISTANCE_ACCURACY_VALUE',
'Maximum model space distance between geometric entities at asserted c
onnectivities');
#9757=UNCERTAINTY_MEASURE_WITH_UNIT(LENGTH_MEASURE(0.01),#9770,
'DISTANCE_ACCURACY_VALUE',
'Maximum model space distance between geometric entities at asserted c
onnectivities');
#9758=UNCERTAINTY_MEASURE_WITH_UNIT(LENGTH_MEASURE(0.01),#9770,
'DISTANCE_ACCURACY_VALUE',
'Maximum model space distance between geometric entities at asserted c
onnectivities');
#9759=UNCERTAINTY_MEASURE_WITH_UNIT(LENGTH_MEASURE(0.01),#9770,
'DISTANCE_ACCURACY_VALUE',
'Maximum model space distance between geometric entities at asserted c
onnectivities');
#9760=UNCERTAINTY_MEASURE_WITH_UNIT(LENGTH_MEASURE(0.01),#9770,
'DISTANCE_ACCURACY_VALUE',
'Maximum model space distance between geometric entities at asserted c
onnectivities');
#9761=(
GEOMETRIC_REPRESENTATION_CONTEXT(3)
GLOBAL_UNCERTAINTY_ASSIGNED_CONTEXT((#9752))
GLOBAL_UNIT_ASSIGNED_CONTEXT((#9770,#9772,#9773))
REPRESENTATION_CONTEXT('','3D')
);
#9762=(
GEOMETRIC_REPRESENTATION_CONTEXT(3)
GLOBAL_UNCERTAINTY_ASSIGNED_CONTEXT((#9753))
GLOBAL_UNIT_ASSIGNED_CONTEXT((#9770,#9772,#9773))
REPRESENTATION_CONTEXT('','3D')
);
#9763=(
GEOMETRIC_REPRESENTATION_CONTEXT(3)
GLOBAL_UNCERTAINTY_ASSIGNED_CONTEXT((#9754))
GLOBAL_UNIT_ASSIGNED_CONTEXT((#9770,#9772,#9773))
REPRESENTATION_CONTEXT('','3D')
);
#9764=(
GEOMETRIC_REPRESENTATION_CONTEXT(3)
GLOBAL_UNCERTAINTY_ASSIGNED_CONTEXT((#9755))
GLOBAL_UNIT_ASSIGNED_CONTEXT((#9770,#9772,#9773))
REPRESENTATION_CONTEXT('','3D')
);
#9765=(
GEOMETRIC_REPRESENTATION_CONTEXT(3)
GLOBAL_UNCERTAINTY_ASSIGNED_CONTEXT((#9756))
GLOBAL_UNIT_ASSIGNED_CONTEXT((#9770,#9772,#9773))
REPRESENTATION_CONTEXT('','3D')
);
#9766=(
GEOMETRIC_REPRESENTATION_CONTEXT(3)
GLOBAL_UNCERTAINTY_ASSIGNED_CONTEXT((#9757))
GLOBAL_UNIT_ASSIGNED_CONTEXT((#9770,#9772,#9773))
REPRESENTATION_CONTEXT('','3D')
);
#9767=(
GEOMETRIC_REPRESENTATION_CONTEXT(3)
GLOBAL_UNCERTAINTY_ASSIGNED_CONTEXT((#9758))
GLOBAL_UNIT_ASSIGNED_CONTEXT((#9770,#9772,#9773))
REPRESENTATION_CONTEXT('','3D')
);
#9768=(
GEOMETRIC_REPRESENTATION_CONTEXT(3)
GLOBAL_UNCERTAINTY_ASSIGNED_CONTEXT((#9759))
GLOBAL_UNIT_ASSIGNED_CONTEXT((#9770,#9772,#9773))
REPRESENTATION_CONTEXT('','3D')
);
#9769=(
GEOMETRIC_REPRESENTATION_CONTEXT(3)
GLOBAL_UNCERTAINTY_ASSIGNED_CONTEXT((#9760))
GLOBAL_UNIT_ASSIGNED_CONTEXT((#9770,#9772,#9773))
REPRESENTATION_CONTEXT('','3D')
);
#9770=(
LENGTH_UNIT()
NAMED_UNIT(*)
SI_UNIT(.MILLI.,.METRE.)
);
#9771=(
LENGTH_UNIT()
NAMED_UNIT(*)
SI_UNIT($,.METRE.)
);
#9772=(
NAMED_UNIT(*)
PLANE_ANGLE_UNIT()
SI_UNIT($,.RADIAN.)
);
#9773=(
NAMED_UNIT(*)
SI_UNIT($,.STERADIAN.)
SOLID_ANGLE_UNIT()
);
#9774=SHAPE_DEFINITION_REPRESENTATION(#9782,#9797);
#9775=SHAPE_DEFINITION_REPRESENTATION(#9783,#9798);
#9776=SHAPE_DEFINITION_REPRESENTATION(#9784,#9799);
#9777=SHAPE_DEFINITION_REPRESENTATION(#9785,#9800);
#9778=SHAPE_DEFINITION_REPRESENTATION(#9786,#9801);
#9779=SHAPE_DEFINITION_REPRESENTATION(#9789,#9802);
#9780=SHAPE_DEFINITION_REPRESENTATION(#9790,#9803);
#9781=SHAPE_DEFINITION_REPRESENTATION(#9791,#9804);
#9782=PRODUCT_DEFINITION_SHAPE('',$,#9806);
#9783=PRODUCT_DEFINITION_SHAPE('',$,#9807);
#9784=PRODUCT_DEFINITION_SHAPE('',$,#9808);
#9785=PRODUCT_DEFINITION_SHAPE('',$,#9809);
#9786=PRODUCT_DEFINITION_SHAPE('',$,#9810);
#9787=PRODUCT_DEFINITION_SHAPE($,$,#41);
#9788=PRODUCT_DEFINITION_SHAPE($,$,#42);
#9789=PRODUCT_DEFINITION_SHAPE('',$,#9811);
#9790=PRODUCT_DEFINITION_SHAPE('',$,#9812);
#9791=PRODUCT_DEFINITION_SHAPE('',$,#9813);
#9792=PRODUCT_DEFINITION_SHAPE($,$,#43);
#9793=PRODUCT_DEFINITION_SHAPE($,$,#44);
#9794=PRODUCT_DEFINITION_SHAPE($,$,#45);
#9795=PRODUCT_DEFINITION_SHAPE($,$,#46);
#9796=PRODUCT_DEFINITION_SHAPE($,$,#47);
#9797=SHAPE_REPRESENTATION('',(#5631,#6110),#9761);
#9798=SHAPE_REPRESENTATION('',(#5632,#6106,#6107,#6108,#6109),#9762);
#9799=SHAPE_REPRESENTATION('',(#5633,#5796,#5797),#9763);
#9800=SHAPE_REPRESENTATION('',(#5634),#9764);
#9801=SHAPE_REPRESENTATION('',(#5674),#9765);
#9802=SHAPE_REPRESENTATION('',(#5798),#9766);
#9803=SHAPE_REPRESENTATION('',(#5968),#9767);
#9804=SHAPE_REPRESENTATION('',(#6036),#9768);
#9805=PRODUCT_DEFINITION_CONTEXT('part definition',#9831,'design');
#9806=PRODUCT_DEFINITION('2026-07-03-15-17-16-731',
'R2''s decorative elements for printing',#9814,#9805);
#9807=PRODUCT_DEFINITION('2026-06-19-20-45-27-424','Stardance projekt',
#9815,#9805);
#9808=PRODUCT_DEFINITION('2026-07-22-17-33-37-660',
'center ankle (new) component',#9816,#9805);
#9809=PRODUCT_DEFINITION('2026-08-12-17-32-40-398',
'center ankle (side panel1)',#9817,#9805);
#9810=PRODUCT_DEFINITION('2026-08-12-18-17-17-719',
'center ankle (side panel2)',#9818,#9805);
#9811=PRODUCT_DEFINITION('2026-07-22-17-34-26-400',
'center foot component',#9819,#9805);
#9812=PRODUCT_DEFINITION('2026-07-22-18-22-59-960',
'center foot panel 2',#9820,#9805);
#9813=PRODUCT_DEFINITION('2026-07-22-18-23-10-950',
' center foot panel 1',#9821,#9805);
#9814=PRODUCT_DEFINITION_FORMATION('',$,#9833);
#9815=PRODUCT_DEFINITION_FORMATION('',$,#9834);
#9816=PRODUCT_DEFINITION_FORMATION('',$,#9835);
#9817=PRODUCT_DEFINITION_FORMATION('',$,#9836);
#9818=PRODUCT_DEFINITION_FORMATION('',$,#9837);
#9819=PRODUCT_DEFINITION_FORMATION('',$,#9838);
#9820=PRODUCT_DEFINITION_FORMATION('',$,#9839);
#9821=PRODUCT_DEFINITION_FORMATION('',$,#9840);
#9822=PRODUCT_RELATED_PRODUCT_CATEGORY(
'R2''s decorative elements for printing',
'R2''s decorative elements for printing',(#9833));
#9823=PRODUCT_RELATED_PRODUCT_CATEGORY('Stardance projekt',
'Stardance projekt',(#9834));
#9824=PRODUCT_RELATED_PRODUCT_CATEGORY('center ankle (new) component',
'center ankle (new) component',(#9835));
#9825=PRODUCT_RELATED_PRODUCT_CATEGORY('center ankle (side panel1)',
'center ankle (side panel1)',(#9836));
#9826=PRODUCT_RELATED_PRODUCT_CATEGORY('center ankle (side panel2)',
'center ankle (side panel2)',(#9837));
#9827=PRODUCT_RELATED_PRODUCT_CATEGORY('center foot component',
'center foot component',(#9838));
#9828=PRODUCT_RELATED_PRODUCT_CATEGORY('center foot panel 2',
'center foot panel 2',(#9839));
#9829=PRODUCT_RELATED_PRODUCT_CATEGORY(' center foot panel 1',
' center foot panel 1',(#9840));
#9830=APPLICATION_PROTOCOL_DEFINITION('international standard',
'automotive_design',2009,#9831);
#9831=APPLICATION_CONTEXT(
'Core Data for Automotive Mechanical Design Process');
#9832=PRODUCT_CONTEXT('part definition',#9831,'mechanical');
#9833=PRODUCT('2026-07-03-15-17-16-731',
'R2''s decorative elements for printing',$,(#9832));
#9834=PRODUCT('2026-06-19-20-45-27-424','Stardance projekt',$,(#9832));
#9835=PRODUCT('2026-07-22-17-33-37-660','center ankle (new) component',
$,(#9832));
#9836=PRODUCT('2026-08-12-17-32-40-398','center ankle (side panel1)',$,
(#9832));
#9837=PRODUCT('2026-08-12-18-17-17-719','center ankle (side panel2)',$,
(#9832));
#9838=PRODUCT('2026-07-22-17-34-26-400','center foot component',$,(#9832));
#9839=PRODUCT('2026-07-22-18-22-59-960','center foot panel 2',$,(#9832));
#9840=PRODUCT('2026-07-22-18-23-10-950',' center foot panel 1',$,(#9832));
#9841=PRESENTATION_STYLE_ASSIGNMENT((#9847));
#9842=PRESENTATION_STYLE_ASSIGNMENT((#9848));
#9843=PRESENTATION_STYLE_ASSIGNMENT((#9849));
#9844=PRESENTATION_STYLE_ASSIGNMENT((#9850));
#9845=PRESENTATION_STYLE_ASSIGNMENT((#9851));
#9846=PRESENTATION_STYLE_ASSIGNMENT((NULL_STYLE(.NULL.)));
#9847=SURFACE_STYLE_USAGE(.BOTH.,#9852);
#9848=SURFACE_STYLE_USAGE(.BOTH.,#9853);
#9849=SURFACE_STYLE_USAGE(.BOTH.,#9854);
#9850=SURFACE_STYLE_USAGE(.BOTH.,#9855);
#9851=SURFACE_STYLE_USAGE(.BOTH.,#9856);
#9852=SURFACE_SIDE_STYLE('',(#9857));
#9853=SURFACE_SIDE_STYLE('',(#9858));
#9854=SURFACE_SIDE_STYLE('',(#9859));
#9855=SURFACE_SIDE_STYLE('',(#9860));
#9856=SURFACE_SIDE_STYLE('',(#9861));
#9857=SURFACE_STYLE_FILL_AREA(#9862);
#9858=SURFACE_STYLE_FILL_AREA(#9863);
#9859=SURFACE_STYLE_FILL_AREA(#9864);
#9860=SURFACE_STYLE_FILL_AREA(#9865);
#9861=SURFACE_STYLE_FILL_AREA(#9866);
#9862=FILL_AREA_STYLE('Steel - Satin',(#9867));
#9863=FILL_AREA_STYLE('Paint - Enamel Glossy (White)',(#9868));
#9864=FILL_AREA_STYLE('Opaque(233,157,76)',(#9869));
#9865=FILL_AREA_STYLE('Paint - Enamel Glossy (Grey)',(#9870));
#9866=FILL_AREA_STYLE('Paint - Enamel Glossy (Red)',(#9871));
#9867=FILL_AREA_STYLE_COLOUR('Steel - Satin',#9872);
#9868=FILL_AREA_STYLE_COLOUR('Paint - Enamel Glossy (White)',#9873);
#9869=FILL_AREA_STYLE_COLOUR('Opaque(233,157,76)',#9874);
#9870=FILL_AREA_STYLE_COLOUR('Paint - Enamel Glossy (Grey)',#9875);
#9871=FILL_AREA_STYLE_COLOUR('Paint - Enamel Glossy (Red)',#9876);
#9872=COLOUR_RGB('Steel - Satin',0.627450980392157,0.627450980392157,0.627450980392157);
#9873=COLOUR_RGB('Paint - Enamel Glossy (White)',0.964705882352941,0.964705882352941,
0.952941176470588);
#9874=COLOUR_RGB('Opaque(233,157,76)',0.913725490196078,0.615686274509804,
0.298039215686275);
#9875=COLOUR_RGB('Paint - Enamel Glossy (Grey)',0.701960784313725,0.701960784313725,
0.701960784313725);
#9876=COLOUR_RGB('Paint - Enamel Glossy (Red)',0.768627450980392,0.207843137254902,
0.152941176470588);
ENDSEC;
END-ISO-10303-21;
